t,leader_x,leader_y,leader_th,v_leader,w_leader,follower_x,follower_y,follower_th,v_follower,w_follower,goal_x,goal_y,reward,reason
0.2,7.099919664378709,0.996787189973463,-0.08571428571428541,0.5,-0.4285714285714286,6.189116965070136,1.010068169542257,0.3000000000000007,0.45,1.5,9.889778816465983,0.8499645849885666,0.5094352515376344,
0.4,7.1991974549638105,0.9850321155644627,-0.17142857142857082,0.5,-0.4285714285714286,6.2712783060579405,1.0460225232192364,0.6000000000000014,0.45,1.5,9.889778816465983,0.8499645849885666,0.46998803335793166,
0.6000000000000001,7.297104430360749,0.9648210877221276,-0.25714285714285623,0.5,-0.4285714285714286,6.339144795070085,1.104651365698071,0.9000000000000021,0.45,1.5,9.889778816465983,0.8499645849885666,0.39073021132118846,
0.8,7.392921714305639,0.9363025047411212,-0.34285714285714164,0.5,-0.4285714285714286,6.38665412076657,1.1807175570915478,1.2000000000000028,0.45,1.5,9.889778816465983,0.8499645849885666,-0.24926098864905688,
1.0,7.485945773972362,0.8996857626558074,-0.42857142857142705,0.5,-0.4285714285714286,6.38665412076657,1.1807175570915478,1.0000000000000036,0.0,-1.0,9.889778816465983,0.8499645849885666,-0.4563463715874419,
1.2,7.5754935856213566,0.8552397177620653,-0.5142857142857125,0.5,-0.4285714285714286,6.443276295025871,1.2502670422326543,0.7000000000000028,0.45,-1.5,9.889778816465983,0.8499645849885666,-0.6001410273873076,
1.4,7.660907649661646,0.8032907125555968,-0.5999999999999979,0.5,-0.4285714285714286,6.517690445970566,1.3003747152562022,0.4136630091867364,0.45,-1.4316849540663341,9.889778816465983,0.8499645849885666,-0.7185308156573043,
1.5999999999999999,7.7415608183032845,0.7442201795811614,-0.6857142857142833,0.5,-0.4285714285714286,6.602697951168274,1.329381522561551,0.1874614885386503,0.45,-1.1310076032404286,9.889778816465983,0.8499645849885666,-0.8186996942424044,
1.7999999999999998,7.7415608183032845,0.7442201795811614,-0.7071428571428546,0.5,-0.4285714285714286,6.691936059013093,1.3401631215577177,0.008192343772060795,0.45,-0.8963457238329439,9.889778816465983,0.8499645849885666,-0.6740437110923991,
1.9999999999999998,7.7415608183032845,0.7442201795811614,-0.728571428571426,0.5,-0.4285714285714286,6.781771797541307,1.3360842886172966,-0.13464609919084936,0.45,-0.7141922148145473,9.889778816465983,0.8499645849885666,-0.5173859862648711,
2.1999999999999997,7.7415608183032845,0.7442201795811614,-0.7499999999999973,0.5,-0.4285714285714286,6.870308633368303,1.3201819665880736,-0.24950335346246533,0.45,-0.5742862713580776,9.889778816465983,0.8499645849885666,-0.35315082613758897,
2.4,7.7415608183032845,0.7442201795811614,-0.7714285714285687,0.5,-0.4285714285714286,6.9566577159807705,1.2949177159061493,-0.34319614146431476,0.45,-0.4684639400092469,9.889778816465983,0.8499645849885666,0.3159015070608988,
2.6,7.7415608183032845,0.7442201795811614,-0.79285714285714,0.5,-0.4285714285714286,7.040502991896223,1.2622620780391511,-0.41840721282302695,0.45,-0.3760553567935629,9.889778816465983,0.8499645849885666,0.3747908224546521,
2.8000000000000003,7.7415608183032845,0.7442201795811614,-0.8142857142857114,0.5,-0.4285714285714286,7.121869084897957,1.2238276946650288,-0.4794415830122265,0.45,-0.3051718509459994,9.889778816465983,0.8499645849885666,-20.303522985432373,
3.0000000000000004,7.7415608183032845,0.7442201795811614,-0.8357142857142827,0.5,-0.4285714285714286,7.121869084897957,1.2238276946650288,-0.5296201672177929,0.0,-0.25089292102783506,9.889778816465983,0.8499645849885666,-20.305664533194232,
3.2000000000000006,7.7415608183032845,0.7442201795811614,-0.8571428571428541,0.5,-0.4285714285714286,7.121869084897957,1.2238276946650288,-0.5657487478458023,0.0,-0.18064290314004205,9.889778816465983,0.8499645849885666,-20.307804008390832,
3.400000000000001,7.7415608183032845,0.7442201795811614,-0.8785714285714255,0.5,-0.4285714285714286,7.121869084897957,1.2238276946650288,-0.5917613258979681,0.0,-0.1300628902608289,9.889778816465983,0.8499645849885666,-20.309940429594445,
3.600000000000001,7.7415608183032845,0.7442201795811614,-0.8999999999999968,0.5,-0.4285714285714286,7.121869084897957,1.2238276946650288,-0.6104903820955272,0.0,-0.09364528098779673,9.889778816465983,0.8499645849885666,-20.31207281481855,
3.800000000000001,7.7415608183032845,0.7442201795811614,-0.9214285714285682,0.5,-0.4285714285714286,7.121869084897957,1.2238276946650288,-0.6239753025577706,0.0,-0.06742460231121407,9.889778816465983,0.8499645849885666,-20.31420018505685,
4.000000000000001,7.7415608183032845,0.7442201795811614,-0.9428571428571395,0.5,-0.4285714285714286,7.121869084897957,1.2238276946650288,-0.6336844452905854,0.0,-0.04854571366407336,9.889778816465983,0.8499645849885666,-20.316321565028357,
4.200000000000001,7.7415608183032845,0.7442201795811614,-0.9642857142857109,0.5,-0.4285714285714286,7.121869084897957,1.2238276946650288,-0.6406750280582116,0.0,-0.034952913838132545,9.889778816465983,0.8499645849885666,-20.318435978707,
4.400000000000001,7.7415608183032845,0.7442201795811614,-0.9857142857142822,0.5,-0.4285714285714286,7.121869084897957,1.2238276946650288,-0.6457082476509033,0.0,-0.025166097963455855,9.889778816465983,0.8499645849885666,-20.320542444106266,
4.600000000000001,7.7415608183032845,0.7442201795811614,-1.0071428571428536,0.5,-0.4285714285714286,7.121869084897957,1.2238276946650288,-0.6493321657576399,0.0,-0.018119590533687543,9.889778816465983,0.8499645849885666,-20.32264001798265,
4.800000000000002,7.7415608183032845,0.7442201795811614,-1.028571428571425,0.5,-0.4285714285714286,7.121869084897957,1.2238276946650288,-0.6519413867944905,0.0,-0.01304610518425635,9.889778816465983,0.8499645849885666,-20.324727724310087,
5.000000000000002,7.7415608183032845,0.7442201795811614,-1.0499999999999963,0.5,-0.4285714285714286,7.121869084897957,1.2238276946650288,-0.6538200259410232,0.0,-0.009393195732665394,9.889778816465983,0.8499645849885666,-20.326804604943916,
5.200000000000002,7.7415608183032845,0.7442201795811614,-1.0714285714285676,0.5,-0.4285714285714286,7.121869084897957,1.2238276946650288,-0.6551726461265268,0.0,-0.0067631009275197045,9.889778816465983,0.8499645849885666,-20.328869706209826,
5.400000000000002,7.7415608183032845,0.7442201795811614,-1.092857142857139,0.5,-0.4285714285714286,7.121869084897957,1.2238276946650288,-0.6561465326600899,0.0,-0.00486943266781461,9.889778816465983,0.8499645849885666,-20.330922081884072,
5.600000000000002,7.7415608183032845,0.7442201795811614,-1.1142857142857103,0.5,-0.4285714285714286,7.121869084897957,1.2238276946650288,-0.6568477309642553,0.0,-0.003505991520826246,9.889778816465983,0.8499645849885666,-20.33296078723304,
5.8000000000000025,7.7415608183032845,0.7442201795811614,-1.1357142857142817,0.5,-0.4285714285714286,7.121869084897957,1.2238276946650288,-0.6573525937432549,0.0,-0.0025243138949947227,9.889778816465983,0.8499645849885666,-20.334984886463808,
6.000000000000003,7.7415608183032845,0.7442201795811614,-1.157142857142853,0.5,-0.4285714285714286,7.121869084897957,1.2238276946650288,-0.657716094944135,0.0,-0.0018175060043952305,9.889778816465983,0.8499645849885666,-20.336993452724144,
6.200000000000003,7.7415608183032845,0.7442201795811614,-1.1785714285714244,0.5,-0.4285714285714286,7.121869084897957,1.2238276946650288,-0.657977815808767,0.0,-0.0013086043231631981,9.889778816465983,0.8499645849885666,-20.338985550221132,
6.400000000000003,7.7415608183032845,0.7442201795811614,-1.1999999999999957,0.5,-0.4285714285714286,7.121869084897957,1.2238276946650288,-0.6581662548313023,0.0,-0.0009421951126783234,9.889778816465983,0.8499645849885666,-20.340960284885096,
6.600000000000003,7.7415608183032845,0.7442201795811614,-1.221428571428567,0.5,-0.4285714285714286,7.121869084897957,1.2238276946650288,-0.6583019309275286,0.0,-0.000678380481128915,9.889778816465983,0.8499645849885666,-20.342916741784737,
6.800000000000003,7.7415608183032845,0.7442201795811614,-1.2428571428571384,0.5,-0.4285714285714286,7.121869084897957,1.2238276946650288,-0.6583996177168103,0.0,-0.0004884339464120479,9.889778816465983,0.8499645849885666,-20.344854020889926,
7.0000000000000036,7.749613136363751,0.7205524764003901,-1.2857142857142811,0.5,-0.4285714285714286,7.121869084897957,1.2238276946650288,-0.6584699522050936,0.0,-0.00035167244141769415,9.889778816465983,0.8499645849885666,0.1880884977019563,
7.200000000000004,7.749613136363751,0.7205524764003901,-1.3071428571428525,0.5,-0.4285714285714286,7.121869084897957,1.2238276946650288,-0.6585205930366573,0.0,-0.00025320415782106306,9.889778816465983,0.8499645849885666,0.18627966362602855,
7.400000000000004,7.749613136363751,0.7205524764003901,-1.3285714285714239,0.5,-0.4285714285714286,7.121869084897957,1.2238276946650288,-0.6585570544353843,0.0,-0.00018230699363188662,9.889778816465983,0.8499645849885666,0.18449584561951304,
7.600000000000004,7.749613136363751,0.7205524764003901,-1.3499999999999952,0.5,-0.4285714285714286,7.121869084897957,1.2238276946650288,-0.6585833066424662,0.0,-0.00013126103541418743,9.889778816465983,0.8499645849885666,0.18273786622650767,
7.800000000000004,7.749613136363751,0.7205524764003901,-1.3714285714285666,0.5,-0.4285714285714286,7.192946800222543,1.1686195096105552,-0.6634009267228222,0.45,-0.024088100401784194,9.889778816465983,0.8499645849885666,-20.498969313319847,
8.000000000000004,7.749613136363751,0.7205524764003901,-1.5714285714285667,0.0,-1.0,7.192946800222543,1.1686195096105552,-0.6674126418560569,0.0,-0.02005857566617246,9.889778816465983,0.8499645849885666,-20.520816349983214,
8.200000000000003,7.749613136363751,0.7205524764003901,-1.771428571428567,0.0,-1.0,7.192946800222543,1.1686195096105552,-0.6703010767519864,0.0,-0.014442174479643998,9.889778816465983,0.8499645849885666,-20.520816349983214,
8.400000000000002,7.749613136363751,0.7205524764003901,-1.971428571428567,0.0,-1.0,7.192946800222543,1.1686195096105552,-0.6723807498770551,0.0,-0.010398365625342708,9.889778816465983,0.8499645849885666,-20.520816349983214,
8.600000000000001,7.749613136363751,0.7205524764003901,-2.1714285714285664,0.0,-1.0,7.192946800222543,1.1686195096105552,-0.6738781145271044,0.0,-0.007486823250246476,9.889778816465983,0.8499645849885666,-20.520816349983214,
8.8,7.749613136363751,0.7205524764003901,-2.3714285714285657,0.0,-1.0,7.192946800222543,1.1686195096105552,-0.67495621707514,0.0,-0.005390512740177388,9.889778816465983,0.8499645849885666,-20.520816349983214,
9.0,7.675654228627535,0.6532892513492049,-2.457142857142851,0.5,-0.4285714285714286,7.192946800222543,1.1686195096105552,-0.6757324509097256,0.0,-0.003881169172927645,9.889778816465983,0.8499645849885666,-20.555275085385965,
9.2,7.597507070350419,0.5909002786550179,-2.4857142857142795,0.5,-0.1428571428571429,7.192946800222543,1.1686195096105552,-0.6762913392706267,0.0,-0.00279444180450783,9.889778816465983,0.8499645849885666,-20.540522457142266,
9.399999999999999,7.517609507138664,0.5307692412995196,-2.514285714285708,0.5,-0.1428571428571429,7.192946800222543,1.1686195096105552,-0.6766937388904761,0.0,-0.0020119980992462593,9.889778816465983,0.8499645849885666,-20.51955673195878,
9.599999999999998,7.436026757056067,0.4729452225046855,-2.5428571428571365,0.5,-0.1428571428571429,7.192946800222543,1.1686195096105552,-0.6769834666167664,0.0,-0.001448638631457033,9.889778816465983,0.8499645849885666,-20.477035791654977,
9.799999999999997,7.352825413735598,0.41747542234014423,-2.571428571428565,0.5,-0.1428571428571429,7.192946800222543,1.1686195096105552,-0.7164886763717639,0.0,-0.19752604877498461,9.889778816465983,0.8499645849885666,-20.41477909781495,
9.999999999999996,7.268073392020946,0.36440511919512963,-2.5999999999999934,0.5,-0.1428571428571429,7.192946800222543,1.1686195096105552,-0.7846405485941315,0.0,-0.3407593611118357,9.889778816465983,0.8499645849885666,0.16489175460776506,
10.199999999999996,7.1818398725296015,0.3137776328190445,-2.628571428571422,0.5,-0.1428571428571429,7.192946800222543,1.1686195096105552,-0.8729351757118717,0.0,-0.44147313558869994,9.889778816465983,0.8499645849885666,0.25949175856551343,
10.399999999999995,7.093206417865803,0.2675350962084664,-2.7142857142857073,0.5,-0.4285714285714286,7.192946800222543,1.1686195096105552,-0.9742129673916935,0.0,-0.5063889583991076,9.889778816465983,0.8499645849885666,0.321619174066855,
10.599999999999994,7.070454290102763,0.25717456136443884,-2.75714285714285,0.5,-0.4285714285714286,7.192946800222543,1.1686195096105552,-1.082535496597819,0.0,-0.5416126460306268,9.889778816465983,0.8499645849885666,0.2965228648818269,
10.799999999999994,7.070454290102763,0.25717456136443884,-2.7785714285714214,0.5,-0.4285714285714286,7.2318134503498825,1.0874921956418908,-1.1931677037908792,0.45,-0.5531610359653036,9.889778816465983,0.8499645849885666,0.2281378837264314,
10.999999999999993,7.070454290102763,0.25717456136443884,-2.7857142857142785,0.5,-0.1428571428571429,7.2318134503498825,1.0874921956418908,-1.3169635985728116,0.0,-0.6189794739096612,9.889778816465983,0.8499645849885666,0.24468554161032852,
11.199999999999992,7.070454290102763,0.25717456136443884,-2.7928571428571356,0.5,-0.1428571428571429,7.250529200596641,0.9995097039489598,-1.4349252080400512,0.45,-0.5898080473361986,9.889778816465983,0.8499645849885666,-20.419062400837333,
11.399999999999991,7.070454290102763,0.25717456136443884,-2.7999999999999927,0.5,-0.1428571428571429,7.250529200596641,0.9995097039489598,-1.5396041042396464,0.0,-0.5233944809979743,9.889778816465983,0.8499645849885666,-20.418831587810907,
11.59999999999999,7.070454290102763,0.25717456136443884,-2.80714285714285,0.5,-0.1428571428571429,7.250529200596641,0.9995097039489598,-1.6149729095033547,0.0,-0.3768440263185409,9.889778816465983,0.8499645849885666,-20.41859595872918,
11.79999999999999,7.070454290102763,0.25717456136443884,-2.814285714285707,0.5,-0.1428571428571429,7.250529200596641,0.9995097039489598,-1.6692384492932244,0.0,-0.2713276989493494,9.889778816465983,0.8499645849885666,-20.41835550763169,
11.99999999999999,7.070454290102763,0.25717456136443884,-2.821428571428564,0.5,-0.1428571428571429,7.250529200596641,0.9995097039489598,-1.7083096379419307,0.0,-0.19535594324353178,9.889778816465983,0.8499645849885666,-20.418110264320763,
12.199999999999989,7.070454290102763,0.25717456136443884,-2.828571428571421,0.5,-0.1428571428571429,7.250529200596641,0.9995097039489598,-1.7364408937689997,0.0,-0.14065627913534298,9.889778816465983,0.8499645849885666,-20.417860240717324,
12.399999999999988,7.070454290102763,0.25717456136443884,-2.8357142857142783,0.5,-0.1428571428571429,7.250529200596641,0.9995097039489598,-1.756695397964489,0.0,-0.1012725209774464,9.889778816465983,0.8499645849885666,-20.417605436821372,
12.599999999999987,7.070454290102763,0.25717456136443884,-2.8428571428571354,0.5,-0.1428571428571429,7.250529200596641,0.9995097039489598,-1.771278640985241,0.0,-0.07291621510376131,9.889778816465983,0.8499645849885666,-20.417345870514307,
12.799999999999986,7.070454290102763,0.25717456136443884,-2.8499999999999925,0.5,-0.1428571428571429,7.250529200596641,0.9995097039489598,-1.7817785759601823,0.0,-0.052499674874708545,9.889778816465983,0.8499645849885666,-20.41708156563798,
12.999999999999986,7.070454290102763,0.25717456136443884,-2.8571428571428497,0.5,-0.1428571428571429,7.250529200596641,0.9995097039489598,-1.7893385291421402,0.0,-0.03779976590979075,9.889778816465983,0.8499645849885666,-20.416812528152857,
13.199999999999985,7.046458885072213,0.2501588263765797,-2.871428571428564,0.5,-0.1428571428571429,7.250529200596641,0.9995097039489598,-1.7947816954331501,0.0,-0.027215831455049688,9.889778816465983,0.8499645849885666,-20.391011394043357,
13.399999999999984,7.046458885072213,0.2501588263765797,-2.878571428571421,0.5,-0.1428571428571429,7.250529200596641,0.9995097039489598,-1.798700775162677,0.0,-0.019595398647635775,9.889778816465983,0.8499645849885666,-20.390733380098734,
13.599999999999984,7.046458885072213,0.2501588263765797,-2.885714285714278,0.5,-0.1428571428571429,7.250529200596641,0.9995097039489598,-1.8015225125679364,0.0,-0.014108687026298304,9.889778816465983,0.8499645849885666,-20.3904506693081,
13.799999999999983,7.046458885072213,0.2501588263765797,-2.8928571428571352,0.5,-0.1428571428571429,7.250529200596641,0.9995097039489598,-1.8035541634997236,0.0,-0.010158254658935028,9.889778816465983,0.8499645849885666,-20.390163285513314,
13.999999999999982,7.046458885072213,0.2501588263765797,-2.8999999999999924,0.5,-0.1428571428571429,7.250529200596641,0.9995097039489598,-1.812828854900698,0.0,-0.04637345700487278,9.889778816465983,0.8499645849885666,-20.38987124063531,
14.199999999999982,7.046458885072213,0.2501588263765797,-2.9071428571428495,0.5,-0.1428571428571429,7.250529200596641,0.9995097039489598,-1.8195066327093996,0.0,-0.033388889043508826,9.889778816465983,0.8499645849885666,-20.389574540634545,
14.39999999999998,7.046458885072213,0.2501588263765797,-2.9142857142857066,0.5,-0.1428571428571429,7.250529200596641,0.9995097039489598,-1.824314632731665,0.0,-0.02404000011132643,9.889778816465983,0.8499645849885666,-20.389273209352883,
14.59999999999998,7.046458885072213,0.2501588263765797,-2.9214285714285637,0.5,-0.1428571428571429,7.250529200596641,0.9995097039489598,-1.8277763927476962,0.0,-0.017308800080154806,9.889778816465983,0.8499645849885666,-20.388967264671717,
14.79999999999998,7.046458885072213,0.2501588263765797,-2.928571428571421,0.5,-0.1428571428571429,7.250529200596641,0.9995097039489598,-1.8302688599592387,0.0,-0.012462336057711187,9.889778816465983,0.8499645849885666,-20.388656706591043,
14.999999999999979,7.046458885072213,0.2501588263765797,-2.935714285714278,0.5,-0.1428571428571429,7.250529200596641,0.9995097039489598,-1.832063436351549,0.0,-0.00897288196155168,9.889778816465983,0.8499645849885666,-20.38834157087365,
15.199999999999978,7.046458885072213,0.2501588263765797,-2.942857142857135,0.5,-0.1428571428571429,7.250529200596641,0.9995097039489598,-1.833355531354012,0.0,-0.006460475012317435,9.889778816465983,0.8499645849885666,-20.38802186944047,
15.399999999999977,7.046458885072213,0.2501588263765797,-2.949999999999992,0.5,-0.1428571428571429,7.250529200596641,0.9995097039489598,-1.8342858397557857,0.0,-0.004651542008869125,9.889778816465983,0.8499645849885666,-20.387697602291496,
15.599999999999977,7.046458885072213,0.2501588263765797,-2.9571428571428493,0.5,-0.1428571428571429,7.250529200596641,0.9995097039489598,-1.8349556618050626,0.0,-0.0033491102463858446,9.889778816465983,0.8499645849885666,-20.38736880518952,
15.799999999999976,7.046458885072213,0.2501588263765797,-2.9642857142857064,0.5,-0.1428571428571429,7.250529200596641,0.9995097039489598,-1.835437933680542,0.0,-0.002411359377398181,9.889778816465983,0.8499645849885666,-20.38703548409501,
15.999999999999975,7.046458885072213,0.2501588263765797,-2.9714285714285635,0.5,-0.1428571428571429,7.250529200596641,0.9995097039489598,-1.835785169430887,0.0,-0.0017361787517271132,9.889778816465983,0.8499645849885666,-20.386697650928888,
16.199999999999974,7.046458885072213,0.2501588263765797,-2.9785714285714207,0.5,-0.1428571428571429,7.250529200596641,0.9995097039489598,-1.836035179171136,0.0,-0.0012500487012439441,9.889778816465983,0.8499645849885666,-20.386355341453942,
16.399999999999974,7.046458885072213,0.2501588263765797,-2.9857142857142778,0.5,-0.1428571428571429,7.250529200596641,0.9995097039489598,-1.836215186184115,0.0,-0.0009000350648954657,9.889778816465983,0.8499645849885666,-20.3860085675911,
16.599999999999973,7.046458885072213,0.2501588263765797,-2.992857142857135,0.5,-0.1428571428571429,7.250529200596641,0.9995097039489598,-1.83634479123346,0.0,-0.0006480252467249591,9.889778816465983,0.8499645849885666,-20.385657329340372,
16.799999999999972,7.046458885072213,0.2501588263765797,-2.999999999999992,0.5,-0.1428571428571429,7.250529200596641,0.9995097039489598,-1.8364381068689881,0.0,-0.0004665781776417965,9.889778816465983,0.8499645849885666,-20.38530166246453,
16.99999999999997,7.046458885072213,0.2501588263765797,-3.007142857142849,0.5,-0.1428571428571429,7.250529200596641,0.9995097039489598,-1.8365052941265687,0.0,-0.0003359362879025163,9.889778816465983,0.8499645849885666,-20.384941590805443,
17.19999999999997,7.046458885072213,0.2501588263765797,-3.0142857142857062,0.5,-0.1428571428571429,7.250529200596641,0.9995097039489598,-1.836553668952027,0.0,-0.00024187412728968736,9.889778816465983,0.8499645849885666,-20.384577114363108,
17.39999999999997,7.046458885072213,0.2501588263765797,-3.0214285714285634,0.5,-0.1428571428571429,7.250529200596641,0.9995097039489598,-1.8365884988263566,0.0,-0.0001741493716481024,9.889778816465983,0.8499645849885666,-20.38420824505845,
17.59999999999997,7.046458885072213,0.2501588263765797,-3.0285714285714205,0.5,-0.1428571428571429,7.250529200596641,0.9995097039489598,-1.8366135763358735,0.0,-0.00012538754758670834,9.889778816465983,0.8499645849885666,-20.383835036535654,
17.79999999999997,7.046458885072213,0.2501588263765797,-3.0357142857142776,0.5,-0.1428571428571429,7.250529200596641,0.9995097039489598,-1.8366316321427258,0.0,-9.027903426295225e-05,9.889778816465983,0.8499645849885666,-20.383457482834253,
17.999999999999968,7.046458885072213,0.2501588263765797,-3.0428571428571347,0.5,-0.1428571428571429,7.250529200596641,0.9995097039489598,-1.8366446323236594,0.0,-6.500090466969865e-05,9.889778816465983,0.8499645849885666,-20.383075595875177,
18.199999999999967,7.046458885072213,0.2501588263765797,-3.049999999999992,0.5,-0.1428571428571429,7.250529200596641,0.9995097039489598,-1.836653992453932,0.0,-4.680065136275502e-05,9.889778816465983,0.8499645849885666,-20.382689417381677,
18.399999999999967,7.046458885072213,0.2501588263765797,-3.057142857142849,0.5,-0.1428571428571429,7.250529200596641,0.9995097039489598,-1.836660731747728,0.0,-3.3696468981059266e-05,9.889778816465983,0.8499645849885666,-20.38229895927468,
18.599999999999966,7.046458885072213,0.2501588263765797,-3.064285714285706,0.5,-0.1428571428571429,7.250529200596641,0.9995097039489598,-1.836665584039261,0.0,-2.4261457666785444e-05,9.889778816465983,0.8499645849885666,-20.381904227514656,
18.799999999999965,7.046458885072213,0.2501588263765797,-3.071428571428563,0.5,-0.1428571428571429,7.250529200596641,0.9995097039489598,-1.8366690776891654,0.0,-1.746824952055803e-05,9.889778816465983,0.8499645849885666,-20.381505263824852,
18.999999999999964,7.046458885072213,0.2501588263765797,-3.0785714285714203,0.5,-0.1428571428571429,7.250529200596641,0.9995097039489598,-1.8366715931170963,0.0,-1.2577139654279533e-05,9.889778816465983,0.8499645849885666,-20.381102080126198,
19.199999999999964,7.046458885072213,0.2501588263765797,-3.0857142857142774,0.5,-0.1428571428571429,7.250529200596641,0.9995097039489598,-1.8366734042252069,0.0,-9.055540551106133e-06,9.889778816465983,0.8499645849885666,-20.380694682379158,
19.399999999999963,7.046458885072213,0.2501588263765797,-3.0928571428571345,0.5,-0.1428571428571429,7.250529200596641,0.9995097039489598,-1.8366747082230463,0.0,-6.519989196274167e-06,9.889778816465983,0.8499645849885666,-20.380283112306984,
19.599999999999962,7.046458885072213,0.2501588263765797,-3.0999999999999917,0.5,-0.1428571428571429,7.250529200596641,0.9995097039489598,-1.8366756471014907,0.0,-4.694392220994103e-06,9.889778816465983,0.8499645849885666,-20.37986738779107,
19.79999999999996,7.046458885072213,0.2501588263765797,-3.1071428571428488,0.5,-0.1428571428571429,7.250529200596641,0.9995097039489598,-1.8366763230939704,0.0,-3.3799623989416715e-06,9.889778816465983,0.8499645849885666,-20.379447514791877,
19.99999999999996,7.046458885072213,0.2501588263765797,-3.114285714285706,0.5,-0.1428571428571429,7.250529200596641,0.9995097039489598,-1.8366768098085555,0.0,-2.4335729272628725e-06,9.889778816465983,0.8499645849885666,-20.379023535032662,
20.19999999999996,7.046458885072213,0.2501588263765797,-3.121428571428563,0.5,-0.1428571428571429,7.250529200596641,0.9995097039489598,-1.8366771602430574,0.0,-1.752172508151517e-06,9.889778816465983,0.8499645849885666,-20.37859546043435,
20.39999999999996,7.046458885072213,0.2501588263765797,-3.12857142857142,0.5,-0.1428571428571429,7.250529200596641,0.9995097039489598,-1.8366774125558982,0.0,-1.2615642055457954e-06,9.889778816465983,0.8499645849885666,-20.378163308878335,
20.59999999999996,7.046458885072213,0.2501588263765797,-3.1357142857142772,0.5,-0.1428571428571429,7.250529200596641,0.9995097039489598,-1.8366775942211437,0.0,-9.083262283660076e-07,9.889778816465983,0.8499645849885666,-20.377727092285546,
20.799999999999958,6.946463243085432,0.2506424008551093,3.1188995928938805,0.5,-0.1428571428571429,7.250529200596641,0.9995097039489598,-1.8366777250201207,0.0,-6.539948846473464e-07,9.889778816465983,0.8499645849885666,0.18429430029830152,
20.999999999999957,6.846522227403942,0.25398240761809365,3.090328164322452,0.5,-0.1428571428571429,7.250529200596641,0.9995097039489598,-1.8366778191953839,0.0,-4.708763168714824e-07,9.889778816465983,0.8499645849885666,0.2627995242877882,
21.199999999999957,6.746717416980523,0.26017612031487336,3.0617567357510236,0.5,-0.1428571428571429,7.250529200596641,0.9995097039489598,-1.8366778870015739,0.0,-3.3903094847076427e-07,9.889778816465983,0.8499645849885666,0.3555191864772719,
21.399999999999956,6.647130279587556,0.2692184831973935,3.033185307179595,0.5,-0.1428571428571429,7.250529200596641,0.9995097039489598,-1.83667793582203,0.0,-2.4410228247617735e-07,9.889778816465983,0.8499645849885666,0.27099321983298474,
21.599999999999955,6.5478421053172395,0.28110211524706424,3.0046138786081666,0.5,-0.1428571428571429,7.225791312869853,0.9129803753753125,-1.8702264354666522,0.45,-0.1677424982231118,9.889778816465983,0.8499645849885666,0.311716352920143,
21.799999999999955,6.448933940226842,0.2958173161996722,2.976042450036738,0.5,-0.1428571428571429,7.225791312869853,0.9129803753753125,-1.932609822945755,0.0,-0.3119169373955124,9.889778816465983,0.8499645849885666,0.180624895314781,
21.999999999999954,6.350486520183164,0.31335207446342506,2.9474710214653097,0.5,-0.1428571428571429,7.191557235909325,0.8297675316520033,-2.0085695314711454,0.45,-0.37979854262695434,9.889778816465983,0.8499645849885666,0.190871249656288,
22.199999999999953,6.252580204960181,0.33369207692366504,2.9188995928938812,0.5,-0.1428571428571429,7.191557235909325,0.8297675316520033,-2.101819485043261,0.0,-0.4662497678605749,9.889778816465983,0.8499645849885666,-0.4592313835815508,
22.399999999999952,6.180481635304141,0.35413304925121125,2.776042450036739,0.375,-0.7142857142857143,7.143303858385725,0.7538328158594234,-2.195317377894289,0.45,-0.467489464255138,9.889778816465983,0.8499645849885666,-0.4430426378943482,
22.59999999999995,6.087480227934546,0.39087676283461875,2.7474710214653104,0.5,-0.1428571428571429,7.087957194662649,0.6829088757625104,-2.2970054861687426,0.45,-0.5084405413722638,9.889778816465983,0.8499645849885666,-0.41282041170159167,
22.79999999999995,6.019925502526522,0.4233174189807096,2.604613878608168,0.375,-0.7142857142857143,7.025584157910743,0.6180826399430667,-2.403419161489326,0.45,-0.5320683766029185,9.889778816465983,0.8499645849885666,-0.4008561630942384,
22.99999999999995,5.934555418835063,0.47538767028736323,2.5760424500367396,0.5,-0.1428571428571429,6.956645521567669,0.5602891388796638,-2.51139814244747,0.45,-0.5398949047907199,9.889778816465983,0.8499645849885666,-0.371900362749489,
23.19999999999995,5.873524962247094,0.5188769846623495,2.4331853071795972,0.375,-0.7142857142857143,6.881956618024719,0.5101417895299525,-2.6151605021887607,0.45,-0.5188117987064574,9.889778816465983,0.8499645849885666,-0.36274191338797007,
23.39999999999995,5.798288899275884,0.5847472897262935,2.4046138786081688,0.5,-0.1428571428571429,6.802446322619636,0.4680579689997879,-2.7208400689024645,0.45,-0.5283978335685198,9.889778816465983,0.8499645849885666,-0.3341818998054582,
23.599999999999948,5.7264573329606145,0.6542777690753918,2.3188995928938834,0.5,-0.4285714285714286,6.802446322619636,0.4680579689997879,-2.822659230622102,0.0,-0.5090958085981867,9.889778816465983,0.8499645849885666,-0.5085690228306518,
23.799999999999947,5.660841936584571,0.729702441671533,2.233185307179598,0.5,-0.4285714285714286,6.716093964794087,0.44280021098781974,-2.914325249818345,0.45,-0.4583300959812177,9.889778816465983,0.8499645849885666,-0.5075262812935576,
23.999999999999947,5.660841936584571,0.729702441671533,2.0331853071795987,0.0,-1.0,6.627808630886757,0.4254593461118938,-3.003173358756937,0.45,-0.44424054469295554,9.889778816465983,0.8499645849885666,-0.3774007797241211,
24.199999999999946,5.660841936584571,0.729702441671533,1.8331853071795994,0.0,-1.0,6.538324101439925,0.41612240499894615,-3.0950509572307072,0.45,-0.4593879923688476,9.889778816465983,0.8499645849885666,0.2863397359848022,
24.399999999999945,5.660841936584571,0.729702441671533,1.6331853071796,0.0,-1.0,6.448360609068451,0.41507029671648077,3.0952079671344928,0.45,-0.464631914071937,9.889778816465983,0.8499645849885666,0.24608860015869138,
24.599999999999945,5.660841936584571,0.729702441671533,1.4331853071796008,0.0,-1.0,6.358689380491915,0.4223878941232004,3.0017689517760378,0.45,-0.46719507679227223,9.889778816465983,0.8499645849885666,-20.424964451789855,
24.799999999999944,5.660841936584571,0.729702441671533,1.2331853071796015,0.0,-1.0,6.358689380491915,0.4223878941232004,2.9247697133032933,0.0,-0.384996192363714,9.889778816465983,0.8499645849885666,-20.424964451789855,
24.999999999999943,5.688843166649579,0.8256190568304514,1.3760424500367439,0.5,0.7142857142857142,6.358689380491915,0.4223878941232004,2.8693302616029204,0.0,-0.27719725850187177,9.889778816465983,0.8499645849885666,-20.31064130116482,
25.199999999999942,5.688843166649579,0.8256190568304514,1.1760424500367446,0.0,-1.0,6.358689380491915,0.4223878941232004,2.829413856378652,0.0,-0.1995820261213497,9.889778816465983,0.8499645849885666,-20.386300110816954,
25.39999999999994,5.722276659954038,0.9197799163961874,1.318899592893887,0.5,0.7142857142857142,6.358689380491915,0.4223878941232004,2.8006740446171765,0.0,-0.1436990588073742,9.889778816465983,0.8499645849885666,0.24274738680343239,
25.59999999999994,5.722276659954038,0.9197799163961874,1.1188995928938876,0.0,-1.0,6.358689380491915,0.4223878941232004,2.7799813801489126,0.0,-0.1034633223413083,9.889778816465983,0.8499645849885666,0.1654504299163818,
25.79999999999994,5.761033275610616,1.011877639992082,1.26175673575103,0.5,0.7142857142857142,6.358689380491915,0.4223878941232004,2.7295086634928527,0.0,-0.2523635832803022,9.889778816465983,0.8499645849885666,0.30780576418857186,
25.99999999999994,5.761033275610616,1.011877639992082,1.0617567357510307,0.0,-1.0,6.358689380491915,0.4223878941232004,2.6931683075004873,0.0,-0.1817017799618183,9.889778816465983,0.8499645849885666,0.2289175748825073,
26.19999999999994,5.761033275610616,1.011877639992082,0.8617567357510314,0.0,-1.0,6.278500222328464,0.4632217832154982,2.6329771317107404,0.45,-0.3009558789487394,9.889778816465983,0.8499645849885666,-20.441629552841185,
26.399999999999938,5.809251931038913,1.0693198069105454,0.8903281643224599,0.375,0.1428571428571428,6.278500222328464,0.4632217832154982,2.5829436917278468,0.0,-0.25016719991446495,9.889778816465983,0.8499645849885666,-20.27368671693364,
26.599999999999937,5.8678686151716954,1.1502404488381466,1.0331853071796022,0.5,0.7142857142857142,6.278500222328464,0.4632217832154982,2.5112649854821054,0.0,-0.35839353122871154,9.889778816465983,0.8499645849885666,0.2447900826833686,
26.799999999999937,5.8678686151716954,1.1502404488381466,1.2331853071796015,0.0,1.0,6.278500222328464,0.4632217832154982,2.459656316985173,0.0,-0.25804334248467364,9.889778816465983,0.8499645849885666,0.15076611042022703,
26.999999999999936,5.8678686151716954,1.1502404488381466,1.0331853071796022,0.0,-1.0,6.278500222328464,0.4632217832154982,2.422498075667379,0.0,-0.18579120658896836,9.889778816465983,0.8499645849885666,0.15076611042022703,
27.199999999999935,5.8678686151716954,1.1502404488381466,1.2331853071796015,0.0,1.0,6.278500222328464,0.4632217832154982,2.3684904856121296,0.0,-0.2700379502762493,9.889778816465983,0.8499645849885666,0.15076611042022703,
27.399999999999935,5.8678686151716954,1.1502404488381466,1.4331853071796008,0.0,1.0,6.2158284566360456,0.5277889815931044,2.295979736649171,0.45,-0.362553744814794,9.889778816465983,0.8499645849885666,-20.523785495758055,
27.599999999999934,5.8678686151716954,1.1502404488381466,1.6331853071796,0.0,1.0,6.2158284566360456,0.5277889815931044,2.2356551125939657,0.0,-0.3016231202760285,9.889778816465983,0.8499645849885666,-20.523785495758055,
27.799999999999933,5.8678686151716954,1.1502404488381466,1.8331853071795994,0.0,1.0,6.2158284566360456,0.5277889815931044,2.1922213832742177,0.0,-0.21716864659874105,9.889778816465983,0.8499645849885666,-20.523785495758055,
27.999999999999932,5.8678686151716954,1.1502404488381466,2.0331853071795987,0.0,1.0,6.2158284566360456,0.5277889815931044,2.1609490981639983,0.0,-0.1563614255510939,9.889778816465983,0.8499645849885666,-20.523785495758055,
28.199999999999932,5.8678686151716954,1.1502404488381466,1.8331853071795994,0.0,-1.0,6.2158284566360456,0.5277889815931044,2.1384330528846416,0.0,-0.11258022639678672,9.889778816465983,0.8499645849885666,-20.523785495758055,
28.39999999999993,5.8678686151716954,1.1502404488381466,2.0331853071795987,0.0,1.0,6.2158284566360456,0.5277889815931044,2.1222215002835068,0.0,-0.08105776300568736,9.889778816465983,0.8499645849885666,-20.523785495758055,
28.59999999999993,5.8678686151716954,1.1502404488381466,1.8331853071795994,0.0,-1.0,6.2158284566360456,0.5277889815931044,2.1105491824106846,0.0,-0.058361589364098604,9.889778816465983,0.8499645849885666,-20.523785495758055,
28.79999999999993,5.8678686151716954,1.1502404488381466,2.0331853071795987,0.0,1.0,6.2158284566360456,0.5277889815931044,2.102145113542255,0.0,-0.04202034434214754,9.889778816465983,0.8499645849885666,-20.523785495758055,
28.99999999999993,5.8678686151716954,1.1502404488381466,1.8331853071795994,0.0,-1.0,6.2158284566360456,0.5277889815931044,2.0960941839569838,0.0,-0.030254647926345954,9.889778816465983,0.8499645849885666,-20.523785495758055,
29.19999999999993,5.8678686151716954,1.1502404488381466,2.0331853071795987,0.0,1.0,6.2158284566360456,0.5277889815931044,2.0917375146555894,0.0,-0.021783346506966426,9.889778816465983,0.8499645849885666,-20.523785495758055,
29.399999999999928,5.8678686151716954,1.1502404488381466,1.8331853071795994,0.0,-1.0,6.2158284566360456,0.5277889815931044,2.088600712758586,0.0,-0.01568400948501436,9.889778816465983,0.8499645849885666,-20.523785495758055,
29.599999999999927,5.8678686151716954,1.1502404488381466,2.0331853071795987,0.0,1.0,6.2158284566360456,0.5277889815931044,2.086342215392742,0.0,-0.01129248682920947,9.889778816465983,0.8499645849885666,-20.523785495758055,
29.799999999999926,5.8678686151716954,1.1502404488381466,1.8331853071795994,0.0,-1.0,6.2158284566360456,0.5277889815931044,2.084716097289336,0.0,-0.008130590517027957,9.889778816465983,0.8499645849885666,-20.523785495758055,
29.999999999999925,5.8678686151716954,1.1502404488381466,2.0331853071795987,0.0,1.0,6.2158284566360456,0.5277889815931044,2.0835452922548843,0.0,-0.005854025172259458,9.889778816465983,0.8499645849885666,-20.523785495758055,
30.199999999999925,5.8678686151716954,1.1502404488381466,1.8331853071795994,0.0,-1.0,6.2158284566360456,0.5277889815931044,2.0827023126300777,0.0,-0.004214898124027133,9.889778816465983,0.8499645849885666,-20.523785495758055,
30.399999999999924,5.8678686151716954,1.1502404488381466,2.0331853071795987,0.0,1.0,6.2158284566360456,0.5277889815931044,2.0820953673002176,0.0,-0.0030347266492978696,9.889778816465983,0.8499645849885666,-20.523785495758055,
30.599999999999923,5.8678686151716954,1.1502404488381466,1.8331853071795994,0.0,-1.0,6.2158284566360456,0.5277889815931044,2.0816583666627206,0.0,-0.0021850031874937944,9.889778816465983,0.8499645849885666,-20.523785495758055,
30.799999999999923,5.8678686151716954,1.1502404488381466,2.0331853071795987,0.0,1.0,6.2158284566360456,0.5277889815931044,2.0813437262037215,0.0,-0.001573202294998044,9.889778816465983,0.8499645849885666,-20.523785495758055,
30.999999999999922,5.8678686151716954,1.1502404488381466,1.8331853071795994,0.0,-1.0,6.2158284566360456,0.5277889815931044,2.081117185073241,0.0,-0.0011327056523993129,9.889778816465983,0.8499645849885666,-20.523785495758055,
31.19999999999992,5.8678686151716954,1.1502404488381466,2.0331853071795987,0.0,1.0,6.2158284566360456,0.5277889815931044,2.0809540754592977,0.0,-0.0008155480697266348,9.889778816465983,0.8499645849885666,-20.523785495758055,
31.39999999999992,5.8678686151716954,1.1502404488381466,1.8331853071795994,0.0,-1.0,6.2158284566360456,0.5277889815931044,2.080836636537258,0.0,-0.0005871946102058877,9.889778816465983,0.8499645849885666,-20.523785495758055,
31.59999999999992,5.8678686151716954,1.1502404488381466,2.0331853071795987,0.0,1.0,6.2158284566360456,0.5277889815931044,2.0807520805133866,0.0,-0.000422780119350552,9.889778816465983,0.8499645849885666,-20.523785495758055,
31.79999999999992,5.8678686151716954,1.1502404488381466,1.8331853071795994,0.0,-1.0,6.2158284566360456,0.5277889815931044,2.080691200176199,0.0,-0.0003044016859303333,9.889778816465983,0.8499645849885666,-20.523785495758055,
31.99999999999992,5.8678686151716954,1.1502404488381466,2.0331853071795987,0.0,1.0,6.2158284566360456,0.5277889815931044,2.080647366333425,0.0,-0.00021916921386777585,9.889778816465983,0.8499645849885666,-20.523785495758055,
32.19999999999992,5.8678686151716954,1.1502404488381466,1.8331853071795994,0.0,-1.0,6.2158284566360456,0.5277889815931044,2.0806158059666284,0.0,-0.0001578018339839282,9.889778816465983,0.8499645849885666,-20.523785495758055,
32.39999999999992,5.8678686151716954,1.1502404488381466,2.0331853071795987,0.0,1.0,6.2158284566360456,0.5277889815931044,2.0805930825025367,0.0,-0.00011361732046895056,9.889778816465983,0.8499645849885666,-20.523785495758055,
32.59999999999992,5.8678686151716954,1.1502404488381466,1.8331853071795994,0.0,-1.0,6.2158284566360456,0.5277889815931044,2.080576721608386,0.0,-8.180447074055407e-05,9.889778816465983,0.8499645849885666,-20.523785495758055,
32.799999999999926,5.8678686151716954,1.1502404488381466,2.0331853071795987,0.0,1.0,6.2158284566360456,0.5277889815931044,2.0805649417645977,0.0,-5.8899218929742146e-05,9.889778816465983,0.8499645849885666,-20.523785495758055,
32.99999999999993,5.8678686151716954,1.1502404488381466,1.8331853071795994,0.0,-1.0,6.2158284566360456,0.5277889815931044,2.080556460277071,0.0,-4.2407437625957556e-05,9.889778816465983,0.8499645849885666,-20.523785495758055,
33.19999999999993,5.8678686151716954,1.1502404488381466,2.0331853071795987,0.0,1.0,6.2158284566360456,0.5277889815931044,2.0805503536060552,0.0,-3.0533355088824264e-05,9.889778816465983,0.8499645849885666,-20.523785495758055,
33.399999999999935,5.8678686151716954,1.1502404488381466,1.8331853071795994,0.0,-1.0,6.2158284566360456,0.5277889815931044,2.0805459568029203,0.0,-2.1984015666465238e-05,9.889778816465983,0.8499645849885666,-20.523785495758055,
33.59999999999994,5.8678686151716954,1.1502404488381466,2.0331853071795987,0.0,1.0,6.2158284566360456,0.5277889815931044,2.0805427911046674,0.0,-1.5828491277591892e-05,9.889778816465983,0.8499645849885666,-20.523785495758055,
33.79999999999994,5.8678686151716954,1.1502404488381466,1.8331853071795994,0.0,-1.0,6.2158284566360456,0.5277889815931044,2.0805405118019227,0.0,-1.1396513723571643e-05,9.889778816465983,0.8499645849885666,-20.523785495758055,
33.99999999999994,5.8678686151716954,1.1502404488381466,2.0331853071795987,0.0,1.0,6.2158284566360456,0.5277889815931044,2.0805388707039487,0.0,-8.205489880896977e-06,9.889778816465983,0.8499645849885666,-20.523785495758055,
34.199999999999946,5.8678686151716954,1.1502404488381466,1.8331853071795994,0.0,-1.0,6.2158284566360456,0.5277889815931044,2.0805376891134078,0.0,-5.907952717354447e-06,9.889778816465983,0.8499645849885666,-20.523785495758055,
34.39999999999995,5.8678686151716954,1.1502404488381466,2.0331853071795987,0.0,1.0,6.2158284566360456,0.5277889815931044,2.080536838368216,0.0,-4.25372596000173e-06,9.889778816465983,0.8499645849885666,-20.523785495758055,
34.59999999999995,5.8678686151716954,1.1502404488381466,1.8331853071795994,0.0,-1.0,6.2158284566360456,0.5277889815931044,2.0805362258316773,0.0,-3.062682691723495e-06,9.889778816465983,0.8499645849885666,-20.523785495758055,
34.799999999999955,5.8678686151716954,1.1502404488381466,2.0331853071795987,0.0,1.0,6.2158284566360456,0.5277889815931044,2.0805357848053685,0.0,-2.2051315373694536e-06,9.889778816465983,0.8499645849885666,-20.523785495758055,
34.99999999999996,5.8678686151716954,1.1502404488381466,1.8331853071795994,0.0,-1.0,6.2158284566360456,0.5277889815931044,2.0805354672664276,0.0,-1.5876947050408319e-06,9.889778816465983,0.8499645849885666,-20.523785495758055,
35.19999999999996,5.8678686151716954,1.1502404488381466,2.0331853071795987,0.0,1.0,6.2158284566360456,0.5277889815931044,2.0805352386383884,0.0,-1.1431401877537438e-06,9.889778816465983,0.8499645849885666,-20.523785495758055,
35.39999999999996,5.8678686151716954,1.1502404488381466,1.8331853071795994,0.0,-1.0,6.2158284566360456,0.5277889815931044,2.0805350740261996,0.0,-8.23060932919617e-07,9.889778816465983,0.8499645849885666,-20.523785495758055,
35.599999999999966,5.8678686151716954,1.1502404488381466,2.0331853071795987,0.0,1.0,6.2158284566360456,0.5277889815931044,2.080534955505426,0.0,-5.926038686432378e-07,9.889778816465983,0.8499645849885666,-20.523785495758055,
35.79999999999997,5.8678686151716954,1.1502404488381466,1.8331853071795994,0.0,-1.0,6.2158284566360456,0.5277889815931044,2.080534870170469,0.0,-4.2667478554747613e-07,9.889778816465983,0.8499645849885666,-20.523785495758055,
35.99999999999997,5.8678686151716954,1.1502404488381466,2.0331853071795987,0.0,1.0,6.2158284566360456,0.5277889815931044,2.0805348087292987,0.0,-3.0720584591747975e-07,9.889778816465983,0.8499645849885666,-20.523785495758055,
36.199999999999974,5.8678686151716954,1.1502404488381466,1.8331853071795994,0.0,-1.0,6.2158284566360456,0.5277889815931044,2.0805347644916576,0.0,-2.2118820739436273e-07,9.889778816465983,0.8499645849885666,-20.523785495758055,
36.39999999999998,5.8678686151716954,1.1502404488381466,2.0331853071795987,0.0,1.0,6.2158284566360456,0.5277889815931044,2.0805347326405563,0.0,-1.5925550984619007e-07,9.889778816465983,0.8499645849885666,-20.523785495758055,
36.59999999999998,5.8678686151716954,1.1502404488381466,1.8331853071795994,0.0,-1.0,6.2158284566360456,0.5277889815931044,2.080534709707761,0.0,-1.1466396800940969e-07,9.889778816465983,0.8499645849885666,-20.523785495758055,
36.79999999999998,5.8678686151716954,1.1502404488381466,2.0331853071795987,0.0,1.0,6.2158284566360456,0.5277889815931044,2.0805346931961477,0.0,-8.255805470369637e-08,9.889778816465983,0.8499645849885666,-20.523785495758055,
36.999999999999986,5.8678686151716954,1.1502404488381466,1.8331853071795994,0.0,-1.0,6.2158284566360456,0.5277889815931044,2.080534681307787,0.0,-5.944179592987097e-08,9.889778816465983,0.8499645849885666,-20.523785495758055,
37.19999999999999,5.8678686151716954,1.1502404488381466,2.0331853071795987,0.0,1.0,6.2158284566360456,0.5277889815931044,2.08053467274817,0.0,-4.279809120433242e-08,9.889778816465983,0.8499645849885666,-20.523785495758055,
37.39999999999999,5.8678686151716954,1.1502404488381466,1.8331853071795994,0.0,-1.0,6.2158284566360456,0.5277889815931044,2.080534666585242,0.0,-3.081462738308005e-08,9.889778816465983,0.8499645849885666,-20.523785495758055,
37.599999999999994,5.8678686151716954,1.1502404488381466,2.0331853071795987,0.0,1.0,6.2158284566360456,0.5277889815931044,2.0805346621479384,0.0,-2.2186528259027225e-08,9.889778816465983,0.8499645849885666,-20.523785495758055,
37.8,5.8678686151716954,1.1502404488381466,1.8331853071795994,0.0,-1.0,6.2158284566360456,0.5277889815931044,2.0805346589530753,0.0,-1.5974302858268173e-08,9.889778816465983,0.8499645849885666,-20.523785495758055,
38.0,5.8678686151716954,1.1502404488381466,2.0331853071795987,0.0,1.0,6.2158284566360456,0.5277889815931044,2.0805346566527785,0.0,-1.1501494601162676e-08,9.889778816465983,0.8499645849885666,-20.523785495758055,
38.2,5.8678686151716954,1.1502404488381466,1.8331853071795994,0.0,-1.0,6.2158284566360456,0.5277889815931044,2.08053465499656,0.0,-8.28107902250963e-09,9.889778816465983,0.8499645849885666,-20.523785495758055,
38.400000000000006,5.8678686151716954,1.1502404488381466,2.0331853071795987,0.0,1.0,6.2158284566360456,0.5277889815931044,2.0805346538040848,0.0,-5.962373439416523e-09,9.889778816465983,0.8499645849885666,-20.523785495758055,
38.60000000000001,5.8678686151716954,1.1502404488381466,1.8331853071795994,0.0,-1.0,6.2158284566360456,0.5277889815931044,2.080534652945504,0.0,-4.29290780701308e-09,9.889778816465983,0.8499645849885666,-20.523785495758055,
38.80000000000001,5.8678686151716954,1.1502404488381466,2.0331853071795987,0.0,1.0,6.2158284566360456,0.5277889815931044,2.0805346523273247,0.0,-3.090894740154226e-09,9.889778816465983,0.8499645849885666,-20.523785495758055,
39.000000000000014,5.8678686151716954,1.1502404488381466,1.8331853071795994,0.0,-1.0,6.2158284566360456,0.5277889815931044,2.0805346518822336,0.0,-2.2254437404001236e-09,9.889778816465983,0.8499645849885666,-20.523785495758055,
39.20000000000002,5.8678686151716954,1.1502404488381466,2.0331853071795987,0.0,1.0,6.2158284566360456,0.5277889815931044,2.0805346515617718,0.0,-1.6023162352496456e-09,9.889778816465983,0.8499645849885666,-20.523785495758055,
39.40000000000002,5.8678686151716954,1.1502404488381466,1.8331853071795994,0.0,-1.0,6.2158284566360456,0.5277889815931044,2.080534651331037,0.0,-1.1536696042924177e-09,9.889778816465983,0.8499645849885666,-20.523785495758055,
39.60000000000002,5.8678686151716954,1.1502404488381466,2.0331853071795987,0.0,1.0,6.2158284566360456,0.5277889815931044,2.0805346511649088,0.0,-8.306412446756894e-10,9.889778816465983,0.8499645849885666,-20.523785495758055,
39.800000000000026,5.8678686151716954,1.1502404488381466,1.8331853071795994,0.0,-1.0,6.2158284566360456,0.5277889815931044,2.080534651045296,0.0,-5.980614226075431e-10,9.889778816465983,0.8499645849885666,-20.523785495758055,
40.00000000000003,5.8678686151716954,1.1502404488381466,2.0331853071795987,0.0,1.0,6.2158284566360456,0.5277889815931044,2.0805346509591747,0.0,-4.306035528145457e-10,9.889778816465983,0.8499645849885666,-20.523785495758055,
40.20000000000003,5.8678686151716954,1.1502404488381466,1.8331853071795994,0.0,-1.0,6.2158284566360456,0.5277889815931044,2.0805346508971656,0.0,-3.100336876116216e-10,9.889778816465983,0.8499645849885666,-20.523785495758055,
40.400000000000034,5.8678686151716954,1.1502404488381466,2.0331853071795987,0.0,1.0,6.2158284566360456,0.5277889815931044,2.080534650852522,0.0,-2.232209972419241e-10,9.889778816465983,0.8499645849885666,-20.523785495758055,
40.60000000000004,5.8678686151716954,1.1502404488381466,1.8331853071795994,0.0,-1.0,6.2158284566360456,0.5277889815931044,2.0805346508203773,0.0,-1.6072023711899419e-10,9.889778816465983,0.8499645849885666,-20.523785495758055,
40.80000000000004,5.8678686151716954,1.1502404488381466,2.0331853071795987,0.0,1.0,6.2158284566360456,0.5277889815931044,2.080534650797235,0.0,-1.1571730240689248e-10,9.889778816465983,0.8499645849885666,-20.523785495758055,
41.00000000000004,5.8678686151716954,1.1502404488381466,1.8331853071795994,0.0,-1.0,6.2158284566360456,0.5277889815931044,2.0805346507805726,0.0,-8.331797474170344e-11,9.889778816465983,0.8499645849885666,-20.523785495758055,
41.200000000000045,5.8678686151716954,1.1502404488381466,2.0331853071795987,0.0,1.0,6.2158284566360456,0.5277889815931044,2.080534650768575,0.0,-5.999085672669935e-11,9.889778816465983,0.8499645849885666,-20.523785495758055,
41.40000000000005,5.8678686151716954,1.1502404488381466,1.8331853071795994,0.0,-1.0,6.2158284566360456,0.5277889815931044,2.080534650759935,0.0,-4.319433699606634e-11,9.889778816465983,0.8499645849885666,-20.523785495758055,
41.60000000000005,5.8678686151716954,1.1502404488381466,2.0331853071795987,0.0,1.0,6.2158284566360456,0.5277889815931044,2.0805346507537177,0.0,-3.109805746248639e-11,9.889778816465983,0.8499645849885666,-20.523785495758055,
41.800000000000054,5.8678686151716954,1.1502404488381466,1.8331853071795994,0.0,-1.0,6.2158284566360456,0.5277889815931044,2.0805346507492413,0.0,-2.2393908949425167e-11,9.889778816465983,0.8499645849885666,-20.523785495758055,
42.00000000000006,5.8678686151716954,1.1502404488381466,2.0331853071795987,0.0,1.0,6.2158284566360456,0.5277889815931044,2.0805346507460154,0.0,-1.6126922020021083e-11,9.889778816465983,0.8499645849885666,-20.523785495758055,
42.20000000000006,5.8678686151716954,1.1502404488381466,1.8331853071795994,0.0,-1.0,6.2158284566360456,0.5277889815931044,2.080534650743692,0.0,-1.1610712391529887e-11,9.889778816465983,0.8499645849885666,-20.523785495758055,
42.40000000000006,5.8678686151716954,1.1502404488381466,2.0331853071795987,0.0,1.0,6.2158284566360456,0.5277889815931044,2.080534650742022,0.0,-8.357847747220147e-12,9.889778816465983,0.8499645849885666,-20.523785495758055,
42.600000000000065,5.8678686151716954,1.1502404488381466,1.8331853071795994,0.0,-1.0,6.2158284566360456,0.5277889815931044,2.080534650740818,0.0,-6.020162146569418e-12,9.889778816465983,0.8499645849885666,-20.523785495758055,
42.80000000000007,5.8678686151716954,1.1502404488381466,2.0331853071795987,0.0,1.0,6.2158284566360456,0.5277889815931044,2.080534650739951,0.0,-4.334044234610701e-12,9.889778816465983,0.8499645849885666,-20.523785495758055,
43.00000000000007,5.8678686151716954,1.1502404488381466,1.8331853071795994,0.0,-1.0,6.2158284566360456,0.5277889815931044,2.0805346507393256,0.0,-3.1204372419324497e-12,9.889778816465983,0.8499645849885666,-20.523785495758055,
43.200000000000074,5.8678686151716954,1.1502404488381466,2.0331853071795987,0.0,1.0,6.2158284566360456,0.5277889815931044,2.080534650738878,0.0,-2.2450485914760064e-12,9.889778816465983,0.8499645849885666,-20.523785495758055,
43.40000000000008,5.8678686151716954,1.1502404488381466,1.8331853071795994,0.0,-1.0,6.2158284566360456,0.5277889815931044,2.0805346507385547,0.0,-1.6183498985355981e-12,9.889778816465983,0.8499645849885666,-20.523785495758055,
43.60000000000008,5.8678686151716954,1.1502404488381466,2.0331853071795987,0.0,1.0,6.2158284566360456,0.5277889815931044,2.0805346507383202,0.0,-1.1657341758564144e-12,9.889778816465983,0.8499645849885666,-20.523785495758055,
43.80000000000008,5.8678686151716954,1.1502404488381466,1.8331853071795994,0.0,-1.0,6.2158284566360456,0.5277889815931044,2.0805346507381532,0.0,-8.374634319352481e-13,9.889778816465983,0.8499645849885666,-20.523785495758055,
44.000000000000085,5.8678686151716954,1.1502404488381466,2.0331853071795987,0.0,1.0,6.2158284566360456,0.5277889815931044,2.0805346507380325,0.0,-6.036948718701751e-13,9.889778816465983,0.8499645849885666,-20.523785495758055,
44.20000000000009,5.8678686151716954,1.1502404488381466,1.8331853071795994,0.0,-1.0,6.2158284566360456,0.5277889815931044,2.080534650737947,0.0,-4.3458570075927124e-13,9.889778816465983,0.8499645849885666,-20.523785495758055,
44.40000000000009,5.8678686151716954,1.1502404488381466,2.0331853071795987,0.0,1.0,6.2158284566360456,0.5277889815931044,2.0805346507378832,0.0,-3.152145211515744e-13,9.889778816465983,0.8499645849885666,-20.523785495758055,
44.600000000000094,5.8678686151716954,1.1502404488381466,1.8331853071795994,0.0,-1.0,6.2158284566360456,0.5277889815931044,2.0805346507378406,0.0,-2.2568613644580182e-13,9.889778816465983,0.8499645849885666,-20.523785495758055,
44.8000000000001,5.8678686151716954,1.1502404488381466,2.0331853071795987,0.0,1.0,6.2158284566360456,0.5277889815931044,2.080534650737805,0.0,-1.6600054664195339e-13,9.889778816465983,0.8499645849885666,-20.523785495758055,
45.0000000000001,5.8678686151716954,1.1502404488381466,1.8331853071795994,0.0,-1.0,6.2158284566360456,0.5277889815931044,2.0805346507377838,0.0,-1.162625551387464e-13,9.889778816465983,0.8499645849885666,-20.523785495758055,
45.2000000000001,5.8678686151716954,1.1502404488381466,2.0331853071795987,0.0,1.0,6.2158284566360456,0.5277889815931044,2.080534650737766,0.0,-8.641976023682218e-14,9.889778816465983,0.8499645849885666,-20.523785495758055,
45.400000000000105,5.8678686151716954,1.1502404488381466,1.8331853071795994,0.0,-1.0,6.2158284566360456,0.5277889815931044,2.080534650737752,0.0,-6.155076448521868e-14,9.889778816465983,0.8499645849885666,-20.523785495758055,
45.60000000000011,5.8678686151716954,1.1502404488381466,2.0331853071795987,0.0,1.0,6.2158284566360456,0.5277889815931044,2.0805346507377447,0.0,-4.165556788393587e-14,9.889778816465983,0.8499645849885666,-20.523785495758055,
45.80000000000011,5.8678686151716954,1.1502404488381466,1.8331853071795994,0.0,-1.0,6.2158284566360456,0.5277889815931044,2.0805346507377376,0.0,-3.170796958329447e-14,9.889778816465983,0.8499645849885666,-20.523785495758055,
46.000000000000114,5.8678686151716954,1.1502404488381466,2.0331853071795987,0.0,1.0,6.2158284566360456,0.5277889815931044,2.080534650737734,0.0,-2.1760371282653068e-14,9.889778816465983,0.8499645849885666,-20.523785495758055,
46.20000000000012,5.8678686151716954,1.1502404488381466,1.8331853071795994,0.0,-1.0,6.2158284566360456,0.5277889815931044,2.0805346507377305,0.0,-1.6786572132332366e-14,9.889778816465983,0.8499645849885666,-20.523785495758055,
46.40000000000012,5.8678686151716954,1.1502404488381466,2.0331853071795987,0.0,1.0,6.2158284566360456,0.5277889815931044,2.0805346507377305,0.0,-1.1812772982011665e-14,9.889778816465983,0.8499645849885666,-20.523785495758055,
46.60000000000012,5.8678686151716954,1.1502404488381466,1.8331853071795994,0.0,-1.0,6.2158284566360456,0.5277889815931044,2.0805346507377305,0.0,-1.1812772982011665e-14,9.889778816465983,0.8499645849885666,-20.523785495758055,
46.800000000000125,5.8678686151716954,1.1502404488381466,2.0331853071795987,0.0,1.0,6.2158284566360456,0.5277889815931044,2.0805346507377305,0.0,-1.1812772982011665e-14,9.889778816465983,0.8499645849885666,-20.523785495758055,
47.00000000000013,5.8678686151716954,1.1502404488381466,1.8331853071795994,0.0,-1.0,6.2158284566360456,0.5277889815931044,2.0805346507377305,0.0,-1.1812772982011665e-14,9.889778816465983,0.8499645849885666,-20.523785495758055,
47.20000000000013,5.8678686151716954,1.1502404488381466,2.0331853071795987,0.0,1.0,6.2158284566360456,0.5277889815931044,2.0805346507377305,0.0,-1.1812772982011665e-14,9.889778816465983,0.8499645849885666,-20.523785495758055,
47.400000000000134,5.8678686151716954,1.1502404488381466,1.8331853071795994,0.0,-1.0,6.2158284566360456,0.5277889815931044,2.0805346507377305,0.0,-1.1812772982011665e-14,9.889778816465983,0.8499645849885666,-20.523785495758055,
47.600000000000136,5.8678686151716954,1.1502404488381466,2.0331853071795987,0.0,1.0,6.2158284566360456,0.5277889815931044,2.0805346507377305,0.0,-1.1812772982011665e-14,9.889778816465983,0.8499645849885666,-20.523785495758055,
47.80000000000014,5.8678686151716954,1.1502404488381466,1.8331853071795994,0.0,-1.0,6.2158284566360456,0.5277889815931044,2.0805346507377305,0.0,-1.1812772982011665e-14,9.889778816465983,0.8499645849885666,-20.523785495758055,
48.00000000000014,5.8678686151716954,1.1502404488381466,2.0331853071795987,0.0,1.0,6.2158284566360456,0.5277889815931044,2.0805346507377305,0.0,-1.1812772982011665e-14,9.889778816465983,0.8499645849885666,-20.523785495758055,
48.200000000000145,5.8678686151716954,1.1502404488381466,1.8331853071795994,0.0,-1.0,6.2158284566360456,0.5277889815931044,2.0805346507377305,0.0,-1.1812772982011665e-14,9.889778816465983,0.8499645849885666,-20.523785495758055,
48.40000000000015,5.8678686151716954,1.1502404488381466,2.0331853071795987,0.0,1.0,6.2158284566360456,0.5277889815931044,2.0805346507377305,0.0,-1.1812772982011665e-14,9.889778816465983,0.8499645849885666,-20.523785495758055,
48.60000000000015,5.8678686151716954,1.1502404488381466,1.8331853071795994,0.0,-1.0,6.2158284566360456,0.5277889815931044,2.0805346507377305,0.0,-1.1812772982011665e-14,9.889778816465983,0.8499645849885666,-20.523785495758055,
48.80000000000015,5.8678686151716954,1.1502404488381466,2.0331853071795987,0.0,1.0,6.2158284566360456,0.5277889815931044,2.0805346507377305,0.0,-1.1812772982011665e-14,9.889778816465983,0.8499645849885666,-20.523785495758055,
49.000000000000156,5.8678686151716954,1.1502404488381466,1.8331853071795994,0.0,-1.0,6.2158284566360456,0.5277889815931044,2.0805346507377305,0.0,-1.1812772982011665e-14,9.889778816465983,0.8499645849885666,-20.523785495758055,
49.20000000000016,5.8678686151716954,1.1502404488381466,2.0331853071795987,0.0,1.0,6.2158284566360456,0.5277889815931044,2.0805346507377305,0.0,-1.1812772982011665e-14,9.889778816465983,0.8499645849885666,-20.523785495758055,
49.40000000000016,5.8678686151716954,1.1502404488381466,1.8331853071795994,0.0,-1.0,6.2158284566360456,0.5277889815931044,2.0805346507377305,0.0,-1.1812772982011665e-14,9.889778816465983,0.8499645849885666,-20.523785495758055,
49.600000000000165,5.8678686151716954,1.1502404488381466,2.0331853071795987,0.0,1.0,6.2158284566360456,0.5277889815931044,2.0805346507377305,0.0,-1.1812772982011665e-14,9.889778816465983,0.8499645849885666,-20.523785495758055,
49.80000000000017,5.8678686151716954,1.1502404488381466,1.8331853071795994,0.0,-1.0,6.2158284566360456,0.5277889815931044,2.0805346507377305,0.0,-1.1812772982011665e-14,9.889778816465983,0.8499645849885666,-20.523785495758055,
50.00000000000017,5.8678686151716954,1.1502404488381466,2.0331853071795987,0.0,1.0,6.2158284566360456,0.5277889815931044,2.0805346507377305,0.0,-1.1812772982011665e-14,9.889778816465983,0.8499645849885666,-20.523785495758055,
50.20000000000017,5.8678686151716954,1.1502404488381466,1.8331853071795994,0.0,-1.0,6.2158284566360456,0.5277889815931044,2.0805346507377305,0.0,-1.1812772982011665e-14,9.889778816465983,0.8499645849885666,-20.523785495758055,
50.400000000000176,5.8678686151716954,1.1502404488381466,2.0331853071795987,0.0,1.0,6.2158284566360456,0.5277889815931044,2.0805346507377305,0.0,-1.1812772982011665e-14,9.889778816465983,0.8499645849885666,-20.523785495758055,
50.60000000000018,5.8678686151716954,1.1502404488381466,1.8331853071795994,0.0,-1.0,6.2158284566360456,0.5277889815931044,2.0805346507377305,0.0,-1.1812772982011665e-14,9.889778816465983,0.8499645849885666,-20.523785495758055,
50.80000000000018,5.8678686151716954,1.1502404488381466,2.0331853071795987,0.0,1.0,6.2158284566360456,0.5277889815931044,2.0805346507377305,0.0,-1.1812772982011665e-14,9.889778816465983,0.8499645849885666,-20.523785495758055,
51.000000000000185,5.8678686151716954,1.1502404488381466,1.8331853071795994,0.0,-1.0,6.2158284566360456,0.5277889815931044,2.0805346507377305,0.0,-1.1812772982011665e-14,9.889778816465983,0.8499645849885666,-20.523785495758055,
51.20000000000019,5.8678686151716954,1.1502404488381466,2.0331853071795987,0.0,1.0,6.2158284566360456,0.5277889815931044,2.0805346507377305,0.0,-1.1812772982011665e-14,9.889778816465983,0.8499645849885666,-20.523785495758055,
51.40000000000019,5.8678686151716954,1.1502404488381466,1.8331853071795994,0.0,-1.0,6.2158284566360456,0.5277889815931044,2.0805346507377305,0.0,-1.1812772982011665e-14,9.889778816465983,0.8499645849885666,-20.523785495758055,
51.60000000000019,5.8678686151716954,1.1502404488381466,2.0331853071795987,0.0,1.0,6.2158284566360456,0.5277889815931044,2.0805346507377305,0.0,-1.1812772982011665e-14,9.889778816465983,0.8499645849885666,-20.523785495758055,
51.800000000000196,5.8678686151716954,1.1502404488381466,1.8331853071795994,0.0,-1.0,6.2158284566360456,0.5277889815931044,2.0805346507377305,0.0,-1.1812772982011665e-14,9.889778816465983,0.8499645849885666,-20.523785495758055,
52.0000000000002,5.8678686151716954,1.1502404488381466,2.0331853071795987,0.0,1.0,6.2158284566360456,0.5277889815931044,2.0805346507377305,0.0,-1.1812772982011665e-14,9.889778816465983,0.8499645849885666,-20.523785495758055,
52.2000000000002,5.8678686151716954,1.1502404488381466,1.8331853071795994,0.0,-1.0,6.2158284566360456,0.5277889815931044,2.0805346507377305,0.0,-1.1812772982011665e-14,9.889778816465983,0.8499645849885666,-20.523785495758055,
52.400000000000205,5.8678686151716954,1.1502404488381466,2.0331853071795987,0.0,1.0,6.2158284566360456,0.5277889815931044,2.0805346507377305,0.0,-1.1812772982011665e-14,9.889778816465983,0.8499645849885666,-20.523785495758055,
52.60000000000021,5.8678686151716954,1.1502404488381466,1.8331853071795994,0.0,-1.0,6.2158284566360456,0.5277889815931044,2.0805346507377305,0.0,-1.1812772982011665e-14,9.889778816465983,0.8499645849885666,-20.523785495758055,
52.80000000000021,5.8678686151716954,1.1502404488381466,2.0331853071795987,0.0,1.0,6.2158284566360456,0.5277889815931044,2.0805346507377305,0.0,-1.1812772982011665e-14,9.889778816465983,0.8499645849885666,-20.523785495758055,
53.00000000000021,5.8678686151716954,1.1502404488381466,1.8331853071795994,0.0,-1.0,6.2158284566360456,0.5277889815931044,2.0805346507377305,0.0,-1.1812772982011665e-14,9.889778816465983,0.8499645849885666,-20.523785495758055,
53.200000000000216,5.8678686151716954,1.1502404488381466,2.0331853071795987,0.0,1.0,6.2158284566360456,0.5277889815931044,2.0805346507377305,0.0,-1.1812772982011665e-14,9.889778816465983,0.8499645849885666,-20.523785495758055,
53.40000000000022,5.8678686151716954,1.1502404488381466,1.8331853071795994,0.0,-1.0,6.2158284566360456,0.5277889815931044,2.0805346507377305,0.0,-1.1812772982011665e-14,9.889778816465983,0.8499645849885666,-20.523785495758055,
53.60000000000022,5.8678686151716954,1.1502404488381466,2.0331853071795987,0.0,1.0,6.2158284566360456,0.5277889815931044,2.0805346507377305,0.0,-1.1812772982011665e-14,9.889778816465983,0.8499645849885666,-20.523785495758055,
53.800000000000225,5.8678686151716954,1.1502404488381466,1.8331853071795994,0.0,-1.0,6.2158284566360456,0.5277889815931044,2.0805346507377305,0.0,-1.1812772982011665e-14,9.889778816465983,0.8499645849885666,-20.523785495758055,
54.00000000000023,5.8678686151716954,1.1502404488381466,2.0331853071795987,0.0,1.0,6.2158284566360456,0.5277889815931044,2.0805346507377305,0.0,-1.1812772982011665e-14,9.889778816465983,0.8499645849885666,-20.523785495758055,
54.20000000000023,5.8678686151716954,1.1502404488381466,1.8331853071795994,0.0,-1.0,6.2158284566360456,0.5277889815931044,2.0805346507377305,0.0,-1.1812772982011665e-14,9.889778816465983,0.8499645849885666,-20.523785495758055,
54.40000000000023,5.8678686151716954,1.1502404488381466,2.0331853071795987,0.0,1.0,6.2158284566360456,0.5277889815931044,2.0805346507377305,0.0,-1.1812772982011665e-14,9.889778816465983,0.8499645849885666,-20.523785495758055,
54.600000000000236,5.8678686151716954,1.1502404488381466,1.8331853071795994,0.0,-1.0,6.2158284566360456,0.5277889815931044,2.0805346507377305,0.0,-1.1812772982011665e-14,9.889778816465983,0.8499645849885666,-20.523785495758055,
54.80000000000024,5.8678686151716954,1.1502404488381466,2.0331853071795987,0.0,1.0,6.2158284566360456,0.5277889815931044,2.0805346507377305,0.0,-1.1812772982011665e-14,9.889778816465983,0.8499645849885666,-20.523785495758055,
55.00000000000024,5.8678686151716954,1.1502404488381466,1.8331853071795994,0.0,-1.0,6.2158284566360456,0.5277889815931044,2.0805346507377305,0.0,-1.1812772982011665e-14,9.889778816465983,0.8499645849885666,-20.523785495758055,
55.200000000000244,5.8678686151716954,1.1502404488381466,2.0331853071795987,0.0,1.0,6.2158284566360456,0.5277889815931044,2.0805346507377305,0.0,-1.1812772982011665e-14,9.889778816465983,0.8499645849885666,-20.523785495758055,
55.40000000000025,5.8678686151716954,1.1502404488381466,1.8331853071795994,0.0,-1.0,6.2158284566360456,0.5277889815931044,2.0805346507377305,0.0,-1.1812772982011665e-14,9.889778816465983,0.8499645849885666,-20.523785495758055,
55.60000000000025,5.8678686151716954,1.1502404488381466,2.0331853071795987,0.0,1.0,6.2158284566360456,0.5277889815931044,2.0805346507377305,0.0,-1.1812772982011665e-14,9.889778816465983,0.8499645849885666,-20.523785495758055,
55.80000000000025,5.8678686151716954,1.1502404488381466,1.8331853071795994,0.0,-1.0,6.2158284566360456,0.5277889815931044,2.0805346507377305,0.0,-1.1812772982011665e-14,9.889778816465983,0.8499645849885666,-20.523785495758055,
56.000000000000256,5.8678686151716954,1.1502404488381466,2.0331853071795987,0.0,1.0,6.2158284566360456,0.5277889815931044,2.0805346507377305,0.0,-1.1812772982011665e-14,9.889778816465983,0.8499645849885666,-20.523785495758055,
56.20000000000026,5.8678686151716954,1.1502404488381466,1.8331853071795994,0.0,-1.0,6.2158284566360456,0.5277889815931044,2.0805346507377305,0.0,-1.1812772982011665e-14,9.889778816465983,0.8499645849885666,-20.523785495758055,
56.40000000000026,5.8678686151716954,1.1502404488381466,2.0331853071795987,0.0,1.0,6.2158284566360456,0.5277889815931044,2.0805346507377305,0.0,-1.1812772982011665e-14,9.889778816465983,0.8499645849885666,-20.523785495758055,
56.600000000000264,5.8678686151716954,1.1502404488381466,1.8331853071795994,0.0,-1.0,6.2158284566360456,0.5277889815931044,2.0805346507377305,0.0,-1.1812772982011665e-14,9.889778816465983,0.8499645849885666,-20.523785495758055,
56.80000000000027,5.8678686151716954,1.1502404488381466,2.0331853071795987,0.0,1.0,6.2158284566360456,0.5277889815931044,2.0805346507377305,0.0,-1.1812772982011665e-14,9.889778816465983,0.8499645849885666,-20.523785495758055,
57.00000000000027,5.8678686151716954,1.1502404488381466,1.8331853071795994,0.0,-1.0,6.2158284566360456,0.5277889815931044,2.0805346507377305,0.0,-1.1812772982011665e-14,9.889778816465983,0.8499645849885666,-20.523785495758055,
57.20000000000027,5.8678686151716954,1.1502404488381466,2.0331853071795987,0.0,1.0,6.2158284566360456,0.5277889815931044,2.0805346507377305,0.0,-1.1812772982011665e-14,9.889778816465983,0.8499645849885666,-20.523785495758055,
57.400000000000276,5.8678686151716954,1.1502404488381466,1.8331853071795994,0.0,-1.0,6.2158284566360456,0.5277889815931044,2.0805346507377305,0.0,-1.1812772982011665e-14,9.889778816465983,0.8499645849885666,-20.523785495758055,
57.60000000000028,5.8678686151716954,1.1502404488381466,2.0331853071795987,0.0,1.0,6.2158284566360456,0.5277889815931044,2.0805346507377305,0.0,-1.1812772982011665e-14,9.889778816465983,0.8499645849885666,-20.523785495758055,
57.80000000000028,5.8678686151716954,1.1502404488381466,1.8331853071795994,0.0,-1.0,6.2158284566360456,0.5277889815931044,2.0805346507377305,0.0,-1.1812772982011665e-14,9.889778816465983,0.8499645849885666,-20.523785495758055,
58.000000000000284,5.8678686151716954,1.1502404488381466,2.0331853071795987,0.0,1.0,6.2158284566360456,0.5277889815931044,2.0805346507377305,0.0,-1.1812772982011665e-14,9.889778816465983,0.8499645849885666,-20.523785495758055,
58.20000000000029,5.8678686151716954,1.1502404488381466,1.8331853071795994,0.0,-1.0,6.2158284566360456,0.5277889815931044,2.0805346507377305,0.0,-1.1812772982011665e-14,9.889778816465983,0.8499645849885666,-20.523785495758055,
58.40000000000029,5.8678686151716954,1.1502404488381466,2.0331853071795987,0.0,1.0,6.2158284566360456,0.5277889815931044,2.0805346507377305,0.0,-1.1812772982011665e-14,9.889778816465983,0.8499645849885666,-20.523785495758055,
58.60000000000029,5.8678686151716954,1.1502404488381466,1.8331853071795994,0.0,-1.0,6.2158284566360456,0.5277889815931044,2.0805346507377305,0.0,-1.1812772982011665e-14,9.889778816465983,0.8499645849885666,-20.523785495758055,
58.800000000000296,5.8678686151716954,1.1502404488381466,2.0331853071795987,0.0,1.0,6.2158284566360456,0.5277889815931044,2.0805346507377305,0.0,-1.1812772982011665e-14,9.889778816465983,0.8499645849885666,-20.523785495758055,
59.0000000000003,5.8678686151716954,1.1502404488381466,1.8331853071795994,0.0,-1.0,6.2158284566360456,0.5277889815931044,2.0805346507377305,0.0,-1.1812772982011665e-14,9.889778816465983,0.8499645849885666,-20.523785495758055,
59.2000000000003,5.8678686151716954,1.1502404488381466,2.0331853071795987,0.0,1.0,6.2158284566360456,0.5277889815931044,2.0805346507377305,0.0,-1.1812772982011665e-14,9.889778816465983,0.8499645849885666,-20.523785495758055,
59.400000000000304,5.8678686151716954,1.1502404488381466,1.8331853071795994,0.0,-1.0,6.2158284566360456,0.5277889815931044,2.0805346507377305,0.0,-1.1812772982011665e-14,9.889778816465983,0.8499645849885666,-20.523785495758055,
59.60000000000031,5.8678686151716954,1.1502404488381466,2.0331853071795987,0.0,1.0,6.2158284566360456,0.5277889815931044,2.0805346507377305,0.0,-1.1812772982011665e-14,9.889778816465983,0.8499645849885666,-20.523785495758055,
59.80000000000031,5.8678686151716954,1.1502404488381466,1.8331853071795994,0.0,-1.0,6.2158284566360456,0.5277889815931044,2.0805346507377305,0.0,-1.1812772982011665e-14,9.889778816465983,0.8499645849885666,-20.523785495758055,
60.00000000000031,5.8678686151716954,1.1502404488381466,2.0331853071795987,0.0,1.0,6.2158284566360456,0.5277889815931044,2.0805346507377305,0.0,-1.1812772982011665e-14,9.889778816465983,0.8499645849885666,-20.523785495758055,
60.200000000000315,5.8678686151716954,1.1502404488381466,1.8331853071795994,0.0,-1.0,6.2158284566360456,0.5277889815931044,2.0805346507377305,0.0,-1.1812772982011665e-14,9.889778816465983,0.8499645849885666,-20.523785495758055,
60.40000000000032,5.8678686151716954,1.1502404488381466,2.0331853071795987,0.0,1.0,6.2158284566360456,0.5277889815931044,2.0805346507377305,0.0,-1.1812772982011665e-14,9.889778816465983,0.8499645849885666,-20.523785495758055,
60.60000000000032,5.8678686151716954,1.1502404488381466,1.8331853071795994,0.0,-1.0,6.2158284566360456,0.5277889815931044,2.0805346507377305,0.0,-1.1812772982011665e-14,9.889778816465983,0.8499645849885666,-20.523785495758055,
60.800000000000324,5.8678686151716954,1.1502404488381466,2.0331853071795987,0.0,1.0,6.2158284566360456,0.5277889815931044,2.0805346507377305,0.0,-1.1812772982011665e-14,9.889778816465983,0.8499645849885666,-20.523785495758055,
61.00000000000033,5.8678686151716954,1.1502404488381466,1.8331853071795994,0.0,-1.0,6.2158284566360456,0.5277889815931044,2.0805346507377305,0.0,-1.1812772982011665e-14,9.889778816465983,0.8499645849885666,-20.523785495758055,
61.20000000000033,5.8678686151716954,1.1502404488381466,2.0331853071795987,0.0,1.0,6.2158284566360456,0.5277889815931044,2.0805346507377305,0.0,-1.1812772982011665e-14,9.889778816465983,0.8499645849885666,-20.523785495758055,
61.40000000000033,5.8678686151716954,1.1502404488381466,1.8331853071795994,0.0,-1.0,6.2158284566360456,0.5277889815931044,2.0805346507377305,0.0,-1.1812772982011665e-14,9.889778816465983,0.8499645849885666,-20.523785495758055,
61.600000000000335,5.8678686151716954,1.1502404488381466,2.0331853071795987,0.0,1.0,6.2158284566360456,0.5277889815931044,2.0805346507377305,0.0,-1.1812772982011665e-14,9.889778816465983,0.8499645849885666,-20.523785495758055,
61.80000000000034,5.8678686151716954,1.1502404488381466,1.8331853071795994,0.0,-1.0,6.2158284566360456,0.5277889815931044,2.0805346507377305,0.0,-1.1812772982011665e-14,9.889778816465983,0.8499645849885666,-20.523785495758055,
62.00000000000034,5.8678686151716954,1.1502404488381466,2.0331853071795987,0.0,1.0,6.2158284566360456,0.5277889815931044,2.0805346507377305,0.0,-1.1812772982011665e-14,9.889778816465983,0.8499645849885666,-20.523785495758055,
62.200000000000344,5.8678686151716954,1.1502404488381466,1.8331853071795994,0.0,-1.0,6.2158284566360456,0.5277889815931044,2.0805346507377305,0.0,-1.1812772982011665e-14,9.889778816465983,0.8499645849885666,-20.523785495758055,
62.40000000000035,5.8678686151716954,1.1502404488381466,2.0331853071795987,0.0,1.0,6.2158284566360456,0.5277889815931044,2.0805346507377305,0.0,-1.1812772982011665e-14,9.889778816465983,0.8499645849885666,-20.523785495758055,
62.60000000000035,5.8678686151716954,1.1502404488381466,1.8331853071795994,0.0,-1.0,6.2158284566360456,0.5277889815931044,2.0805346507377305,0.0,-1.1812772982011665e-14,9.889778816465983,0.8499645849885666,-20.523785495758055,
62.80000000000035,5.8678686151716954,1.1502404488381466,2.0331853071795987,0.0,1.0,6.2158284566360456,0.5277889815931044,2.0805346507377305,0.0,-1.1812772982011665e-14,9.889778816465983,0.8499645849885666,-20.523785495758055,
63.000000000000355,5.8678686151716954,1.1502404488381466,1.8331853071795994,0.0,-1.0,6.2158284566360456,0.5277889815931044,2.0805346507377305,0.0,-1.1812772982011665e-14,9.889778816465983,0.8499645849885666,-20.523785495758055,
63.20000000000036,5.8678686151716954,1.1502404488381466,2.0331853071795987,0.0,1.0,6.2158284566360456,0.5277889815931044,2.0805346507377305,0.0,-1.1812772982011665e-14,9.889778816465983,0.8499645849885666,-20.523785495758055,
63.40000000000036,5.8678686151716954,1.1502404488381466,1.8331853071795994,0.0,-1.0,6.2158284566360456,0.5277889815931044,2.0805346507377305,0.0,-1.1812772982011665e-14,9.889778816465983,0.8499645849885666,-20.523785495758055,
63.600000000000364,5.8678686151716954,1.1502404488381466,2.0331853071795987,0.0,1.0,6.2158284566360456,0.5277889815931044,2.0805346507377305,0.0,-1.1812772982011665e-14,9.889778816465983,0.8499645849885666,-20.523785495758055,
63.80000000000037,5.8678686151716954,1.1502404488381466,1.8331853071795994,0.0,-1.0,6.2158284566360456,0.5277889815931044,2.0805346507377305,0.0,-1.1812772982011665e-14,9.889778816465983,0.8499645849885666,-20.523785495758055,
64.00000000000037,5.8678686151716954,1.1502404488381466,2.0331853071795987,0.0,1.0,6.2158284566360456,0.5277889815931044,2.0805346507377305,0.0,-1.1812772982011665e-14,9.889778816465983,0.8499645849885666,-20.523785495758055,
64.20000000000037,5.8678686151716954,1.1502404488381466,1.8331853071795994,0.0,-1.0,6.2158284566360456,0.5277889815931044,2.0805346507377305,0.0,-1.1812772982011665e-14,9.889778816465983,0.8499645849885666,-20.523785495758055,
64.40000000000038,5.8678686151716954,1.1502404488381466,2.0331853071795987,0.0,1.0,6.2158284566360456,0.5277889815931044,2.0805346507377305,0.0,-1.1812772982011665e-14,9.889778816465983,0.8499645849885666,-20.523785495758055,
64.60000000000038,5.8678686151716954,1.1502404488381466,1.8331853071795994,0.0,-1.0,6.2158284566360456,0.5277889815931044,2.0805346507377305,0.0,-1.1812772982011665e-14,9.889778816465983,0.8499645849885666,-20.523785495758055,
64.80000000000038,5.8678686151716954,1.1502404488381466,2.0331853071795987,0.0,1.0,6.2158284566360456,0.5277889815931044,2.0805346507377305,0.0,-1.1812772982011665e-14,9.889778816465983,0.8499645849885666,-20.523785495758055,
65.00000000000038,5.8678686151716954,1.1502404488381466,1.8331853071795994,0.0,-1.0,6.2158284566360456,0.5277889815931044,2.0805346507377305,0.0,-1.1812772982011665e-14,9.889778816465983,0.8499645849885666,-20.523785495758055,
65.20000000000039,5.8678686151716954,1.1502404488381466,2.0331853071795987,0.0,1.0,6.2158284566360456,0.5277889815931044,2.0805346507377305,0.0,-1.1812772982011665e-14,9.889778816465983,0.8499645849885666,-20.523785495758055,
65.40000000000039,5.8678686151716954,1.1502404488381466,1.8331853071795994,0.0,-1.0,6.2158284566360456,0.5277889815931044,2.0805346507377305,0.0,-1.1812772982011665e-14,9.889778816465983,0.8499645849885666,-20.523785495758055,
65.60000000000039,5.8678686151716954,1.1502404488381466,2.0331853071795987,0.0,1.0,6.2158284566360456,0.5277889815931044,2.0805346507377305,0.0,-1.1812772982011665e-14,9.889778816465983,0.8499645849885666,-20.523785495758055,
65.8000000000004,5.8678686151716954,1.1502404488381466,1.8331853071795994,0.0,-1.0,6.2158284566360456,0.5277889815931044,2.0805346507377305,0.0,-1.1812772982011665e-14,9.889778816465983,0.8499645849885666,-20.523785495758055,
66.0000000000004,5.8678686151716954,1.1502404488381466,2.0331853071795987,0.0,1.0,6.2158284566360456,0.5277889815931044,2.0805346507377305,0.0,-1.1812772982011665e-14,9.889778816465983,0.8499645849885666,-20.523785495758055,
66.2000000000004,5.8678686151716954,1.1502404488381466,1.8331853071795994,0.0,-1.0,6.2158284566360456,0.5277889815931044,2.0805346507377305,0.0,-1.1812772982011665e-14,9.889778816465983,0.8499645849885666,-20.523785495758055,
66.4000000000004,5.8678686151716954,1.1502404488381466,2.0331853071795987,0.0,1.0,6.2158284566360456,0.5277889815931044,2.0805346507377305,0.0,-1.1812772982011665e-14,9.889778816465983,0.8499645849885666,-20.523785495758055,
66.6000000000004,5.8678686151716954,1.1502404488381466,1.8331853071795994,0.0,-1.0,6.2158284566360456,0.5277889815931044,2.0805346507377305,0.0,-1.1812772982011665e-14,9.889778816465983,0.8499645849885666,-20.523785495758055,
66.80000000000041,5.8678686151716954,1.1502404488381466,2.0331853071795987,0.0,1.0,6.2158284566360456,0.5277889815931044,2.0805346507377305,0.0,-1.1812772982011665e-14,9.889778816465983,0.8499645849885666,-20.523785495758055,
67.00000000000041,5.8678686151716954,1.1502404488381466,1.8331853071795994,0.0,-1.0,6.2158284566360456,0.5277889815931044,2.0805346507377305,0.0,-1.1812772982011665e-14,9.889778816465983,0.8499645849885666,-20.523785495758055,
67.20000000000041,5.8678686151716954,1.1502404488381466,2.0331853071795987,0.0,1.0,6.2158284566360456,0.5277889815931044,2.0805346507377305,0.0,-1.1812772982011665e-14,9.889778816465983,0.8499645849885666,-20.523785495758055,
67.40000000000042,5.8678686151716954,1.1502404488381466,1.8331853071795994,0.0,-1.0,6.2158284566360456,0.5277889815931044,2.0805346507377305,0.0,-1.1812772982011665e-14,9.889778816465983,0.8499645849885666,-20.523785495758055,
67.60000000000042,5.8678686151716954,1.1502404488381466,2.0331853071795987,0.0,1.0,6.2158284566360456,0.5277889815931044,2.0805346507377305,0.0,-1.1812772982011665e-14,9.889778816465983,0.8499645849885666,-20.523785495758055,
67.80000000000042,5.8678686151716954,1.1502404488381466,1.8331853071795994,0.0,-1.0,6.2158284566360456,0.5277889815931044,2.0805346507377305,0.0,-1.1812772982011665e-14,9.889778816465983,0.8499645849885666,-20.523785495758055,
68.00000000000043,5.8678686151716954,1.1502404488381466,2.0331853071795987,0.0,1.0,6.2158284566360456,0.5277889815931044,2.0805346507377305,0.0,-1.1812772982011665e-14,9.889778816465983,0.8499645849885666,-20.523785495758055,
68.20000000000043,5.8678686151716954,1.1502404488381466,1.8331853071795994,0.0,-1.0,6.2158284566360456,0.5277889815931044,2.0805346507377305,0.0,-1.1812772982011665e-14,9.889778816465983,0.8499645849885666,-20.523785495758055,
68.40000000000043,5.8678686151716954,1.1502404488381466,2.0331853071795987,0.0,1.0,6.2158284566360456,0.5277889815931044,2.0805346507377305,0.0,-1.1812772982011665e-14,9.889778816465983,0.8499645849885666,-20.523785495758055,
68.60000000000043,5.8678686151716954,1.1502404488381466,1.8331853071795994,0.0,-1.0,6.2158284566360456,0.5277889815931044,2.0805346507377305,0.0,-1.1812772982011665e-14,9.889778816465983,0.8499645849885666,-20.523785495758055,
68.80000000000044,5.8678686151716954,1.1502404488381466,2.0331853071795987,0.0,1.0,6.2158284566360456,0.5277889815931044,2.0805346507377305,0.0,-1.1812772982011665e-14,9.889778816465983,0.8499645849885666,-20.523785495758055,
69.00000000000044,5.8678686151716954,1.1502404488381466,1.8331853071795994,0.0,-1.0,6.2158284566360456,0.5277889815931044,2.0805346507377305,0.0,-1.1812772982011665e-14,9.889778816465983,0.8499645849885666,-20.523785495758055,
69.20000000000044,5.8678686151716954,1.1502404488381466,2.0331853071795987,0.0,1.0,6.2158284566360456,0.5277889815931044,2.0805346507377305,0.0,-1.1812772982011665e-14,9.889778816465983,0.8499645849885666,-20.523785495758055,
69.40000000000045,5.8678686151716954,1.1502404488381466,1.8331853071795994,0.0,-1.0,6.2158284566360456,0.5277889815931044,2.0805346507377305,0.0,-1.1812772982011665e-14,9.889778816465983,0.8499645849885666,-20.523785495758055,
69.60000000000045,5.8678686151716954,1.1502404488381466,2.0331853071795987,0.0,1.0,6.2158284566360456,0.5277889815931044,2.0805346507377305,0.0,-1.1812772982011665e-14,9.889778816465983,0.8499645849885666,-20.523785495758055,
69.80000000000045,5.8678686151716954,1.1502404488381466,1.8331853071795994,0.0,-1.0,6.2158284566360456,0.5277889815931044,2.0805346507377305,0.0,-1.1812772982011665e-14,9.889778816465983,0.8499645849885666,-20.523785495758055,
70.00000000000045,5.8678686151716954,1.1502404488381466,2.0331853071795987,0.0,1.0,6.2158284566360456,0.5277889815931044,2.0805346507377305,0.0,-1.1812772982011665e-14,9.889778816465983,0.8499645849885666,-20.523785495758055,
70.20000000000046,5.8678686151716954,1.1502404488381466,1.8331853071795994,0.0,-1.0,6.2158284566360456,0.5277889815931044,2.0805346507377305,0.0,-1.1812772982011665e-14,9.889778816465983,0.8499645849885666,-20.523785495758055,
70.40000000000046,5.8678686151716954,1.1502404488381466,2.0331853071795987,0.0,1.0,6.2158284566360456,0.5277889815931044,2.0805346507377305,0.0,-1.1812772982011665e-14,9.889778816465983,0.8499645849885666,-20.523785495758055,
70.60000000000046,5.8678686151716954,1.1502404488381466,1.8331853071795994,0.0,-1.0,6.2158284566360456,0.5277889815931044,2.0805346507377305,0.0,-1.1812772982011665e-14,9.889778816465983,0.8499645849885666,-20.523785495758055,
70.80000000000047,5.8678686151716954,1.1502404488381466,2.0331853071795987,0.0,1.0,6.2158284566360456,0.5277889815931044,2.0805346507377305,0.0,-1.1812772982011665e-14,9.889778816465983,0.8499645849885666,-20.523785495758055,
71.00000000000047,5.8678686151716954,1.1502404488381466,1.8331853071795994,0.0,-1.0,6.2158284566360456,0.5277889815931044,2.0805346507377305,0.0,-1.1812772982011665e-14,9.889778816465983,0.8499645849885666,-20.523785495758055,
71.20000000000047,5.8678686151716954,1.1502404488381466,2.0331853071795987,0.0,1.0,6.2158284566360456,0.5277889815931044,2.0805346507377305,0.0,-1.1812772982011665e-14,9.889778816465983,0.8499645849885666,-20.523785495758055,
71.40000000000047,5.8678686151716954,1.1502404488381466,1.8331853071795994,0.0,-1.0,6.2158284566360456,0.5277889815931044,2.0805346507377305,0.0,-1.1812772982011665e-14,9.889778816465983,0.8499645849885666,-20.523785495758055,
71.60000000000048,5.8678686151716954,1.1502404488381466,2.0331853071795987,0.0,1.0,6.2158284566360456,0.5277889815931044,2.0805346507377305,0.0,-1.1812772982011665e-14,9.889778816465983,0.8499645849885666,-20.523785495758055,
71.80000000000048,5.8678686151716954,1.1502404488381466,1.8331853071795994,0.0,-1.0,6.2158284566360456,0.5277889815931044,2.0805346507377305,0.0,-1.1812772982011665e-14,9.889778816465983,0.8499645849885666,-20.523785495758055,
72.00000000000048,5.8678686151716954,1.1502404488381466,2.0331853071795987,0.0,1.0,6.2158284566360456,0.5277889815931044,2.0805346507377305,0.0,-1.1812772982011665e-14,9.889778816465983,0.8499645849885666,-20.523785495758055,
72.20000000000049,5.8678686151716954,1.1502404488381466,1.8331853071795994,0.0,-1.0,6.2158284566360456,0.5277889815931044,2.0805346507377305,0.0,-1.1812772982011665e-14,9.889778816465983,0.8499645849885666,-20.523785495758055,
72.40000000000049,5.8678686151716954,1.1502404488381466,2.0331853071795987,0.0,1.0,6.2158284566360456,0.5277889815931044,2.0805346507377305,0.0,-1.1812772982011665e-14,9.889778816465983,0.8499645849885666,-20.523785495758055,
72.60000000000049,5.8678686151716954,1.1502404488381466,1.8331853071795994,0.0,-1.0,6.2158284566360456,0.5277889815931044,2.0805346507377305,0.0,-1.1812772982011665e-14,9.889778816465983,0.8499645849885666,-20.523785495758055,
72.8000000000005,5.8678686151716954,1.1502404488381466,2.0331853071795987,0.0,1.0,6.2158284566360456,0.5277889815931044,2.0805346507377305,0.0,-1.1812772982011665e-14,9.889778816465983,0.8499645849885666,-20.523785495758055,
73.0000000000005,5.8678686151716954,1.1502404488381466,1.8331853071795994,0.0,-1.0,6.2158284566360456,0.5277889815931044,2.0805346507377305,0.0,-1.1812772982011665e-14,9.889778816465983,0.8499645849885666,-20.523785495758055,
73.2000000000005,5.8678686151716954,1.1502404488381466,2.0331853071795987,0.0,1.0,6.2158284566360456,0.5277889815931044,2.0805346507377305,0.0,-1.1812772982011665e-14,9.889778816465983,0.8499645849885666,-20.523785495758055,
73.4000000000005,5.8678686151716954,1.1502404488381466,1.8331853071795994,0.0,-1.0,6.2158284566360456,0.5277889815931044,2.0805346507377305,0.0,-1.1812772982011665e-14,9.889778816465983,0.8499645849885666,-20.523785495758055,
73.6000000000005,5.8678686151716954,1.1502404488381466,2.0331853071795987,0.0,1.0,6.2158284566360456,0.5277889815931044,2.0805346507377305,0.0,-1.1812772982011665e-14,9.889778816465983,0.8499645849885666,-20.523785495758055,
73.80000000000051,5.8678686151716954,1.1502404488381466,1.8331853071795994,0.0,-1.0,6.2158284566360456,0.5277889815931044,2.0805346507377305,0.0,-1.1812772982011665e-14,9.889778816465983,0.8499645849885666,-20.523785495758055,
74.00000000000051,5.8678686151716954,1.1502404488381466,2.0331853071795987,0.0,1.0,6.2158284566360456,0.5277889815931044,2.0805346507377305,0.0,-1.1812772982011665e-14,9.889778816465983,0.8499645849885666,-20.523785495758055,
74.20000000000051,5.8678686151716954,1.1502404488381466,1.8331853071795994,0.0,-1.0,6.2158284566360456,0.5277889815931044,2.0805346507377305,0.0,-1.1812772982011665e-14,9.889778816465983,0.8499645849885666,-20.523785495758055,
74.40000000000052,5.8678686151716954,1.1502404488381466,2.0331853071795987,0.0,1.0,6.2158284566360456,0.5277889815931044,2.0805346507377305,0.0,-1.1812772982011665e-14,9.889778816465983,0.8499645849885666,-20.523785495758055,
74.60000000000052,5.8678686151716954,1.1502404488381466,1.8331853071795994,0.0,-1.0,6.2158284566360456,0.5277889815931044,2.0805346507377305,0.0,-1.1812772982011665e-14,9.889778816465983,0.8499645849885666,-20.523785495758055,
74.80000000000052,5.8678686151716954,1.1502404488381466,2.0331853071795987,0.0,1.0,6.2158284566360456,0.5277889815931044,2.0805346507377305,0.0,-1.1812772982011665e-14,9.889778816465983,0.8499645849885666,-20.523785495758055,
75.00000000000053,5.8678686151716954,1.1502404488381466,1.8331853071795994,0.0,-1.0,6.2158284566360456,0.5277889815931044,2.0805346507377305,0.0,-1.1812772982011665e-14,9.889778816465983,0.8499645849885666,-20.523785495758055,
75.20000000000053,5.8678686151716954,1.1502404488381466,2.0331853071795987,0.0,1.0,6.2158284566360456,0.5277889815931044,2.0805346507377305,0.0,-1.1812772982011665e-14,9.889778816465983,0.8499645849885666,-20.523785495758055,
75.40000000000053,5.8678686151716954,1.1502404488381466,1.8331853071795994,0.0,-1.0,6.2158284566360456,0.5277889815931044,2.0805346507377305,0.0,-1.1812772982011665e-14,9.889778816465983,0.8499645849885666,-20.523785495758055,
75.60000000000053,5.8678686151716954,1.1502404488381466,2.0331853071795987,0.0,1.0,6.2158284566360456,0.5277889815931044,2.0805346507377305,0.0,-1.1812772982011665e-14,9.889778816465983,0.8499645849885666,-20.523785495758055,
75.80000000000054,5.8678686151716954,1.1502404488381466,1.8331853071795994,0.0,-1.0,6.2158284566360456,0.5277889815931044,2.0805346507377305,0.0,-1.1812772982011665e-14,9.889778816465983,0.8499645849885666,-20.523785495758055,
76.00000000000054,5.8678686151716954,1.1502404488381466,2.0331853071795987,0.0,1.0,6.2158284566360456,0.5277889815931044,2.0805346507377305,0.0,-1.1812772982011665e-14,9.889778816465983,0.8499645849885666,-20.523785495758055,
76.20000000000054,5.8678686151716954,1.1502404488381466,1.8331853071795994,0.0,-1.0,6.2158284566360456,0.5277889815931044,2.0805346507377305,0.0,-1.1812772982011665e-14,9.889778816465983,0.8499645849885666,-20.523785495758055,
76.40000000000055,5.8678686151716954,1.1502404488381466,2.0331853071795987,0.0,1.0,6.2158284566360456,0.5277889815931044,2.0805346507377305,0.0,-1.1812772982011665e-14,9.889778816465983,0.8499645849885666,-20.523785495758055,
76.60000000000055,5.8678686151716954,1.1502404488381466,1.8331853071795994,0.0,-1.0,6.2158284566360456,0.5277889815931044,2.0805346507377305,0.0,-1.1812772982011665e-14,9.889778816465983,0.8499645849885666,-20.523785495758055,
76.80000000000055,5.8678686151716954,1.1502404488381466,2.0331853071795987,0.0,1.0,6.2158284566360456,0.5277889815931044,2.0805346507377305,0.0,-1.1812772982011665e-14,9.889778816465983,0.8499645849885666,-20.523785495758055,
77.00000000000055,5.8678686151716954,1.1502404488381466,1.8331853071795994,0.0,-1.0,6.2158284566360456,0.5277889815931044,2.0805346507377305,0.0,-1.1812772982011665e-14,9.889778816465983,0.8499645849885666,-20.523785495758055,
77.20000000000056,5.8678686151716954,1.1502404488381466,2.0331853071795987,0.0,1.0,6.2158284566360456,0.5277889815931044,2.0805346507377305,0.0,-1.1812772982011665e-14,9.889778816465983,0.8499645849885666,-20.523785495758055,
77.40000000000056,5.8678686151716954,1.1502404488381466,1.8331853071795994,0.0,-1.0,6.2158284566360456,0.5277889815931044,2.0805346507377305,0.0,-1.1812772982011665e-14,9.889778816465983,0.8499645849885666,-20.523785495758055,
77.60000000000056,5.8678686151716954,1.1502404488381466,2.0331853071795987,0.0,1.0,6.2158284566360456,0.5277889815931044,2.0805346507377305,0.0,-1.1812772982011665e-14,9.889778816465983,0.8499645849885666,-20.523785495758055,
77.80000000000057,5.8678686151716954,1.1502404488381466,1.8331853071795994,0.0,-1.0,6.2158284566360456,0.5277889815931044,2.0805346507377305,0.0,-1.1812772982011665e-14,9.889778816465983,0.8499645849885666,-20.523785495758055,
78.00000000000057,5.8678686151716954,1.1502404488381466,2.0331853071795987,0.0,1.0,6.2158284566360456,0.5277889815931044,2.0805346507377305,0.0,-1.1812772982011665e-14,9.889778816465983,0.8499645849885666,-20.523785495758055,
78.20000000000057,5.8678686151716954,1.1502404488381466,1.8331853071795994,0.0,-1.0,6.2158284566360456,0.5277889815931044,2.0805346507377305,0.0,-1.1812772982011665e-14,9.889778816465983,0.8499645849885666,-20.523785495758055,
78.40000000000057,5.8678686151716954,1.1502404488381466,2.0331853071795987,0.0,1.0,6.2158284566360456,0.5277889815931044,2.0805346507377305,0.0,-1.1812772982011665e-14,9.889778816465983,0.8499645849885666,-20.523785495758055,
78.60000000000058,5.8678686151716954,1.1502404488381466,1.8331853071795994,0.0,-1.0,6.2158284566360456,0.5277889815931044,2.0805346507377305,0.0,-1.1812772982011665e-14,9.889778816465983,0.8499645849885666,-20.523785495758055,
78.80000000000058,5.8678686151716954,1.1502404488381466,2.0331853071795987,0.0,1.0,6.2158284566360456,0.5277889815931044,2.0805346507377305,0.0,-1.1812772982011665e-14,9.889778816465983,0.8499645849885666,-20.523785495758055,
79.00000000000058,5.8678686151716954,1.1502404488381466,1.8331853071795994,0.0,-1.0,6.2158284566360456,0.5277889815931044,2.0805346507377305,0.0,-1.1812772982011665e-14,9.889778816465983,0.8499645849885666,-20.523785495758055,
79.20000000000059,5.8678686151716954,1.1502404488381466,2.0331853071795987,0.0,1.0,6.2158284566360456,0.5277889815931044,2.0805346507377305,0.0,-1.1812772982011665e-14,9.889778816465983,0.8499645849885666,-20.523785495758055,
79.40000000000059,5.8678686151716954,1.1502404488381466,1.8331853071795994,0.0,-1.0,6.2158284566360456,0.5277889815931044,2.0805346507377305,0.0,-1.1812772982011665e-14,9.889778816465983,0.8499645849885666,-20.523785495758055,
79.60000000000059,5.8678686151716954,1.1502404488381466,2.0331853071795987,0.0,1.0,6.2158284566360456,0.5277889815931044,2.0805346507377305,0.0,-1.1812772982011665e-14,9.889778816465983,0.8499645849885666,-20.523785495758055,
79.8000000000006,5.8678686151716954,1.1502404488381466,1.8331853071795994,0.0,-1.0,6.2158284566360456,0.5277889815931044,2.0805346507377305,0.0,-1.1812772982011665e-14,9.889778816465983,0.8499645849885666,-20.523785495758055,
80.0000000000006,5.8678686151716954,1.1502404488381466,2.0331853071795987,0.0,1.0,6.2158284566360456,0.5277889815931044,2.0805346507377305,0.0,-1.1812772982011665e-14,9.889778816465983,0.8499645849885666,-20.523785495758055,
80.2000000000006,5.8678686151716954,1.1502404488381466,1.8331853071795994,0.0,-1.0,6.2158284566360456,0.5277889815931044,2.0805346507377305,0.0,-1.1812772982011665e-14,9.889778816465983,0.8499645849885666,-20.523785495758055,
80.4000000000006,5.8678686151716954,1.1502404488381466,2.0331853071795987,0.0,1.0,6.2158284566360456,0.5277889815931044,2.0805346507377305,0.0,-1.1812772982011665e-14,9.889778816465983,0.8499645849885666,-20.523785495758055,
80.6000000000006,5.8678686151716954,1.1502404488381466,1.8331853071795994,0.0,-1.0,6.2158284566360456,0.5277889815931044,2.0805346507377305,0.0,-1.1812772982011665e-14,9.889778816465983,0.8499645849885666,-20.523785495758055,
80.80000000000061,5.8678686151716954,1.1502404488381466,2.0331853071795987,0.0,1.0,6.2158284566360456,0.5277889815931044,2.0805346507377305,0.0,-1.1812772982011665e-14,9.889778816465983,0.8499645849885666,-20.523785495758055,
81.00000000000061,5.8678686151716954,1.1502404488381466,1.8331853071795994,0.0,-1.0,6.2158284566360456,0.5277889815931044,2.0805346507377305,0.0,-1.1812772982011665e-14,9.889778816465983,0.8499645849885666,-20.523785495758055,
81.20000000000061,5.8678686151716954,1.1502404488381466,2.0331853071795987,0.0,1.0,6.2158284566360456,0.5277889815931044,2.0805346507377305,0.0,-1.1812772982011665e-14,9.889778816465983,0.8499645849885666,-20.523785495758055,
81.40000000000062,5.8678686151716954,1.1502404488381466,1.8331853071795994,0.0,-1.0,6.2158284566360456,0.5277889815931044,2.0805346507377305,0.0,-1.1812772982011665e-14,9.889778816465983,0.8499645849885666,-20.523785495758055,
81.60000000000062,5.8678686151716954,1.1502404488381466,2.0331853071795987,0.0,1.0,6.2158284566360456,0.5277889815931044,2.0805346507377305,0.0,-1.1812772982011665e-14,9.889778816465983,0.8499645849885666,-20.523785495758055,
81.80000000000062,5.8678686151716954,1.1502404488381466,1.8331853071795994,0.0,-1.0,6.2158284566360456,0.5277889815931044,2.0805346507377305,0.0,-1.1812772982011665e-14,9.889778816465983,0.8499645849885666,-20.523785495758055,
82.00000000000063,5.8678686151716954,1.1502404488381466,2.0331853071795987,0.0,1.0,6.2158284566360456,0.5277889815931044,2.0805346507377305,0.0,-1.1812772982011665e-14,9.889778816465983,0.8499645849885666,-20.523785495758055,
82.20000000000063,5.8678686151716954,1.1502404488381466,1.8331853071795994,0.0,-1.0,6.2158284566360456,0.5277889815931044,2.0805346507377305,0.0,-1.1812772982011665e-14,9.889778816465983,0.8499645849885666,-20.523785495758055,
82.40000000000063,5.8678686151716954,1.1502404488381466,2.0331853071795987,0.0,1.0,6.2158284566360456,0.5277889815931044,2.0805346507377305,0.0,-1.1812772982011665e-14,9.889778816465983,0.8499645849885666,-20.523785495758055,
82.60000000000063,5.8678686151716954,1.1502404488381466,1.8331853071795994,0.0,-1.0,6.2158284566360456,0.5277889815931044,2.0805346507377305,0.0,-1.1812772982011665e-14,9.889778816465983,0.8499645849885666,-20.523785495758055,
82.80000000000064,5.8678686151716954,1.1502404488381466,2.0331853071795987,0.0,1.0,6.2158284566360456,0.5277889815931044,2.0805346507377305,0.0,-1.1812772982011665e-14,9.889778816465983,0.8499645849885666,-20.523785495758055,
83.00000000000064,5.8678686151716954,1.1502404488381466,1.8331853071795994,0.0,-1.0,6.2158284566360456,0.5277889815931044,2.0805346507377305,0.0,-1.1812772982011665e-14,9.889778816465983,0.8499645849885666,-20.523785495758055,
83.20000000000064,5.8678686151716954,1.1502404488381466,2.0331853071795987,0.0,1.0,6.2158284566360456,0.5277889815931044,2.0805346507377305,0.0,-1.1812772982011665e-14,9.889778816465983,0.8499645849885666,-20.523785495758055,
83.40000000000065,5.8678686151716954,1.1502404488381466,1.8331853071795994,0.0,-1.0,6.2158284566360456,0.5277889815931044,2.0805346507377305,0.0,-1.1812772982011665e-14,9.889778816465983,0.8499645849885666,-20.523785495758055,
83.60000000000065,5.8678686151716954,1.1502404488381466,2.0331853071795987,0.0,1.0,6.2158284566360456,0.5277889815931044,2.0805346507377305,0.0,-1.1812772982011665e-14,9.889778816465983,0.8499645849885666,-20.523785495758055,
83.80000000000065,5.8678686151716954,1.1502404488381466,1.8331853071795994,0.0,-1.0,6.2158284566360456,0.5277889815931044,2.0805346507377305,0.0,-1.1812772982011665e-14,9.889778816465983,0.8499645849885666,-20.523785495758055,
84.00000000000065,5.8678686151716954,1.1502404488381466,2.0331853071795987,0.0,1.0,6.2158284566360456,0.5277889815931044,2.0805346507377305,0.0,-1.1812772982011665e-14,9.889778816465983,0.8499645849885666,-20.523785495758055,
84.20000000000066,5.8678686151716954,1.1502404488381466,1.8331853071795994,0.0,-1.0,6.2158284566360456,0.5277889815931044,2.0805346507377305,0.0,-1.1812772982011665e-14,9.889778816465983,0.8499645849885666,-20.523785495758055,
84.40000000000066,5.8678686151716954,1.1502404488381466,2.0331853071795987,0.0,1.0,6.2158284566360456,0.5277889815931044,2.0805346507377305,0.0,-1.1812772982011665e-14,9.889778816465983,0.8499645849885666,-20.523785495758055,
84.60000000000066,5.8678686151716954,1.1502404488381466,1.8331853071795994,0.0,-1.0,6.2158284566360456,0.5277889815931044,2.0805346507377305,0.0,-1.1812772982011665e-14,9.889778816465983,0.8499645849885666,-20.523785495758055,
84.80000000000067,5.8678686151716954,1.1502404488381466,2.0331853071795987,0.0,1.0,6.2158284566360456,0.5277889815931044,2.0805346507377305,0.0,-1.1812772982011665e-14,9.889778816465983,0.8499645849885666,-20.523785495758055,
85.00000000000067,5.8678686151716954,1.1502404488381466,1.8331853071795994,0.0,-1.0,6.2158284566360456,0.5277889815931044,2.0805346507377305,0.0,-1.1812772982011665e-14,9.889778816465983,0.8499645849885666,-20.523785495758055,
85.20000000000067,5.8678686151716954,1.1502404488381466,2.0331853071795987,0.0,1.0,6.2158284566360456,0.5277889815931044,2.0805346507377305,0.0,-1.1812772982011665e-14,9.889778816465983,0.8499645849885666,-20.523785495758055,
85.40000000000067,5.8678686151716954,1.1502404488381466,1.8331853071795994,0.0,-1.0,6.2158284566360456,0.5277889815931044,2.0805346507377305,0.0,-1.1812772982011665e-14,9.889778816465983,0.8499645849885666,-20.523785495758055,
85.60000000000068,5.8678686151716954,1.1502404488381466,2.0331853071795987,0.0,1.0,6.2158284566360456,0.5277889815931044,2.0805346507377305,0.0,-1.1812772982011665e-14,9.889778816465983,0.8499645849885666,-20.523785495758055,
85.80000000000068,5.8678686151716954,1.1502404488381466,1.8331853071795994,0.0,-1.0,6.2158284566360456,0.5277889815931044,2.0805346507377305,0.0,-1.1812772982011665e-14,9.889778816465983,0.8499645849885666,-20.523785495758055,
86.00000000000068,5.8678686151716954,1.1502404488381466,2.0331853071795987,0.0,1.0,6.2158284566360456,0.5277889815931044,2.0805346507377305,0.0,-1.1812772982011665e-14,9.889778816465983,0.8499645849885666,-20.523785495758055,
86.20000000000068,5.8678686151716954,1.1502404488381466,1.8331853071795994,0.0,-1.0,6.2158284566360456,0.5277889815931044,2.0805346507377305,0.0,-1.1812772982011665e-14,9.889778816465983,0.8499645849885666,-20.523785495758055,
86.40000000000069,5.8678686151716954,1.1502404488381466,2.0331853071795987,0.0,1.0,6.2158284566360456,0.5277889815931044,2.0805346507377305,0.0,-1.1812772982011665e-14,9.889778816465983,0.8499645849885666,-20.523785495758055,
86.60000000000069,5.8678686151716954,1.1502404488381466,1.8331853071795994,0.0,-1.0,6.2158284566360456,0.5277889815931044,2.0805346507377305,0.0,-1.1812772982011665e-14,9.889778816465983,0.8499645849885666,-20.523785495758055,
86.8000000000007,5.8678686151716954,1.1502404488381466,2.0331853071795987,0.0,1.0,6.2158284566360456,0.5277889815931044,2.0805346507377305,0.0,-1.1812772982011665e-14,9.889778816465983,0.8499645849885666,-20.523785495758055,
87.0000000000007,5.8678686151716954,1.1502404488381466,1.8331853071795994,0.0,-1.0,6.2158284566360456,0.5277889815931044,2.0805346507377305,0.0,-1.1812772982011665e-14,9.889778816465983,0.8499645849885666,-20.523785495758055,
87.2000000000007,5.8678686151716954,1.1502404488381466,2.0331853071795987,0.0,1.0,6.2158284566360456,0.5277889815931044,2.0805346507377305,0.0,-1.1812772982011665e-14,9.889778816465983,0.8499645849885666,-20.523785495758055,
87.4000000000007,5.8678686151716954,1.1502404488381466,1.8331853071795994,0.0,-1.0,6.2158284566360456,0.5277889815931044,2.0805346507377305,0.0,-1.1812772982011665e-14,9.889778816465983,0.8499645849885666,-20.523785495758055,
87.6000000000007,5.8678686151716954,1.1502404488381466,2.0331853071795987,0.0,1.0,6.2158284566360456,0.5277889815931044,2.0805346507377305,0.0,-1.1812772982011665e-14,9.889778816465983,0.8499645849885666,-20.523785495758055,
87.80000000000071,5.8678686151716954,1.1502404488381466,1.8331853071795994,0.0,-1.0,6.2158284566360456,0.5277889815931044,2.0805346507377305,0.0,-1.1812772982011665e-14,9.889778816465983,0.8499645849885666,-20.523785495758055,
88.00000000000071,5.8678686151716954,1.1502404488381466,2.0331853071795987,0.0,1.0,6.2158284566360456,0.5277889815931044,2.0805346507377305,0.0,-1.1812772982011665e-14,9.889778816465983,0.8499645849885666,-20.523785495758055,
88.20000000000071,5.8678686151716954,1.1502404488381466,1.8331853071795994,0.0,-1.0,6.2158284566360456,0.5277889815931044,2.0805346507377305,0.0,-1.1812772982011665e-14,9.889778816465983,0.8499645849885666,-20.523785495758055,
88.40000000000072,5.8678686151716954,1.1502404488381466,2.0331853071795987,0.0,1.0,6.2158284566360456,0.5277889815931044,2.0805346507377305,0.0,-1.1812772982011665e-14,9.889778816465983,0.8499645849885666,-20.523785495758055,
88.60000000000072,5.8678686151716954,1.1502404488381466,1.8331853071795994,0.0,-1.0,6.2158284566360456,0.5277889815931044,2.0805346507377305,0.0,-1.1812772982011665e-14,9.889778816465983,0.8499645849885666,-20.523785495758055,
88.80000000000072,5.8678686151716954,1.1502404488381466,2.0331853071795987,0.0,1.0,6.2158284566360456,0.5277889815931044,2.0805346507377305,0.0,-1.1812772982011665e-14,9.889778816465983,0.8499645849885666,-20.523785495758055,
89.00000000000072,5.8678686151716954,1.1502404488381466,1.8331853071795994,0.0,-1.0,6.2158284566360456,0.5277889815931044,2.0805346507377305,0.0,-1.1812772982011665e-14,9.889778816465983,0.8499645849885666,-20.523785495758055,
89.20000000000073,5.8678686151716954,1.1502404488381466,2.0331853071795987,0.0,1.0,6.2158284566360456,0.5277889815931044,2.0805346507377305,0.0,-1.1812772982011665e-14,9.889778816465983,0.8499645849885666,-20.523785495758055,
89.40000000000073,5.8678686151716954,1.1502404488381466,1.8331853071795994,0.0,-1.0,6.2158284566360456,0.5277889815931044,2.0805346507377305,0.0,-1.1812772982011665e-14,9.889778816465983,0.8499645849885666,-20.523785495758055,
89.60000000000073,5.8678686151716954,1.1502404488381466,2.0331853071795987,0.0,1.0,6.2158284566360456,0.5277889815931044,2.0805346507377305,0.0,-1.1812772982011665e-14,9.889778816465983,0.8499645849885666,-20.523785495758055,
89.80000000000074,5.8678686151716954,1.1502404488381466,1.8331853071795994,0.0,-1.0,6.2158284566360456,0.5277889815931044,2.0805346507377305,0.0,-1.1812772982011665e-14,9.889778816465983,0.8499645849885666,-20.523785495758055,
90.00000000000074,5.8678686151716954,1.1502404488381466,2.0331853071795987,0.0,1.0,6.2158284566360456,0.5277889815931044,2.0805346507377305,0.0,-1.1812772982011665e-14,9.889778816465983,0.8499645849885666,-20.523785495758055,
90.20000000000074,5.8678686151716954,1.1502404488381466,1.8331853071795994,0.0,-1.0,6.2158284566360456,0.5277889815931044,2.0805346507377305,0.0,-1.1812772982011665e-14,9.889778816465983,0.8499645849885666,-20.523785495758055,
90.40000000000074,5.8678686151716954,1.1502404488381466,2.0331853071795987,0.0,1.0,6.2158284566360456,0.5277889815931044,2.0805346507377305,0.0,-1.1812772982011665e-14,9.889778816465983,0.8499645849885666,-20.523785495758055,
90.60000000000075,5.8678686151716954,1.1502404488381466,1.8331853071795994,0.0,-1.0,6.2158284566360456,0.5277889815931044,2.0805346507377305,0.0,-1.1812772982011665e-14,9.889778816465983,0.8499645849885666,-20.523785495758055,
90.80000000000075,5.8678686151716954,1.1502404488381466,2.0331853071795987,0.0,1.0,6.2158284566360456,0.5277889815931044,2.0805346507377305,0.0,-1.1812772982011665e-14,9.889778816465983,0.8499645849885666,-20.523785495758055,
91.00000000000075,5.8678686151716954,1.1502404488381466,1.8331853071795994,0.0,-1.0,6.2158284566360456,0.5277889815931044,2.0805346507377305,0.0,-1.1812772982011665e-14,9.889778816465983,0.8499645849885666,-20.523785495758055,
91.20000000000076,5.8678686151716954,1.1502404488381466,2.0331853071795987,0.0,1.0,6.2158284566360456,0.5277889815931044,2.0805346507377305,0.0,-1.1812772982011665e-14,9.889778816465983,0.8499645849885666,-20.523785495758055,
91.40000000000076,5.8678686151716954,1.1502404488381466,1.8331853071795994,0.0,-1.0,6.2158284566360456,0.5277889815931044,2.0805346507377305,0.0,-1.1812772982011665e-14,9.889778816465983,0.8499645849885666,-20.523785495758055,
91.60000000000076,5.8678686151716954,1.1502404488381466,2.0331853071795987,0.0,1.0,6.2158284566360456,0.5277889815931044,2.0805346507377305,0.0,-1.1812772982011665e-14,9.889778816465983,0.8499645849885666,-20.523785495758055,
91.80000000000076,5.8678686151716954,1.1502404488381466,1.8331853071795994,0.0,-1.0,6.2158284566360456,0.5277889815931044,2.0805346507377305,0.0,-1.1812772982011665e-14,9.889778816465983,0.8499645849885666,-20.523785495758055,
92.00000000000077,5.8678686151716954,1.1502404488381466,2.0331853071795987,0.0,1.0,6.2158284566360456,0.5277889815931044,2.0805346507377305,0.0,-1.1812772982011665e-14,9.889778816465983,0.8499645849885666,-20.523785495758055,
92.20000000000077,5.8678686151716954,1.1502404488381466,1.8331853071795994,0.0,-1.0,6.2158284566360456,0.5277889815931044,2.0805346507377305,0.0,-1.1812772982011665e-14,9.889778816465983,0.8499645849885666,-20.523785495758055,
92.40000000000077,5.8678686151716954,1.1502404488381466,2.0331853071795987,0.0,1.0,6.2158284566360456,0.5277889815931044,2.0805346507377305,0.0,-1.1812772982011665e-14,9.889778816465983,0.8499645849885666,-20.523785495758055,
92.60000000000078,5.8678686151716954,1.1502404488381466,1.8331853071795994,0.0,-1.0,6.2158284566360456,0.5277889815931044,2.0805346507377305,0.0,-1.1812772982011665e-14,9.889778816465983,0.8499645849885666,-20.523785495758055,
92.80000000000078,5.8678686151716954,1.1502404488381466,2.0331853071795987,0.0,1.0,6.2158284566360456,0.5277889815931044,2.0805346507377305,0.0,-1.1812772982011665e-14,9.889778816465983,0.8499645849885666,-20.523785495758055,
93.00000000000078,5.8678686151716954,1.1502404488381466,1.8331853071795994,0.0,-1.0,6.2158284566360456,0.5277889815931044,2.0805346507377305,0.0,-1.1812772982011665e-14,9.889778816465983,0.8499645849885666,-20.523785495758055,
93.20000000000078,5.8678686151716954,1.1502404488381466,2.0331853071795987,0.0,1.0,6.2158284566360456,0.5277889815931044,2.0805346507377305,0.0,-1.1812772982011665e-14,9.889778816465983,0.8499645849885666,-20.523785495758055,
93.40000000000079,5.8678686151716954,1.1502404488381466,1.8331853071795994,0.0,-1.0,6.2158284566360456,0.5277889815931044,2.0805346507377305,0.0,-1.1812772982011665e-14,9.889778816465983,0.8499645849885666,-20.523785495758055,
93.60000000000079,5.8678686151716954,1.1502404488381466,2.0331853071795987,0.0,1.0,6.2158284566360456,0.5277889815931044,2.0805346507377305,0.0,-1.1812772982011665e-14,9.889778816465983,0.8499645849885666,-20.523785495758055,
93.8000000000008,5.8678686151716954,1.1502404488381466,1.8331853071795994,0.0,-1.0,6.2158284566360456,0.5277889815931044,2.0805346507377305,0.0,-1.1812772982011665e-14,9.889778816465983,0.8499645849885666,-20.523785495758055,
94.0000000000008,5.8678686151716954,1.1502404488381466,2.0331853071795987,0.0,1.0,6.2158284566360456,0.5277889815931044,2.0805346507377305,0.0,-1.1812772982011665e-14,9.889778816465983,0.8499645849885666,-20.523785495758055,
94.2000000000008,5.8678686151716954,1.1502404488381466,1.8331853071795994,0.0,-1.0,6.2158284566360456,0.5277889815931044,2.0805346507377305,0.0,-1.1812772982011665e-14,9.889778816465983,0.8499645849885666,-20.523785495758055,
94.4000000000008,5.8678686151716954,1.1502404488381466,2.0331853071795987,0.0,1.0,6.2158284566360456,0.5277889815931044,2.0805346507377305,0.0,-1.1812772982011665e-14,9.889778816465983,0.8499645849885666,-20.523785495758055,
94.6000000000008,5.8678686151716954,1.1502404488381466,1.8331853071795994,0.0,-1.0,6.2158284566360456,0.5277889815931044,2.0805346507377305,0.0,-1.1812772982011665e-14,9.889778816465983,0.8499645849885666,-20.523785495758055,
94.80000000000081,5.8678686151716954,1.1502404488381466,2.0331853071795987,0.0,1.0,6.2158284566360456,0.5277889815931044,2.0805346507377305,0.0,-1.1812772982011665e-14,9.889778816465983,0.8499645849885666,-20.523785495758055,
95.00000000000081,5.8678686151716954,1.1502404488381466,1.8331853071795994,0.0,-1.0,6.2158284566360456,0.5277889815931044,2.0805346507377305,0.0,-1.1812772982011665e-14,9.889778816465983,0.8499645849885666,-20.523785495758055,
95.20000000000081,5.8678686151716954,1.1502404488381466,2.0331853071795987,0.0,1.0,6.2158284566360456,0.5277889815931044,2.0805346507377305,0.0,-1.1812772982011665e-14,9.889778816465983,0.8499645849885666,-20.523785495758055,
95.40000000000082,5.8678686151716954,1.1502404488381466,1.8331853071795994,0.0,-1.0,6.2158284566360456,0.5277889815931044,2.0805346507377305,0.0,-1.1812772982011665e-14,9.889778816465983,0.8499645849885666,-20.523785495758055,
95.60000000000082,5.8678686151716954,1.1502404488381466,2.0331853071795987,0.0,1.0,6.2158284566360456,0.5277889815931044,2.0805346507377305,0.0,-1.1812772982011665e-14,9.889778816465983,0.8499645849885666,-20.523785495758055,
95.80000000000082,5.8678686151716954,1.1502404488381466,1.8331853071795994,0.0,-1.0,6.2158284566360456,0.5277889815931044,2.0805346507377305,0.0,-1.1812772982011665e-14,9.889778816465983,0.8499645849885666,-20.523785495758055,
96.00000000000082,5.8678686151716954,1.1502404488381466,2.0331853071795987,0.0,1.0,6.2158284566360456,0.5277889815931044,2.0805346507377305,0.0,-1.1812772982011665e-14,9.889778816465983,0.8499645849885666,-20.523785495758055,
96.20000000000083,5.8678686151716954,1.1502404488381466,1.8331853071795994,0.0,-1.0,6.2158284566360456,0.5277889815931044,2.0805346507377305,0.0,-1.1812772982011665e-14,9.889778816465983,0.8499645849885666,-20.523785495758055,
96.40000000000083,5.8678686151716954,1.1502404488381466,2.0331853071795987,0.0,1.0,6.2158284566360456,0.5277889815931044,2.0805346507377305,0.0,-1.1812772982011665e-14,9.889778816465983,0.8499645849885666,-20.523785495758055,
96.60000000000083,5.8678686151716954,1.1502404488381466,1.8331853071795994,0.0,-1.0,6.2158284566360456,0.5277889815931044,2.0805346507377305,0.0,-1.1812772982011665e-14,9.889778816465983,0.8499645849885666,-20.523785495758055,
96.80000000000084,5.8678686151716954,1.1502404488381466,2.0331853071795987,0.0,1.0,6.2158284566360456,0.5277889815931044,2.0805346507377305,0.0,-1.1812772982011665e-14,9.889778816465983,0.8499645849885666,-20.523785495758055,
97.00000000000084,5.8678686151716954,1.1502404488381466,1.8331853071795994,0.0,-1.0,6.2158284566360456,0.5277889815931044,2.0805346507377305,0.0,-1.1812772982011665e-14,9.889778816465983,0.8499645849885666,-20.523785495758055,
97.20000000000084,5.8678686151716954,1.1502404488381466,2.0331853071795987,0.0,1.0,6.2158284566360456,0.5277889815931044,2.0805346507377305,0.0,-1.1812772982011665e-14,9.889778816465983,0.8499645849885666,-20.523785495758055,
97.40000000000084,5.8678686151716954,1.1502404488381466,1.8331853071795994,0.0,-1.0,6.2158284566360456,0.5277889815931044,2.0805346507377305,0.0,-1.1812772982011665e-14,9.889778816465983,0.8499645849885666,-20.523785495758055,
97.60000000000085,5.8678686151716954,1.1502404488381466,2.0331853071795987,0.0,1.0,6.2158284566360456,0.5277889815931044,2.0805346507377305,0.0,-1.1812772982011665e-14,9.889778816465983,0.8499645849885666,-20.523785495758055,
97.80000000000085,5.8678686151716954,1.1502404488381466,1.8331853071795994,0.0,-1.0,6.2158284566360456,0.5277889815931044,2.0805346507377305,0.0,-1.1812772982011665e-14,9.889778816465983,0.8499645849885666,-20.523785495758055,
98.00000000000085,5.8678686151716954,1.1502404488381466,2.0331853071795987,0.0,1.0,6.2158284566360456,0.5277889815931044,2.0805346507377305,0.0,-1.1812772982011665e-14,9.889778816465983,0.8499645849885666,-20.523785495758055,
98.20000000000086,5.8678686151716954,1.1502404488381466,1.8331853071795994,0.0,-1.0,6.2158284566360456,0.5277889815931044,2.0805346507377305,0.0,-1.1812772982011665e-14,9.889778816465983,0.8499645849885666,-20.523785495758055,
98.40000000000086,5.8678686151716954,1.1502404488381466,2.0331853071795987,0.0,1.0,6.2158284566360456,0.5277889815931044,2.0805346507377305,0.0,-1.1812772982011665e-14,9.889778816465983,0.8499645849885666,-20.523785495758055,
98.60000000000086,5.8678686151716954,1.1502404488381466,1.8331853071795994,0.0,-1.0,6.2158284566360456,0.5277889815931044,2.0805346507377305,0.0,-1.1812772982011665e-14,9.889778816465983,0.8499645849885666,-20.523785495758055,
98.80000000000086,5.8678686151716954,1.1502404488381466,2.0331853071795987,0.0,1.0,6.2158284566360456,0.5277889815931044,2.0805346507377305,0.0,-1.1812772982011665e-14,9.889778816465983,0.8499645849885666,-20.523785495758055,
99.00000000000087,5.8678686151716954,1.1502404488381466,1.8331853071795994,0.0,-1.0,6.2158284566360456,0.5277889815931044,2.0805346507377305,0.0,-1.1812772982011665e-14,9.889778816465983,0.8499645849885666,-20.523785495758055,
99.20000000000087,5.8678686151716954,1.1502404488381466,2.0331853071795987,0.0,1.0,6.2158284566360456,0.5277889815931044,2.0805346507377305,0.0,-1.1812772982011665e-14,9.889778816465983,0.8499645849885666,-20.523785495758055,
99.40000000000087,5.8678686151716954,1.1502404488381466,1.8331853071795994,0.0,-1.0,6.2158284566360456,0.5277889815931044,2.0805346507377305,0.0,-1.1812772982011665e-14,9.889778816465983,0.8499645849885666,-20.523785495758055,
99.60000000000088,5.8678686151716954,1.1502404488381466,2.0331853071795987,0.0,1.0,6.2158284566360456,0.5277889815931044,2.0805346507377305,0.0,-1.1812772982011665e-14,9.889778816465983,0.8499645849885666,-20.523785495758055,
99.80000000000088,5.8678686151716954,1.1502404488381466,1.8331853071795994,0.0,-1.0,6.2158284566360456,0.5277889815931044,2.0805346507377305,0.0,-1.1812772982011665e-14,9.889778816465983,0.8499645849885666,-20.523785495758055,
100.00000000000088,5.8678686151716954,1.1502404488381466,2.0331853071795987,0.0,1.0,6.2158284566360456,0.5277889815931044,2.0805346507377305,0.0,-1.1812772982011665e-14,9.889778816465983,0.8499645849885666,-20.523785495758055,
100.20000000000088,5.8678686151716954,1.1502404488381466,1.8331853071795994,0.0,-1.0,6.2158284566360456,0.5277889815931044,2.0805346507377305,0.0,-1.1812772982011665e-14,9.889778816465983,0.8499645849885666,-20.523785495758055,
100.40000000000089,5.8678686151716954,1.1502404488381466,2.0331853071795987,0.0,1.0,6.2158284566360456,0.5277889815931044,2.0805346507377305,0.0,-1.1812772982011665e-14,9.889778816465983,0.8499645849885666,-20.523785495758055,
100.60000000000089,5.8678686151716954,1.1502404488381466,1.8331853071795994,0.0,-1.0,6.2158284566360456,0.5277889815931044,2.0805346507377305,0.0,-1.1812772982011665e-14,9.889778816465983,0.8499645849885666,-20.523785495758055,
100.80000000000089,5.8678686151716954,1.1502404488381466,2.0331853071795987,0.0,1.0,6.2158284566360456,0.5277889815931044,2.0805346507377305,0.0,-1.1812772982011665e-14,9.889778816465983,0.8499645849885666,-20.523785495758055,
101.0000000000009,5.8678686151716954,1.1502404488381466,1.8331853071795994,0.0,-1.0,6.2158284566360456,0.5277889815931044,2.0805346507377305,0.0,-1.1812772982011665e-14,9.889778816465983,0.8499645849885666,-20.523785495758055,
101.2000000000009,5.8678686151716954,1.1502404488381466,2.0331853071795987,0.0,1.0,6.2158284566360456,0.5277889815931044,2.0805346507377305,0.0,-1.1812772982011665e-14,9.889778816465983,0.8499645849885666,-20.523785495758055,
101.4000000000009,5.8678686151716954,1.1502404488381466,1.8331853071795994,0.0,-1.0,6.2158284566360456,0.5277889815931044,2.0805346507377305,0.0,-1.1812772982011665e-14,9.889778816465983,0.8499645849885666,-20.523785495758055,
101.6000000000009,5.8678686151716954,1.1502404488381466,2.0331853071795987,0.0,1.0,6.2158284566360456,0.5277889815931044,2.0805346507377305,0.0,-1.1812772982011665e-14,9.889778816465983,0.8499645849885666,-20.523785495758055,
101.8000000000009,5.8678686151716954,1.1502404488381466,1.8331853071795994,0.0,-1.0,6.2158284566360456,0.5277889815931044,2.0805346507377305,0.0,-1.1812772982011665e-14,9.889778816465983,0.8499645849885666,-20.523785495758055,
102.00000000000091,5.8678686151716954,1.1502404488381466,2.0331853071795987,0.0,1.0,6.2158284566360456,0.5277889815931044,2.0805346507377305,0.0,-1.1812772982011665e-14,9.889778816465983,0.8499645849885666,-20.523785495758055,
102.20000000000091,5.8678686151716954,1.1502404488381466,1.8331853071795994,0.0,-1.0,6.2158284566360456,0.5277889815931044,2.0805346507377305,0.0,-1.1812772982011665e-14,9.889778816465983,0.8499645849885666,-20.523785495758055,
102.40000000000092,5.8678686151716954,1.1502404488381466,2.0331853071795987,0.0,1.0,6.2158284566360456,0.5277889815931044,2.0805346507377305,0.0,-1.1812772982011665e-14,9.889778816465983,0.8499645849885666,-20.523785495758055,
102.60000000000092,5.8678686151716954,1.1502404488381466,1.8331853071795994,0.0,-1.0,6.2158284566360456,0.5277889815931044,2.0805346507377305,0.0,-1.1812772982011665e-14,9.889778816465983,0.8499645849885666,-20.523785495758055,
102.80000000000092,5.8678686151716954,1.1502404488381466,2.0331853071795987,0.0,1.0,6.2158284566360456,0.5277889815931044,2.0805346507377305,0.0,-1.1812772982011665e-14,9.889778816465983,0.8499645849885666,-20.523785495758055,
103.00000000000092,5.8678686151716954,1.1502404488381466,1.8331853071795994,0.0,-1.0,6.2158284566360456,0.5277889815931044,2.0805346507377305,0.0,-1.1812772982011665e-14,9.889778816465983,0.8499645849885666,-20.523785495758055,
103.20000000000093,5.8678686151716954,1.1502404488381466,2.0331853071795987,0.0,1.0,6.2158284566360456,0.5277889815931044,2.0805346507377305,0.0,-1.1812772982011665e-14,9.889778816465983,0.8499645849885666,-20.523785495758055,
103.40000000000093,5.8678686151716954,1.1502404488381466,1.8331853071795994,0.0,-1.0,6.2158284566360456,0.5277889815931044,2.0805346507377305,0.0,-1.1812772982011665e-14,9.889778816465983,0.8499645849885666,-20.523785495758055,
103.60000000000093,5.8678686151716954,1.1502404488381466,2.0331853071795987,0.0,1.0,6.2158284566360456,0.5277889815931044,2.0805346507377305,0.0,-1.1812772982011665e-14,9.889778816465983,0.8499645849885666,-20.523785495758055,
103.80000000000094,5.8678686151716954,1.1502404488381466,1.8331853071795994,0.0,-1.0,6.2158284566360456,0.5277889815931044,2.0805346507377305,0.0,-1.1812772982011665e-14,9.889778816465983,0.8499645849885666,-20.523785495758055,
104.00000000000094,5.8678686151716954,1.1502404488381466,2.0331853071795987,0.0,1.0,6.2158284566360456,0.5277889815931044,2.0805346507377305,0.0,-1.1812772982011665e-14,9.889778816465983,0.8499645849885666,-20.523785495758055,
104.20000000000094,5.8678686151716954,1.1502404488381466,1.8331853071795994,0.0,-1.0,6.2158284566360456,0.5277889815931044,2.0805346507377305,0.0,-1.1812772982011665e-14,9.889778816465983,0.8499645849885666,-20.523785495758055,
104.40000000000094,5.8678686151716954,1.1502404488381466,2.0331853071795987,0.0,1.0,6.2158284566360456,0.5277889815931044,2.0805346507377305,0.0,-1.1812772982011665e-14,9.889778816465983,0.8499645849885666,-20.523785495758055,
104.60000000000095,5.8678686151716954,1.1502404488381466,1.8331853071795994,0.0,-1.0,6.2158284566360456,0.5277889815931044,2.0805346507377305,0.0,-1.1812772982011665e-14,9.889778816465983,0.8499645849885666,-20.523785495758055,
104.80000000000095,5.8678686151716954,1.1502404488381466,2.0331853071795987,0.0,1.0,6.2158284566360456,0.5277889815931044,2.0805346507377305,0.0,-1.1812772982011665e-14,9.889778816465983,0.8499645849885666,-20.523785495758055,
105.00000000000095,5.8678686151716954,1.1502404488381466,1.8331853071795994,0.0,-1.0,6.2158284566360456,0.5277889815931044,2.0805346507377305,0.0,-1.1812772982011665e-14,9.889778816465983,0.8499645849885666,-20.523785495758055,
105.20000000000095,5.8678686151716954,1.1502404488381466,2.0331853071795987,0.0,1.0,6.2158284566360456,0.5277889815931044,2.0805346507377305,0.0,-1.1812772982011665e-14,9.889778816465983,0.8499645849885666,-20.523785495758055,
105.40000000000096,5.8678686151716954,1.1502404488381466,1.8331853071795994,0.0,-1.0,6.2158284566360456,0.5277889815931044,2.0805346507377305,0.0,-1.1812772982011665e-14,9.889778816465983,0.8499645849885666,-20.523785495758055,
105.60000000000096,5.8678686151716954,1.1502404488381466,2.0331853071795987,0.0,1.0,6.2158284566360456,0.5277889815931044,2.0805346507377305,0.0,-1.1812772982011665e-14,9.889778816465983,0.8499645849885666,-20.523785495758055,
105.80000000000096,5.8678686151716954,1.1502404488381466,1.8331853071795994,0.0,-1.0,6.2158284566360456,0.5277889815931044,2.0805346507377305,0.0,-1.1812772982011665e-14,9.889778816465983,0.8499645849885666,-20.523785495758055,
106.00000000000097,5.8678686151716954,1.1502404488381466,2.0331853071795987,0.0,1.0,6.2158284566360456,0.5277889815931044,2.0805346507377305,0.0,-1.1812772982011665e-14,9.889778816465983,0.8499645849885666,-20.523785495758055,
106.20000000000097,5.8678686151716954,1.1502404488381466,1.8331853071795994,0.0,-1.0,6.2158284566360456,0.5277889815931044,2.0805346507377305,0.0,-1.1812772982011665e-14,9.889778816465983,0.8499645849885666,-20.523785495758055,
106.40000000000097,5.8678686151716954,1.1502404488381466,2.0331853071795987,0.0,1.0,6.2158284566360456,0.5277889815931044,2.0805346507377305,0.0,-1.1812772982011665e-14,9.889778816465983,0.8499645849885666,-20.523785495758055,
106.60000000000097,5.8678686151716954,1.1502404488381466,1.8331853071795994,0.0,-1.0,6.2158284566360456,0.5277889815931044,2.0805346507377305,0.0,-1.1812772982011665e-14,9.889778816465983,0.8499645849885666,-20.523785495758055,
106.80000000000098,5.8678686151716954,1.1502404488381466,2.0331853071795987,0.0,1.0,6.2158284566360456,0.5277889815931044,2.0805346507377305,0.0,-1.1812772982011665e-14,9.889778816465983,0.8499645849885666,-20.523785495758055,
107.00000000000098,5.8678686151716954,1.1502404488381466,1.8331853071795994,0.0,-1.0,6.2158284566360456,0.5277889815931044,2.0805346507377305,0.0,-1.1812772982011665e-14,9.889778816465983,0.8499645849885666,-20.523785495758055,
107.20000000000098,5.8678686151716954,1.1502404488381466,2.0331853071795987,0.0,1.0,6.2158284566360456,0.5277889815931044,2.0805346507377305,0.0,-1.1812772982011665e-14,9.889778816465983,0.8499645849885666,-20.523785495758055,
107.40000000000099,5.8678686151716954,1.1502404488381466,1.8331853071795994,0.0,-1.0,6.2158284566360456,0.5277889815931044,2.0805346507377305,0.0,-1.1812772982011665e-14,9.889778816465983,0.8499645849885666,-20.523785495758055,
107.60000000000099,5.8678686151716954,1.1502404488381466,2.0331853071795987,0.0,1.0,6.2158284566360456,0.5277889815931044,2.0805346507377305,0.0,-1.1812772982011665e-14,9.889778816465983,0.8499645849885666,-20.523785495758055,
107.80000000000099,5.8678686151716954,1.1502404488381466,1.8331853071795994,0.0,-1.0,6.2158284566360456,0.5277889815931044,2.0805346507377305,0.0,-1.1812772982011665e-14,9.889778816465983,0.8499645849885666,-20.523785495758055,
108.000000000001,5.8678686151716954,1.1502404488381466,2.0331853071795987,0.0,1.0,6.2158284566360456,0.5277889815931044,2.0805346507377305,0.0,-1.1812772982011665e-14,9.889778816465983,0.8499645849885666,-20.523785495758055,
108.200000000001,5.8678686151716954,1.1502404488381466,1.8331853071795994,0.0,-1.0,6.2158284566360456,0.5277889815931044,2.0805346507377305,0.0,-1.1812772982011665e-14,9.889778816465983,0.8499645849885666,-20.523785495758055,
108.400000000001,5.8678686151716954,1.1502404488381466,2.0331853071795987,0.0,1.0,6.2158284566360456,0.5277889815931044,2.0805346507377305,0.0,-1.1812772982011665e-14,9.889778816465983,0.8499645849885666,-20.523785495758055,
108.600000000001,5.8678686151716954,1.1502404488381466,1.8331853071795994,0.0,-1.0,6.2158284566360456,0.5277889815931044,2.0805346507377305,0.0,-1.1812772982011665e-14,9.889778816465983,0.8499645849885666,-20.523785495758055,
108.800000000001,5.8678686151716954,1.1502404488381466,2.0331853071795987,0.0,1.0,6.2158284566360456,0.5277889815931044,2.0805346507377305,0.0,-1.1812772982011665e-14,9.889778816465983,0.8499645849885666,-20.523785495758055,
109.00000000000101,5.8678686151716954,1.1502404488381466,1.8331853071795994,0.0,-1.0,6.2158284566360456,0.5277889815931044,2.0805346507377305,0.0,-1.1812772982011665e-14,9.889778816465983,0.8499645849885666,-20.523785495758055,
109.20000000000101,5.8678686151716954,1.1502404488381466,2.0331853071795987,0.0,1.0,6.2158284566360456,0.5277889815931044,2.0805346507377305,0.0,-1.1812772982011665e-14,9.889778816465983,0.8499645849885666,-20.523785495758055,
109.40000000000101,5.8678686151716954,1.1502404488381466,1.8331853071795994,0.0,-1.0,6.2158284566360456,0.5277889815931044,2.0805346507377305,0.0,-1.1812772982011665e-14,9.889778816465983,0.8499645849885666,-20.523785495758055,
109.60000000000102,5.8678686151716954,1.1502404488381466,2.0331853071795987,0.0,1.0,6.2158284566360456,0.5277889815931044,2.0805346507377305,0.0,-1.1812772982011665e-14,9.889778816465983,0.8499645849885666,-20.523785495758055,
109.80000000000102,5.8678686151716954,1.1502404488381466,1.8331853071795994,0.0,-1.0,6.2158284566360456,0.5277889815931044,2.0805346507377305,0.0,-1.1812772982011665e-14,9.889778816465983,0.8499645849885666,-20.523785495758055,
110.00000000000102,5.8678686151716954,1.1502404488381466,2.0331853071795987,0.0,1.0,6.2158284566360456,0.5277889815931044,2.0805346507377305,0.0,-1.1812772982011665e-14,9.889778816465983,0.8499645849885666,-20.523785495758055,
110.20000000000103,5.8678686151716954,1.1502404488381466,1.8331853071795994,0.0,-1.0,6.2158284566360456,0.5277889815931044,2.0805346507377305,0.0,-1.1812772982011665e-14,9.889778816465983,0.8499645849885666,-20.523785495758055,
110.40000000000103,5.8678686151716954,1.1502404488381466,2.0331853071795987,0.0,1.0,6.2158284566360456,0.5277889815931044,2.0805346507377305,0.0,-1.1812772982011665e-14,9.889778816465983,0.8499645849885666,-20.523785495758055,
110.60000000000103,5.8678686151716954,1.1502404488381466,1.8331853071795994,0.0,-1.0,6.2158284566360456,0.5277889815931044,2.0805346507377305,0.0,-1.1812772982011665e-14,9.889778816465983,0.8499645849885666,-20.523785495758055,
110.80000000000103,5.8678686151716954,1.1502404488381466,2.0331853071795987,0.0,1.0,6.2158284566360456,0.5277889815931044,2.0805346507377305,0.0,-1.1812772982011665e-14,9.889778816465983,0.8499645849885666,-20.523785495758055,
111.00000000000104,5.8678686151716954,1.1502404488381466,1.8331853071795994,0.0,-1.0,6.2158284566360456,0.5277889815931044,2.0805346507377305,0.0,-1.1812772982011665e-14,9.889778816465983,0.8499645849885666,-20.523785495758055,
111.20000000000104,5.8678686151716954,1.1502404488381466,2.0331853071795987,0.0,1.0,6.2158284566360456,0.5277889815931044,2.0805346507377305,0.0,-1.1812772982011665e-14,9.889778816465983,0.8499645849885666,-20.523785495758055,
111.40000000000104,5.8678686151716954,1.1502404488381466,1.8331853071795994,0.0,-1.0,6.2158284566360456,0.5277889815931044,2.0805346507377305,0.0,-1.1812772982011665e-14,9.889778816465983,0.8499645849885666,-20.523785495758055,
111.60000000000105,5.8678686151716954,1.1502404488381466,2.0331853071795987,0.0,1.0,6.2158284566360456,0.5277889815931044,2.0805346507377305,0.0,-1.1812772982011665e-14,9.889778816465983,0.8499645849885666,-20.523785495758055,
111.80000000000105,5.8678686151716954,1.1502404488381466,1.8331853071795994,0.0,-1.0,6.2158284566360456,0.5277889815931044,2.0805346507377305,0.0,-1.1812772982011665e-14,9.889778816465983,0.8499645849885666,-20.523785495758055,
112.00000000000105,5.8678686151716954,1.1502404488381466,2.0331853071795987,0.0,1.0,6.2158284566360456,0.5277889815931044,2.0805346507377305,0.0,-1.1812772982011665e-14,9.889778816465983,0.8499645849885666,-20.523785495758055,
112.20000000000105,5.8678686151716954,1.1502404488381466,1.8331853071795994,0.0,-1.0,6.2158284566360456,0.5277889815931044,2.0805346507377305,0.0,-1.1812772982011665e-14,9.889778816465983,0.8499645849885666,-20.523785495758055,
112.40000000000106,5.8678686151716954,1.1502404488381466,2.0331853071795987,0.0,1.0,6.2158284566360456,0.5277889815931044,2.0805346507377305,0.0,-1.1812772982011665e-14,9.889778816465983,0.8499645849885666,-20.523785495758055,
112.60000000000106,5.8678686151716954,1.1502404488381466,1.8331853071795994,0.0,-1.0,6.2158284566360456,0.5277889815931044,2.0805346507377305,0.0,-1.1812772982011665e-14,9.889778816465983,0.8499645849885666,-20.523785495758055,
112.80000000000106,5.8678686151716954,1.1502404488381466,2.0331853071795987,0.0,1.0,6.2158284566360456,0.5277889815931044,2.0805346507377305,0.0,-1.1812772982011665e-14,9.889778816465983,0.8499645849885666,-20.523785495758055,
113.00000000000107,5.8678686151716954,1.1502404488381466,1.8331853071795994,0.0,-1.0,6.2158284566360456,0.5277889815931044,2.0805346507377305,0.0,-1.1812772982011665e-14,9.889778816465983,0.8499645849885666,-20.523785495758055,
113.20000000000107,5.8678686151716954,1.1502404488381466,2.0331853071795987,0.0,1.0,6.2158284566360456,0.5277889815931044,2.0805346507377305,0.0,-1.1812772982011665e-14,9.889778816465983,0.8499645849885666,-20.523785495758055,
113.40000000000107,5.8678686151716954,1.1502404488381466,1.8331853071795994,0.0,-1.0,6.2158284566360456,0.5277889815931044,2.0805346507377305,0.0,-1.1812772982011665e-14,9.889778816465983,0.8499645849885666,-20.523785495758055,
113.60000000000107,5.8678686151716954,1.1502404488381466,2.0331853071795987,0.0,1.0,6.2158284566360456,0.5277889815931044,2.0805346507377305,0.0,-1.1812772982011665e-14,9.889778816465983,0.8499645849885666,-20.523785495758055,
113.80000000000108,5.8678686151716954,1.1502404488381466,1.8331853071795994,0.0,-1.0,6.2158284566360456,0.5277889815931044,2.0805346507377305,0.0,-1.1812772982011665e-14,9.889778816465983,0.8499645849885666,-20.523785495758055,
114.00000000000108,5.8678686151716954,1.1502404488381466,2.0331853071795987,0.0,1.0,6.2158284566360456,0.5277889815931044,2.0805346507377305,0.0,-1.1812772982011665e-14,9.889778816465983,0.8499645849885666,-20.523785495758055,
114.20000000000108,5.8678686151716954,1.1502404488381466,1.8331853071795994,0.0,-1.0,6.2158284566360456,0.5277889815931044,2.0805346507377305,0.0,-1.1812772982011665e-14,9.889778816465983,0.8499645849885666,-20.523785495758055,
114.40000000000109,5.8678686151716954,1.1502404488381466,2.0331853071795987,0.0,1.0,6.2158284566360456,0.5277889815931044,2.0805346507377305,0.0,-1.1812772982011665e-14,9.889778816465983,0.8499645849885666,-20.523785495758055,
114.60000000000109,5.8678686151716954,1.1502404488381466,1.8331853071795994,0.0,-1.0,6.2158284566360456,0.5277889815931044,2.0805346507377305,0.0,-1.1812772982011665e-14,9.889778816465983,0.8499645849885666,-20.523785495758055,
114.80000000000109,5.8678686151716954,1.1502404488381466,2.0331853071795987,0.0,1.0,6.2158284566360456,0.5277889815931044,2.0805346507377305,0.0,-1.1812772982011665e-14,9.889778816465983,0.8499645849885666,-20.523785495758055,
115.0000000000011,5.8678686151716954,1.1502404488381466,1.8331853071795994,0.0,-1.0,6.2158284566360456,0.5277889815931044,2.0805346507377305,0.0,-1.1812772982011665e-14,9.889778816465983,0.8499645849885666,-20.523785495758055,
115.2000000000011,5.8678686151716954,1.1502404488381466,2.0331853071795987,0.0,1.0,6.2158284566360456,0.5277889815931044,2.0805346507377305,0.0,-1.1812772982011665e-14,9.889778816465983,0.8499645849885666,-20.523785495758055,
115.4000000000011,5.8678686151716954,1.1502404488381466,1.8331853071795994,0.0,-1.0,6.2158284566360456,0.5277889815931044,2.0805346507377305,0.0,-1.1812772982011665e-14,9.889778816465983,0.8499645849885666,-20.523785495758055,
115.6000000000011,5.8678686151716954,1.1502404488381466,2.0331853071795987,0.0,1.0,6.2158284566360456,0.5277889815931044,2.0805346507377305,0.0,-1.1812772982011665e-14,9.889778816465983,0.8499645849885666,-20.523785495758055,
115.8000000000011,5.8678686151716954,1.1502404488381466,1.8331853071795994,0.0,-1.0,6.2158284566360456,0.5277889815931044,2.0805346507377305,0.0,-1.1812772982011665e-14,9.889778816465983,0.8499645849885666,-20.523785495758055,
116.00000000000111,5.8678686151716954,1.1502404488381466,2.0331853071795987,0.0,1.0,6.2158284566360456,0.5277889815931044,2.0805346507377305,0.0,-1.1812772982011665e-14,9.889778816465983,0.8499645849885666,-20.523785495758055,
116.20000000000111,5.8678686151716954,1.1502404488381466,1.8331853071795994,0.0,-1.0,6.2158284566360456,0.5277889815931044,2.0805346507377305,0.0,-1.1812772982011665e-14,9.889778816465983,0.8499645849885666,-20.523785495758055,
116.40000000000111,5.8678686151716954,1.1502404488381466,2.0331853071795987,0.0,1.0,6.2158284566360456,0.5277889815931044,2.0805346507377305,0.0,-1.1812772982011665e-14,9.889778816465983,0.8499645849885666,-20.523785495758055,
116.60000000000112,5.8678686151716954,1.1502404488381466,1.8331853071795994,0.0,-1.0,6.2158284566360456,0.5277889815931044,2.0805346507377305,0.0,-1.1812772982011665e-14,9.889778816465983,0.8499645849885666,-20.523785495758055,
116.80000000000112,5.8678686151716954,1.1502404488381466,2.0331853071795987,0.0,1.0,6.2158284566360456,0.5277889815931044,2.0805346507377305,0.0,-1.1812772982011665e-14,9.889778816465983,0.8499645849885666,-20.523785495758055,
117.00000000000112,5.8678686151716954,1.1502404488381466,1.8331853071795994,0.0,-1.0,6.2158284566360456,0.5277889815931044,2.0805346507377305,0.0,-1.1812772982011665e-14,9.889778816465983,0.8499645849885666,-20.523785495758055,
117.20000000000113,5.8678686151716954,1.1502404488381466,2.0331853071795987,0.0,1.0,6.2158284566360456,0.5277889815931044,2.0805346507377305,0.0,-1.1812772982011665e-14,9.889778816465983,0.8499645849885666,-20.523785495758055,
117.40000000000113,5.8678686151716954,1.1502404488381466,1.8331853071795994,0.0,-1.0,6.2158284566360456,0.5277889815931044,2.0805346507377305,0.0,-1.1812772982011665e-14,9.889778816465983,0.8499645849885666,-20.523785495758055,
117.60000000000113,5.8678686151716954,1.1502404488381466,2.0331853071795987,0.0,1.0,6.2158284566360456,0.5277889815931044,2.0805346507377305,0.0,-1.1812772982011665e-14,9.889778816465983,0.8499645849885666,-20.523785495758055,
117.80000000000113,5.8678686151716954,1.1502404488381466,1.8331853071795994,0.0,-1.0,6.2158284566360456,0.5277889815931044,2.0805346507377305,0.0,-1.1812772982011665e-14,9.889778816465983,0.8499645849885666,-20.523785495758055,
118.00000000000114,5.8678686151716954,1.1502404488381466,2.0331853071795987,0.0,1.0,6.2158284566360456,0.5277889815931044,2.0805346507377305,0.0,-1.1812772982011665e-14,9.889778816465983,0.8499645849885666,-20.523785495758055,
118.20000000000114,5.8678686151716954,1.1502404488381466,1.8331853071795994,0.0,-1.0,6.2158284566360456,0.5277889815931044,2.0805346507377305,0.0,-1.1812772982011665e-14,9.889778816465983,0.8499645849885666,-20.523785495758055,
118.40000000000114,5.8678686151716954,1.1502404488381466,2.0331853071795987,0.0,1.0,6.2158284566360456,0.5277889815931044,2.0805346507377305,0.0,-1.1812772982011665e-14,9.889778816465983,0.8499645849885666,-20.523785495758055,
118.60000000000115,5.8678686151716954,1.1502404488381466,1.8331853071795994,0.0,-1.0,6.2158284566360456,0.5277889815931044,2.0805346507377305,0.0,-1.1812772982011665e-14,9.889778816465983,0.8499645849885666,-20.523785495758055,
118.80000000000115,5.8678686151716954,1.1502404488381466,2.0331853071795987,0.0,1.0,6.2158284566360456,0.5277889815931044,2.0805346507377305,0.0,-1.1812772982011665e-14,9.889778816465983,0.8499645849885666,-20.523785495758055,
119.00000000000115,5.8678686151716954,1.1502404488381466,1.8331853071795994,0.0,-1.0,6.2158284566360456,0.5277889815931044,2.0805346507377305,0.0,-1.1812772982011665e-14,9.889778816465983,0.8499645849885666,-20.523785495758055,
119.20000000000115,5.8678686151716954,1.1502404488381466,2.0331853071795987,0.0,1.0,6.2158284566360456,0.5277889815931044,2.0805346507377305,0.0,-1.1812772982011665e-14,9.889778816465983,0.8499645849885666,-20.523785495758055,
119.40000000000116,5.8678686151716954,1.1502404488381466,1.8331853071795994,0.0,-1.0,6.2158284566360456,0.5277889815931044,2.0805346507377305,0.0,-1.1812772982011665e-14,9.889778816465983,0.8499645849885666,-20.523785495758055,
119.60000000000116,5.8678686151716954,1.1502404488381466,2.0331853071795987,0.0,1.0,6.2158284566360456,0.5277889815931044,2.0805346507377305,0.0,-1.1812772982011665e-14,9.889778816465983,0.8499645849885666,-20.523785495758055,
119.80000000000116,5.8678686151716954,1.1502404488381466,1.8331853071795994,0.0,-1.0,6.2158284566360456,0.5277889815931044,2.0805346507377305,0.0,-1.1812772982011665e-14,9.889778816465983,0.8499645849885666,-20.523785495758055,
120.00000000000117,5.8678686151716954,1.1502404488381466,2.0331853071795987,0.0,1.0,6.2158284566360456,0.5277889815931044,2.0805346507377305,0.0,-1.1812772982011665e-14,9.889778816465983,0.8499645849885666,-20.523785495758055,
120.20000000000117,5.8678686151716954,1.1502404488381466,1.8331853071795994,0.0,-1.0,6.2158284566360456,0.5277889815931044,2.0805346507377305,0.0,-1.1812772982011665e-14,9.889778816465983,0.8499645849885666,-20.523785495758055,
120.40000000000117,5.8678686151716954,1.1502404488381466,2.0331853071795987,0.0,1.0,6.2158284566360456,0.5277889815931044,2.0805346507377305,0.0,-1.1812772982011665e-14,9.889778816465983,0.8499645849885666,-20.523785495758055,
120.60000000000117,5.8678686151716954,1.1502404488381466,1.8331853071795994,0.0,-1.0,6.2158284566360456,0.5277889815931044,2.0805346507377305,0.0,-1.1812772982011665e-14,9.889778816465983,0.8499645849885666,-20.523785495758055,
120.80000000000118,5.8678686151716954,1.1502404488381466,2.0331853071795987,0.0,1.0,6.2158284566360456,0.5277889815931044,2.0805346507377305,0.0,-1.1812772982011665e-14,9.889778816465983,0.8499645849885666,-20.523785495758055,
121.00000000000118,5.8678686151716954,1.1502404488381466,1.8331853071795994,0.0,-1.0,6.2158284566360456,0.5277889815931044,2.0805346507377305,0.0,-1.1812772982011665e-14,9.889778816465983,0.8499645849885666,-20.523785495758055,
121.20000000000118,5.8678686151716954,1.1502404488381466,2.0331853071795987,0.0,1.0,6.2158284566360456,0.5277889815931044,2.0805346507377305,0.0,-1.1812772982011665e-14,9.889778816465983,0.8499645849885666,-20.523785495758055,
121.40000000000119,5.8678686151716954,1.1502404488381466,1.8331853071795994,0.0,-1.0,6.2158284566360456,0.5277889815931044,2.0805346507377305,0.0,-1.1812772982011665e-14,9.889778816465983,0.8499645849885666,-20.523785495758055,
121.60000000000119,5.8678686151716954,1.1502404488381466,2.0331853071795987,0.0,1.0,6.2158284566360456,0.5277889815931044,2.0805346507377305,0.0,-1.1812772982011665e-14,9.889778816465983,0.8499645849885666,-20.523785495758055,
121.80000000000119,5.8678686151716954,1.1502404488381466,1.8331853071795994,0.0,-1.0,6.2158284566360456,0.5277889815931044,2.0805346507377305,0.0,-1.1812772982011665e-14,9.889778816465983,0.8499645849885666,-20.523785495758055,
122.0000000000012,5.8678686151716954,1.1502404488381466,2.0331853071795987,0.0,1.0,6.2158284566360456,0.5277889815931044,2.0805346507377305,0.0,-1.1812772982011665e-14,9.889778816465983,0.8499645849885666,-20.523785495758055,
122.2000000000012,5.8678686151716954,1.1502404488381466,1.8331853071795994,0.0,-1.0,6.2158284566360456,0.5277889815931044,2.0805346507377305,0.0,-1.1812772982011665e-14,9.889778816465983,0.8499645849885666,-20.523785495758055,
122.4000000000012,5.8678686151716954,1.1502404488381466,2.0331853071795987,0.0,1.0,6.2158284566360456,0.5277889815931044,2.0805346507377305,0.0,-1.1812772982011665e-14,9.889778816465983,0.8499645849885666,-20.523785495758055,
122.6000000000012,5.8678686151716954,1.1502404488381466,1.8331853071795994,0.0,-1.0,6.2158284566360456,0.5277889815931044,2.0805346507377305,0.0,-1.1812772982011665e-14,9.889778816465983,0.8499645849885666,-20.523785495758055,
122.8000000000012,5.8678686151716954,1.1502404488381466,2.0331853071795987,0.0,1.0,6.2158284566360456,0.5277889815931044,2.0805346507377305,0.0,-1.1812772982011665e-14,9.889778816465983,0.8499645849885666,-20.523785495758055,
123.00000000000121,5.8678686151716954,1.1502404488381466,1.8331853071795994,0.0,-1.0,6.2158284566360456,0.5277889815931044,2.0805346507377305,0.0,-1.1812772982011665e-14,9.889778816465983,0.8499645849885666,-20.523785495758055,
123.20000000000121,5.8678686151716954,1.1502404488381466,2.0331853071795987,0.0,1.0,6.2158284566360456,0.5277889815931044,2.0805346507377305,0.0,-1.1812772982011665e-14,9.889778816465983,0.8499645849885666,-20.523785495758055,
123.40000000000121,5.8678686151716954,1.1502404488381466,1.8331853071795994,0.0,-1.0,6.2158284566360456,0.5277889815931044,2.0805346507377305,0.0,-1.1812772982011665e-14,9.889778816465983,0.8499645849885666,-20.523785495758055,
123.60000000000122,5.8678686151716954,1.1502404488381466,2.0331853071795987,0.0,1.0,6.2158284566360456,0.5277889815931044,2.0805346507377305,0.0,-1.1812772982011665e-14,9.889778816465983,0.8499645849885666,-20.523785495758055,
123.80000000000122,5.8678686151716954,1.1502404488381466,1.8331853071795994,0.0,-1.0,6.2158284566360456,0.5277889815931044,2.0805346507377305,0.0,-1.1812772982011665e-14,9.889778816465983,0.8499645849885666,-20.523785495758055,
124.00000000000122,5.8678686151716954,1.1502404488381466,2.0331853071795987,0.0,1.0,6.2158284566360456,0.5277889815931044,2.0805346507377305,0.0,-1.1812772982011665e-14,9.889778816465983,0.8499645849885666,-20.523785495758055,
124.20000000000122,5.8678686151716954,1.1502404488381466,1.8331853071795994,0.0,-1.0,6.2158284566360456,0.5277889815931044,2.0805346507377305,0.0,-1.1812772982011665e-14,9.889778816465983,0.8499645849885666,-20.523785495758055,
124.40000000000123,5.8678686151716954,1.1502404488381466,2.0331853071795987,0.0,1.0,6.2158284566360456,0.5277889815931044,2.0805346507377305,0.0,-1.1812772982011665e-14,9.889778816465983,0.8499645849885666,-20.523785495758055,
124.60000000000123,5.8678686151716954,1.1502404488381466,1.8331853071795994,0.0,-1.0,6.2158284566360456,0.5277889815931044,2.0805346507377305,0.0,-1.1812772982011665e-14,9.889778816465983,0.8499645849885666,-20.523785495758055,
124.80000000000123,5.8678686151716954,1.1502404488381466,2.0331853071795987,0.0,1.0,6.2158284566360456,0.5277889815931044,2.0805346507377305,0.0,-1.1812772982011665e-14,9.889778816465983,0.8499645849885666,-20.523785495758055,
125.00000000000124,5.8678686151716954,1.1502404488381466,1.8331853071795994,0.0,-1.0,6.2158284566360456,0.5277889815931044,2.0805346507377305,0.0,-1.1812772982011665e-14,9.889778816465983,0.8499645849885666,-20.523785495758055,
125.20000000000124,5.8678686151716954,1.1502404488381466,2.0331853071795987,0.0,1.0,6.2158284566360456,0.5277889815931044,2.0805346507377305,0.0,-1.1812772982011665e-14,9.889778816465983,0.8499645849885666,-20.523785495758055,
125.40000000000124,5.8678686151716954,1.1502404488381466,1.8331853071795994,0.0,-1.0,6.2158284566360456,0.5277889815931044,2.0805346507377305,0.0,-1.1812772982011665e-14,9.889778816465983,0.8499645849885666,-20.523785495758055,
125.60000000000124,5.8678686151716954,1.1502404488381466,2.0331853071795987,0.0,1.0,6.2158284566360456,0.5277889815931044,2.0805346507377305,0.0,-1.1812772982011665e-14,9.889778816465983,0.8499645849885666,-20.523785495758055,
125.80000000000125,5.8678686151716954,1.1502404488381466,1.8331853071795994,0.0,-1.0,6.2158284566360456,0.5277889815931044,2.0805346507377305,0.0,-1.1812772982011665e-14,9.889778816465983,0.8499645849885666,-20.523785495758055,
126.00000000000125,5.8678686151716954,1.1502404488381466,2.0331853071795987,0.0,1.0,6.2158284566360456,0.5277889815931044,2.0805346507377305,0.0,-1.1812772982011665e-14,9.889778816465983,0.8499645849885666,-20.523785495758055,
126.20000000000125,5.8678686151716954,1.1502404488381466,1.8331853071795994,0.0,-1.0,6.2158284566360456,0.5277889815931044,2.0805346507377305,0.0,-1.1812772982011665e-14,9.889778816465983,0.8499645849885666,-20.523785495758055,
126.40000000000126,5.8678686151716954,1.1502404488381466,2.0331853071795987,0.0,1.0,6.2158284566360456,0.5277889815931044,2.0805346507377305,0.0,-1.1812772982011665e-14,9.889778816465983,0.8499645849885666,-20.523785495758055,
126.60000000000126,5.8678686151716954,1.1502404488381466,1.8331853071795994,0.0,-1.0,6.2158284566360456,0.5277889815931044,2.0805346507377305,0.0,-1.1812772982011665e-14,9.889778816465983,0.8499645849885666,-20.523785495758055,
126.80000000000126,5.8678686151716954,1.1502404488381466,2.0331853071795987,0.0,1.0,6.2158284566360456,0.5277889815931044,2.0805346507377305,0.0,-1.1812772982011665e-14,9.889778816465983,0.8499645849885666,-20.523785495758055,
127.00000000000126,5.8678686151716954,1.1502404488381466,1.8331853071795994,0.0,-1.0,6.2158284566360456,0.5277889815931044,2.0805346507377305,0.0,-1.1812772982011665e-14,9.889778816465983,0.8499645849885666,-20.523785495758055,
127.20000000000127,5.8678686151716954,1.1502404488381466,2.0331853071795987,0.0,1.0,6.2158284566360456,0.5277889815931044,2.0805346507377305,0.0,-1.1812772982011665e-14,9.889778816465983,0.8499645849885666,-20.523785495758055,
127.40000000000127,5.8678686151716954,1.1502404488381466,1.8331853071795994,0.0,-1.0,6.2158284566360456,0.5277889815931044,2.0805346507377305,0.0,-1.1812772982011665e-14,9.889778816465983,0.8499645849885666,-20.523785495758055,
127.60000000000127,5.8678686151716954,1.1502404488381466,2.0331853071795987,0.0,1.0,6.2158284566360456,0.5277889815931044,2.0805346507377305,0.0,-1.1812772982011665e-14,9.889778816465983,0.8499645849885666,-20.523785495758055,
127.80000000000128,5.8678686151716954,1.1502404488381466,1.8331853071795994,0.0,-1.0,6.2158284566360456,0.5277889815931044,2.0805346507377305,0.0,-1.1812772982011665e-14,9.889778816465983,0.8499645849885666,-20.523785495758055,
128.00000000000128,5.8678686151716954,1.1502404488381466,2.0331853071795987,0.0,1.0,6.2158284566360456,0.5277889815931044,2.0805346507377305,0.0,-1.1812772982011665e-14,9.889778816465983,0.8499645849885666,-20.523785495758055,
128.20000000000127,5.8678686151716954,1.1502404488381466,1.8331853071795994,0.0,-1.0,6.2158284566360456,0.5277889815931044,2.0805346507377305,0.0,-1.1812772982011665e-14,9.889778816465983,0.8499645849885666,-20.523785495758055,
128.40000000000126,5.8678686151716954,1.1502404488381466,2.0331853071795987,0.0,1.0,6.2158284566360456,0.5277889815931044,2.0805346507377305,0.0,-1.1812772982011665e-14,9.889778816465983,0.8499645849885666,-20.523785495758055,
128.60000000000124,5.8678686151716954,1.1502404488381466,1.8331853071795994,0.0,-1.0,6.2158284566360456,0.5277889815931044,2.0805346507377305,0.0,-1.1812772982011665e-14,9.889778816465983,0.8499645849885666,-20.523785495758055,
128.80000000000123,5.8678686151716954,1.1502404488381466,2.0331853071795987,0.0,1.0,6.2158284566360456,0.5277889815931044,2.0805346507377305,0.0,-1.1812772982011665e-14,9.889778816465983,0.8499645849885666,-20.523785495758055,
129.00000000000122,5.8678686151716954,1.1502404488381466,1.8331853071795994,0.0,-1.0,6.2158284566360456,0.5277889815931044,2.0805346507377305,0.0,-1.1812772982011665e-14,9.889778816465983,0.8499645849885666,-20.523785495758055,
129.2000000000012,5.8678686151716954,1.1502404488381466,2.0331853071795987,0.0,1.0,6.2158284566360456,0.5277889815931044,2.0805346507377305,0.0,-1.1812772982011665e-14,9.889778816465983,0.8499645849885666,-20.523785495758055,
129.4000000000012,5.8678686151716954,1.1502404488381466,1.8331853071795994,0.0,-1.0,6.2158284566360456,0.5277889815931044,2.0805346507377305,0.0,-1.1812772982011665e-14,9.889778816465983,0.8499645849885666,-20.523785495758055,
129.6000000000012,5.8678686151716954,1.1502404488381466,2.0331853071795987,0.0,1.0,6.2158284566360456,0.5277889815931044,2.0805346507377305,0.0,-1.1812772982011665e-14,9.889778816465983,0.8499645849885666,-20.523785495758055,
129.80000000000118,5.8678686151716954,1.1502404488381466,1.8331853071795994,0.0,-1.0,6.2158284566360456,0.5277889815931044,2.0805346507377305,0.0,-1.1812772982011665e-14,9.889778816465983,0.8499645849885666,-20.523785495758055,
130.00000000000117,5.8678686151716954,1.1502404488381466,2.0331853071795987,0.0,1.0,6.2158284566360456,0.5277889815931044,2.0805346507377305,0.0,-1.1812772982011665e-14,9.889778816465983,0.8499645849885666,-20.523785495758055,
130.20000000000115,5.8678686151716954,1.1502404488381466,1.8331853071795994,0.0,-1.0,6.2158284566360456,0.5277889815931044,2.0805346507377305,0.0,-1.1812772982011665e-14,9.889778816465983,0.8499645849885666,-20.523785495758055,
130.40000000000114,5.8678686151716954,1.1502404488381466,2.0331853071795987,0.0,1.0,6.2158284566360456,0.5277889815931044,2.0805346507377305,0.0,-1.1812772982011665e-14,9.889778816465983,0.8499645849885666,-20.523785495758055,
130.60000000000113,5.8678686151716954,1.1502404488381466,1.8331853071795994,0.0,-1.0,6.2158284566360456,0.5277889815931044,2.0805346507377305,0.0,-1.1812772982011665e-14,9.889778816465983,0.8499645849885666,-20.523785495758055,
130.80000000000112,5.8678686151716954,1.1502404488381466,2.0331853071795987,0.0,1.0,6.2158284566360456,0.5277889815931044,2.0805346507377305,0.0,-1.1812772982011665e-14,9.889778816465983,0.8499645849885666,-20.523785495758055,
131.0000000000011,5.8678686151716954,1.1502404488381466,1.8331853071795994,0.0,-1.0,6.2158284566360456,0.5277889815931044,2.0805346507377305,0.0,-1.1812772982011665e-14,9.889778816465983,0.8499645849885666,-20.523785495758055,
131.2000000000011,5.8678686151716954,1.1502404488381466,2.0331853071795987,0.0,1.0,6.2158284566360456,0.5277889815931044,2.0805346507377305,0.0,-1.1812772982011665e-14,9.889778816465983,0.8499645849885666,-20.523785495758055,
131.40000000000109,5.8678686151716954,1.1502404488381466,1.8331853071795994,0.0,-1.0,6.2158284566360456,0.5277889815931044,2.0805346507377305,0.0,-1.1812772982011665e-14,9.889778816465983,0.8499645849885666,-20.523785495758055,
131.60000000000107,5.8678686151716954,1.1502404488381466,2.0331853071795987,0.0,1.0,6.2158284566360456,0.5277889815931044,2.0805346507377305,0.0,-1.1812772982011665e-14,9.889778816465983,0.8499645849885666,-20.523785495758055,
131.80000000000106,5.8678686151716954,1.1502404488381466,1.8331853071795994,0.0,-1.0,6.2158284566360456,0.5277889815931044,2.0805346507377305,0.0,-1.1812772982011665e-14,9.889778816465983,0.8499645849885666,-20.523785495758055,
132.00000000000105,5.8678686151716954,1.1502404488381466,2.0331853071795987,0.0,1.0,6.2158284566360456,0.5277889815931044,2.0805346507377305,0.0,-1.1812772982011665e-14,9.889778816465983,0.8499645849885666,-20.523785495758055,
132.20000000000104,5.8678686151716954,1.1502404488381466,1.8331853071795994,0.0,-1.0,6.2158284566360456,0.5277889815931044,2.0805346507377305,0.0,-1.1812772982011665e-14,9.889778816465983,0.8499645849885666,-20.523785495758055,
132.40000000000103,5.8678686151716954,1.1502404488381466,2.0331853071795987,0.0,1.0,6.2158284566360456,0.5277889815931044,2.0805346507377305,0.0,-1.1812772982011665e-14,9.889778816465983,0.8499645849885666,-20.523785495758055,
132.60000000000102,5.8678686151716954,1.1502404488381466,1.8331853071795994,0.0,-1.0,6.2158284566360456,0.5277889815931044,2.0805346507377305,0.0,-1.1812772982011665e-14,9.889778816465983,0.8499645849885666,-20.523785495758055,
132.800000000001,5.8678686151716954,1.1502404488381466,2.0331853071795987,0.0,1.0,6.2158284566360456,0.5277889815931044,2.0805346507377305,0.0,-1.1812772982011665e-14,9.889778816465983,0.8499645849885666,-20.523785495758055,
133.000000000001,5.8678686151716954,1.1502404488381466,1.8331853071795994,0.0,-1.0,6.2158284566360456,0.5277889815931044,2.0805346507377305,0.0,-1.1812772982011665e-14,9.889778816465983,0.8499645849885666,-20.523785495758055,
133.20000000000098,5.8678686151716954,1.1502404488381466,2.0331853071795987,0.0,1.0,6.2158284566360456,0.5277889815931044,2.0805346507377305,0.0,-1.1812772982011665e-14,9.889778816465983,0.8499645849885666,-20.523785495758055,
133.40000000000097,5.8678686151716954,1.1502404488381466,1.8331853071795994,0.0,-1.0,6.2158284566360456,0.5277889815931044,2.0805346507377305,0.0,-1.1812772982011665e-14,9.889778816465983,0.8499645849885666,-20.523785495758055,
133.60000000000096,5.8678686151716954,1.1502404488381466,2.0331853071795987,0.0,1.0,6.2158284566360456,0.5277889815931044,2.0805346507377305,0.0,-1.1812772982011665e-14,9.889778816465983,0.8499645849885666,-20.523785495758055,
133.80000000000095,5.8678686151716954,1.1502404488381466,1.8331853071795994,0.0,-1.0,6.2158284566360456,0.5277889815931044,2.0805346507377305,0.0,-1.1812772982011665e-14,9.889778816465983,0.8499645849885666,-20.523785495758055,
134.00000000000094,5.8678686151716954,1.1502404488381466,2.0331853071795987,0.0,1.0,6.2158284566360456,0.5277889815931044,2.0805346507377305,0.0,-1.1812772982011665e-14,9.889778816465983,0.8499645849885666,-20.523785495758055,
134.20000000000093,5.8678686151716954,1.1502404488381466,1.8331853071795994,0.0,-1.0,6.2158284566360456,0.5277889815931044,2.0805346507377305,0.0,-1.1812772982011665e-14,9.889778816465983,0.8499645849885666,-20.523785495758055,
134.40000000000092,5.8678686151716954,1.1502404488381466,2.0331853071795987,0.0,1.0,6.2158284566360456,0.5277889815931044,2.0805346507377305,0.0,-1.1812772982011665e-14,9.889778816465983,0.8499645849885666,-20.523785495758055,
134.6000000000009,5.8678686151716954,1.1502404488381466,1.8331853071795994,0.0,-1.0,6.2158284566360456,0.5277889815931044,2.0805346507377305,0.0,-1.1812772982011665e-14,9.889778816465983,0.8499645849885666,-20.523785495758055,
134.8000000000009,5.8678686151716954,1.1502404488381466,2.0331853071795987,0.0,1.0,6.2158284566360456,0.5277889815931044,2.0805346507377305,0.0,-1.1812772982011665e-14,9.889778816465983,0.8499645849885666,-20.523785495758055,
135.00000000000088,5.8678686151716954,1.1502404488381466,1.8331853071795994,0.0,-1.0,6.2158284566360456,0.5277889815931044,2.0805346507377305,0.0,-1.1812772982011665e-14,9.889778816465983,0.8499645849885666,-20.523785495758055,
135.20000000000087,5.8678686151716954,1.1502404488381466,2.0331853071795987,0.0,1.0,6.2158284566360456,0.5277889815931044,2.0805346507377305,0.0,-1.1812772982011665e-14,9.889778816465983,0.8499645849885666,-20.523785495758055,
135.40000000000086,5.8678686151716954,1.1502404488381466,1.8331853071795994,0.0,-1.0,6.2158284566360456,0.5277889815931044,2.0805346507377305,0.0,-1.1812772982011665e-14,9.889778816465983,0.8499645849885666,-20.523785495758055,
135.60000000000085,5.8678686151716954,1.1502404488381466,2.0331853071795987,0.0,1.0,6.2158284566360456,0.5277889815931044,2.0805346507377305,0.0,-1.1812772982011665e-14,9.889778816465983,0.8499645849885666,-20.523785495758055,
135.80000000000084,5.8678686151716954,1.1502404488381466,1.8331853071795994,0.0,-1.0,6.2158284566360456,0.5277889815931044,2.0805346507377305,0.0,-1.1812772982011665e-14,9.889778816465983,0.8499645849885666,-20.523785495758055,
136.00000000000082,5.8678686151716954,1.1502404488381466,2.0331853071795987,0.0,1.0,6.2158284566360456,0.5277889815931044,2.0805346507377305,0.0,-1.1812772982011665e-14,9.889778816465983,0.8499645849885666,-20.523785495758055,
136.2000000000008,5.8678686151716954,1.1502404488381466,1.8331853071795994,0.0,-1.0,6.2158284566360456,0.5277889815931044,2.0805346507377305,0.0,-1.1812772982011665e-14,9.889778816465983,0.8499645849885666,-20.523785495758055,
136.4000000000008,5.8678686151716954,1.1502404488381466,2.0331853071795987,0.0,1.0,6.2158284566360456,0.5277889815931044,2.0805346507377305,0.0,-1.1812772982011665e-14,9.889778816465983,0.8499645849885666,-20.523785495758055,
136.6000000000008,5.8678686151716954,1.1502404488381466,1.8331853071795994,0.0,-1.0,6.2158284566360456,0.5277889815931044,2.0805346507377305,0.0,-1.1812772982011665e-14,9.889778816465983,0.8499645849885666,-20.523785495758055,
136.80000000000078,5.8678686151716954,1.1502404488381466,2.0331853071795987,0.0,1.0,6.2158284566360456,0.5277889815931044,2.0805346507377305,0.0,-1.1812772982011665e-14,9.889778816465983,0.8499645849885666,-20.523785495758055,
137.00000000000077,5.8678686151716954,1.1502404488381466,1.8331853071795994,0.0,-1.0,6.2158284566360456,0.5277889815931044,2.0805346507377305,0.0,-1.1812772982011665e-14,9.889778816465983,0.8499645849885666,-20.523785495758055,
137.20000000000076,5.8678686151716954,1.1502404488381466,2.0331853071795987,0.0,1.0,6.2158284566360456,0.5277889815931044,2.0805346507377305,0.0,-1.1812772982011665e-14,9.889778816465983,0.8499645849885666,-20.523785495758055,
137.40000000000074,5.8678686151716954,1.1502404488381466,1.8331853071795994,0.0,-1.0,6.2158284566360456,0.5277889815931044,2.0805346507377305,0.0,-1.1812772982011665e-14,9.889778816465983,0.8499645849885666,-20.523785495758055,
137.60000000000073,5.8678686151716954,1.1502404488381466,2.0331853071795987,0.0,1.0,6.2158284566360456,0.5277889815931044,2.0805346507377305,0.0,-1.1812772982011665e-14,9.889778816465983,0.8499645849885666,-20.523785495758055,
137.80000000000072,5.8678686151716954,1.1502404488381466,1.8331853071795994,0.0,-1.0,6.2158284566360456,0.5277889815931044,2.0805346507377305,0.0,-1.1812772982011665e-14,9.889778816465983,0.8499645849885666,-20.523785495758055,
138.0000000000007,5.8678686151716954,1.1502404488381466,2.0331853071795987,0.0,1.0,6.2158284566360456,0.5277889815931044,2.0805346507377305,0.0,-1.1812772982011665e-14,9.889778816465983,0.8499645849885666,-20.523785495758055,
138.2000000000007,5.8678686151716954,1.1502404488381466,1.8331853071795994,0.0,-1.0,6.2158284566360456,0.5277889815931044,2.0805346507377305,0.0,-1.1812772982011665e-14,9.889778816465983,0.8499645849885666,-20.523785495758055,
138.4000000000007,5.8678686151716954,1.1502404488381466,2.0331853071795987,0.0,1.0,6.2158284566360456,0.5277889815931044,2.0805346507377305,0.0,-1.1812772982011665e-14,9.889778816465983,0.8499645849885666,-20.523785495758055,
138.60000000000068,5.8678686151716954,1.1502404488381466,1.8331853071795994,0.0,-1.0,6.2158284566360456,0.5277889815931044,2.0805346507377305,0.0,-1.1812772982011665e-14,9.889778816465983,0.8499645849885666,-20.523785495758055,
138.80000000000067,5.8678686151716954,1.1502404488381466,2.0331853071795987,0.0,1.0,6.2158284566360456,0.5277889815931044,2.0805346507377305,0.0,-1.1812772982011665e-14,9.889778816465983,0.8499645849885666,-20.523785495758055,
139.00000000000065,5.8678686151716954,1.1502404488381466,1.8331853071795994,0.0,-1.0,6.2158284566360456,0.5277889815931044,2.0805346507377305,0.0,-1.1812772982011665e-14,9.889778816465983,0.8499645849885666,-20.523785495758055,
139.20000000000064,5.8678686151716954,1.1502404488381466,2.0331853071795987,0.0,1.0,6.2158284566360456,0.5277889815931044,2.0805346507377305,0.0,-1.1812772982011665e-14,9.889778816465983,0.8499645849885666,-20.523785495758055,
139.40000000000063,5.8678686151716954,1.1502404488381466,1.8331853071795994,0.0,-1.0,6.2158284566360456,0.5277889815931044,2.0805346507377305,0.0,-1.1812772982011665e-14,9.889778816465983,0.8499645849885666,-20.523785495758055,
139.60000000000062,5.8678686151716954,1.1502404488381466,2.0331853071795987,0.0,1.0,6.2158284566360456,0.5277889815931044,2.0805346507377305,0.0,-1.1812772982011665e-14,9.889778816465983,0.8499645849885666,-20.523785495758055,
139.8000000000006,5.8678686151716954,1.1502404488381466,1.8331853071795994,0.0,-1.0,6.2158284566360456,0.5277889815931044,2.0805346507377305,0.0,-1.1812772982011665e-14,9.889778816465983,0.8499645849885666,-20.523785495758055,
140.0000000000006,5.8678686151716954,1.1502404488381466,2.0331853071795987,0.0,1.0,6.2158284566360456,0.5277889815931044,2.0805346507377305,0.0,-1.1812772982011665e-14,9.889778816465983,0.8499645849885666,-20.523785495758055,
140.20000000000059,5.8678686151716954,1.1502404488381466,1.8331853071795994,0.0,-1.0,6.2158284566360456,0.5277889815931044,2.0805346507377305,0.0,-1.1812772982011665e-14,9.889778816465983,0.8499645849885666,-20.523785495758055,
140.40000000000057,5.8678686151716954,1.1502404488381466,2.0331853071795987,0.0,1.0,6.2158284566360456,0.5277889815931044,2.0805346507377305,0.0,-1.1812772982011665e-14,9.889778816465983,0.8499645849885666,-20.523785495758055,
140.60000000000056,5.8678686151716954,1.1502404488381466,1.8331853071795994,0.0,-1.0,6.2158284566360456,0.5277889815931044,2.0805346507377305,0.0,-1.1812772982011665e-14,9.889778816465983,0.8499645849885666,-20.523785495758055,
140.80000000000055,5.8678686151716954,1.1502404488381466,2.0331853071795987,0.0,1.0,6.2158284566360456,0.5277889815931044,2.0805346507377305,0.0,-1.1812772982011665e-14,9.889778816465983,0.8499645849885666,-20.523785495758055,
141.00000000000054,5.8678686151716954,1.1502404488381466,1.8331853071795994,0.0,-1.0,6.2158284566360456,0.5277889815931044,2.0805346507377305,0.0,-1.1812772982011665e-14,9.889778816465983,0.8499645849885666,-20.523785495758055,
141.20000000000053,5.8678686151716954,1.1502404488381466,2.0331853071795987,0.0,1.0,6.2158284566360456,0.5277889815931044,2.0805346507377305,0.0,-1.1812772982011665e-14,9.889778816465983,0.8499645849885666,-20.523785495758055,
141.40000000000052,5.8678686151716954,1.1502404488381466,1.8331853071795994,0.0,-1.0,6.2158284566360456,0.5277889815931044,2.0805346507377305,0.0,-1.1812772982011665e-14,9.889778816465983,0.8499645849885666,-20.523785495758055,
141.6000000000005,5.8678686151716954,1.1502404488381466,2.0331853071795987,0.0,1.0,6.2158284566360456,0.5277889815931044,2.0805346507377305,0.0,-1.1812772982011665e-14,9.889778816465983,0.8499645849885666,-20.523785495758055,
141.8000000000005,5.8678686151716954,1.1502404488381466,1.8331853071795994,0.0,-1.0,6.2158284566360456,0.5277889815931044,2.0805346507377305,0.0,-1.1812772982011665e-14,9.889778816465983,0.8499645849885666,-20.523785495758055,
142.00000000000048,5.8678686151716954,1.1502404488381466,2.0331853071795987,0.0,1.0,6.2158284566360456,0.5277889815931044,2.0805346507377305,0.0,-1.1812772982011665e-14,9.889778816465983,0.8499645849885666,-20.523785495758055,
142.20000000000047,5.8678686151716954,1.1502404488381466,1.8331853071795994,0.0,-1.0,6.2158284566360456,0.5277889815931044,2.0805346507377305,0.0,-1.1812772982011665e-14,9.889778816465983,0.8499645849885666,-20.523785495758055,
142.40000000000046,5.8678686151716954,1.1502404488381466,2.0331853071795987,0.0,1.0,6.2158284566360456,0.5277889815931044,2.0805346507377305,0.0,-1.1812772982011665e-14,9.889778816465983,0.8499645849885666,-20.523785495758055,
142.60000000000045,5.8678686151716954,1.1502404488381466,1.8331853071795994,0.0,-1.0,6.2158284566360456,0.5277889815931044,2.0805346507377305,0.0,-1.1812772982011665e-14,9.889778816465983,0.8499645849885666,-20.523785495758055,
142.80000000000044,5.8678686151716954,1.1502404488381466,2.0331853071795987,0.0,1.0,6.2158284566360456,0.5277889815931044,2.0805346507377305,0.0,-1.1812772982011665e-14,9.889778816465983,0.8499645849885666,-20.523785495758055,
143.00000000000043,5.8678686151716954,1.1502404488381466,1.8331853071795994,0.0,-1.0,6.2158284566360456,0.5277889815931044,2.0805346507377305,0.0,-1.1812772982011665e-14,9.889778816465983,0.8499645849885666,-20.523785495758055,
143.20000000000041,5.8678686151716954,1.1502404488381466,2.0331853071795987,0.0,1.0,6.2158284566360456,0.5277889815931044,2.0805346507377305,0.0,-1.1812772982011665e-14,9.889778816465983,0.8499645849885666,-20.523785495758055,
143.4000000000004,5.8678686151716954,1.1502404488381466,1.8331853071795994,0.0,-1.0,6.2158284566360456,0.5277889815931044,2.0805346507377305,0.0,-1.1812772982011665e-14,9.889778816465983,0.8499645849885666,-20.523785495758055,
143.6000000000004,5.8678686151716954,1.1502404488381466,2.0331853071795987,0.0,1.0,6.2158284566360456,0.5277889815931044,2.0805346507377305,0.0,-1.1812772982011665e-14,9.889778816465983,0.8499645849885666,-20.523785495758055,
143.80000000000038,5.8678686151716954,1.1502404488381466,1.8331853071795994,0.0,-1.0,6.2158284566360456,0.5277889815931044,2.0805346507377305,0.0,-1.1812772982011665e-14,9.889778816465983,0.8499645849885666,-20.523785495758055,
144.00000000000037,5.8678686151716954,1.1502404488381466,2.0331853071795987,0.0,1.0,6.2158284566360456,0.5277889815931044,2.0805346507377305,0.0,-1.1812772982011665e-14,9.889778816465983,0.8499645849885666,-20.523785495758055,
144.20000000000036,5.8678686151716954,1.1502404488381466,1.8331853071795994,0.0,-1.0,6.2158284566360456,0.5277889815931044,2.0805346507377305,0.0,-1.1812772982011665e-14,9.889778816465983,0.8499645849885666,-20.523785495758055,
144.40000000000035,5.8678686151716954,1.1502404488381466,2.0331853071795987,0.0,1.0,6.2158284566360456,0.5277889815931044,2.0805346507377305,0.0,-1.1812772982011665e-14,9.889778816465983,0.8499645849885666,-20.523785495758055,
144.60000000000034,5.8678686151716954,1.1502404488381466,1.8331853071795994,0.0,-1.0,6.2158284566360456,0.5277889815931044,2.0805346507377305,0.0,-1.1812772982011665e-14,9.889778816465983,0.8499645849885666,-20.523785495758055,
144.80000000000032,5.8678686151716954,1.1502404488381466,2.0331853071795987,0.0,1.0,6.2158284566360456,0.5277889815931044,2.0805346507377305,0.0,-1.1812772982011665e-14,9.889778816465983,0.8499645849885666,-20.523785495758055,
145.0000000000003,5.8678686151716954,1.1502404488381466,1.8331853071795994,0.0,-1.0,6.2158284566360456,0.5277889815931044,2.0805346507377305,0.0,-1.1812772982011665e-14,9.889778816465983,0.8499645849885666,-20.523785495758055,
145.2000000000003,5.8678686151716954,1.1502404488381466,2.0331853071795987,0.0,1.0,6.2158284566360456,0.5277889815931044,2.0805346507377305,0.0,-1.1812772982011665e-14,9.889778816465983,0.8499645849885666,-20.523785495758055,
145.4000000000003,5.8678686151716954,1.1502404488381466,1.8331853071795994,0.0,-1.0,6.2158284566360456,0.5277889815931044,2.0805346507377305,0.0,-1.1812772982011665e-14,9.889778816465983,0.8499645849885666,-20.523785495758055,
145.60000000000028,5.8678686151716954,1.1502404488381466,2.0331853071795987,0.0,1.0,6.2158284566360456,0.5277889815931044,2.0805346507377305,0.0,-1.1812772982011665e-14,9.889778816465983,0.8499645849885666,-20.523785495758055,
145.80000000000027,5.8678686151716954,1.1502404488381466,1.8331853071795994,0.0,-1.0,6.2158284566360456,0.5277889815931044,2.0805346507377305,0.0,-1.1812772982011665e-14,9.889778816465983,0.8499645849885666,-20.523785495758055,
146.00000000000026,5.8678686151716954,1.1502404488381466,2.0331853071795987,0.0,1.0,6.2158284566360456,0.5277889815931044,2.0805346507377305,0.0,-1.1812772982011665e-14,9.889778816465983,0.8499645849885666,-20.523785495758055,
146.20000000000024,5.8678686151716954,1.1502404488381466,1.8331853071795994,0.0,-1.0,6.2158284566360456,0.5277889815931044,2.0805346507377305,0.0,-1.1812772982011665e-14,9.889778816465983,0.8499645849885666,-20.523785495758055,
146.40000000000023,5.8678686151716954,1.1502404488381466,2.0331853071795987,0.0,1.0,6.2158284566360456,0.5277889815931044,2.0805346507377305,0.0,-1.1812772982011665e-14,9.889778816465983,0.8499645849885666,-20.523785495758055,
146.60000000000022,5.8678686151716954,1.1502404488381466,1.8331853071795994,0.0,-1.0,6.2158284566360456,0.5277889815931044,2.0805346507377305,0.0,-1.1812772982011665e-14,9.889778816465983,0.8499645849885666,-20.523785495758055,
146.8000000000002,5.8678686151716954,1.1502404488381466,2.0331853071795987,0.0,1.0,6.2158284566360456,0.5277889815931044,2.0805346507377305,0.0,-1.1812772982011665e-14,9.889778816465983,0.8499645849885666,-20.523785495758055,
147.0000000000002,5.8678686151716954,1.1502404488381466,1.8331853071795994,0.0,-1.0,6.2158284566360456,0.5277889815931044,2.0805346507377305,0.0,-1.1812772982011665e-14,9.889778816465983,0.8499645849885666,-20.523785495758055,
147.2000000000002,5.8678686151716954,1.1502404488381466,2.0331853071795987,0.0,1.0,6.2158284566360456,0.5277889815931044,2.0805346507377305,0.0,-1.1812772982011665e-14,9.889778816465983,0.8499645849885666,-20.523785495758055,
147.40000000000018,5.8678686151716954,1.1502404488381466,1.8331853071795994,0.0,-1.0,6.2158284566360456,0.5277889815931044,2.0805346507377305,0.0,-1.1812772982011665e-14,9.889778816465983,0.8499645849885666,-20.523785495758055,
147.60000000000016,5.8678686151716954,1.1502404488381466,2.0331853071795987,0.0,1.0,6.2158284566360456,0.5277889815931044,2.0805346507377305,0.0,-1.1812772982011665e-14,9.889778816465983,0.8499645849885666,-20.523785495758055,
147.80000000000015,5.8678686151716954,1.1502404488381466,1.8331853071795994,0.0,-1.0,6.2158284566360456,0.5277889815931044,2.0805346507377305,0.0,-1.1812772982011665e-14,9.889778816465983,0.8499645849885666,-20.523785495758055,
148.00000000000014,5.8678686151716954,1.1502404488381466,2.0331853071795987,0.0,1.0,6.2158284566360456,0.5277889815931044,2.0805346507377305,0.0,-1.1812772982011665e-14,9.889778816465983,0.8499645849885666,-20.523785495758055,
148.20000000000013,5.8678686151716954,1.1502404488381466,1.8331853071795994,0.0,-1.0,6.2158284566360456,0.5277889815931044,2.0805346507377305,0.0,-1.1812772982011665e-14,9.889778816465983,0.8499645849885666,-20.523785495758055,
148.40000000000012,5.8678686151716954,1.1502404488381466,2.0331853071795987,0.0,1.0,6.2158284566360456,0.5277889815931044,2.0805346507377305,0.0,-1.1812772982011665e-14,9.889778816465983,0.8499645849885666,-20.523785495758055,
148.6000000000001,5.8678686151716954,1.1502404488381466,1.8331853071795994,0.0,-1.0,6.2158284566360456,0.5277889815931044,2.0805346507377305,0.0,-1.1812772982011665e-14,9.889778816465983,0.8499645849885666,-20.523785495758055,
148.8000000000001,5.8678686151716954,1.1502404488381466,2.0331853071795987,0.0,1.0,6.2158284566360456,0.5277889815931044,2.0805346507377305,0.0,-1.1812772982011665e-14,9.889778816465983,0.8499645849885666,-20.523785495758055,
149.00000000000009,5.8678686151716954,1.1502404488381466,1.8331853071795994,0.0,-1.0,6.2158284566360456,0.5277889815931044,2.0805346507377305,0.0,-1.1812772982011665e-14,9.889778816465983,0.8499645849885666,-20.523785495758055,
149.20000000000007,5.8678686151716954,1.1502404488381466,2.0331853071795987,0.0,1.0,6.2158284566360456,0.5277889815931044,2.0805346507377305,0.0,-1.1812772982011665e-14,9.889778816465983,0.8499645849885666,-20.523785495758055,
149.40000000000006,5.8678686151716954,1.1502404488381466,1.8331853071795994,0.0,-1.0,6.2158284566360456,0.5277889815931044,2.0805346507377305,0.0,-1.1812772982011665e-14,9.889778816465983,0.8499645849885666,-20.523785495758055,
149.60000000000005,5.8678686151716954,1.1502404488381466,2.0331853071795987,0.0,1.0,6.2158284566360456,0.5277889815931044,2.0805346507377305,0.0,-1.1812772982011665e-14,9.889778816465983,0.8499645849885666,-20.523785495758055,
149.80000000000004,5.8678686151716954,1.1502404488381466,1.8331853071795994,0.0,-1.0,6.2158284566360456,0.5277889815931044,2.0805346507377305,0.0,-1.1812772982011665e-14,9.889778816465983,0.8499645849885666,-20.523785495758055,
150.00000000000003,5.8678686151716954,1.1502404488381466,2.0331853071795987,0.0,1.0,6.2158284566360456,0.5277889815931044,2.0805346507377305,0.0,-1.1812772982011665e-14,9.889778816465983,0.8499645849885666,-20.523785495758055,
150.20000000000002,5.8678686151716954,1.1502404488381466,1.8331853071795994,0.0,-1.0,6.2158284566360456,0.5277889815931044,2.0805346507377305,0.0,-1.1812772982011665e-14,9.889778816465983,0.8499645849885666,-20.523785495758055,
150.4,5.8678686151716954,1.1502404488381466,2.0331853071795987,0.0,1.0,6.2158284566360456,0.5277889815931044,2.0805346507377305,0.0,-1.1812772982011665e-14,9.889778816465983,0.8499645849885666,-20.523785495758055,
150.6,5.8678686151716954,1.1502404488381466,1.8331853071795994,0.0,-1.0,6.2158284566360456,0.5277889815931044,2.0805346507377305,0.0,-1.1812772982011665e-14,9.889778816465983,0.8499645849885666,-20.523785495758055,
150.79999999999998,5.8678686151716954,1.1502404488381466,2.0331853071795987,0.0,1.0,6.2158284566360456,0.5277889815931044,2.0805346507377305,0.0,-1.1812772982011665e-14,9.889778816465983,0.8499645849885666,-20.523785495758055,
150.99999999999997,5.8678686151716954,1.1502404488381466,1.8331853071795994,0.0,-1.0,6.2158284566360456,0.5277889815931044,2.0805346507377305,0.0,-1.1812772982011665e-14,9.889778816465983,0.8499645849885666,-20.523785495758055,
151.19999999999996,5.8678686151716954,1.1502404488381466,2.0331853071795987,0.0,1.0,6.2158284566360456,0.5277889815931044,2.0805346507377305,0.0,-1.1812772982011665e-14,9.889778816465983,0.8499645849885666,-20.523785495758055,
151.39999999999995,5.8678686151716954,1.1502404488381466,1.8331853071795994,0.0,-1.0,6.2158284566360456,0.5277889815931044,2.0805346507377305,0.0,-1.1812772982011665e-14,9.889778816465983,0.8499645849885666,-20.523785495758055,
151.59999999999994,5.8678686151716954,1.1502404488381466,2.0331853071795987,0.0,1.0,6.2158284566360456,0.5277889815931044,2.0805346507377305,0.0,-1.1812772982011665e-14,9.889778816465983,0.8499645849885666,-20.523785495758055,
151.79999999999993,5.8678686151716954,1.1502404488381466,1.8331853071795994,0.0,-1.0,6.2158284566360456,0.5277889815931044,2.0805346507377305,0.0,-1.1812772982011665e-14,9.889778816465983,0.8499645849885666,-20.523785495758055,
151.99999999999991,5.8678686151716954,1.1502404488381466,2.0331853071795987,0.0,1.0,6.2158284566360456,0.5277889815931044,2.0805346507377305,0.0,-1.1812772982011665e-14,9.889778816465983,0.8499645849885666,-20.523785495758055,
152.1999999999999,5.8678686151716954,1.1502404488381466,1.8331853071795994,0.0,-1.0,6.2158284566360456,0.5277889815931044,2.0805346507377305,0.0,-1.1812772982011665e-14,9.889778816465983,0.8499645849885666,-20.523785495758055,
152.3999999999999,5.8678686151716954,1.1502404488381466,2.0331853071795987,0.0,1.0,6.2158284566360456,0.5277889815931044,2.0805346507377305,0.0,-1.1812772982011665e-14,9.889778816465983,0.8499645849885666,-20.523785495758055,
152.59999999999988,5.8678686151716954,1.1502404488381466,1.8331853071795994,0.0,-1.0,6.2158284566360456,0.5277889815931044,2.0805346507377305,0.0,-1.1812772982011665e-14,9.889778816465983,0.8499645849885666,-20.523785495758055,
152.79999999999987,5.8678686151716954,1.1502404488381466,2.0331853071795987,0.0,1.0,6.2158284566360456,0.5277889815931044,2.0805346507377305,0.0,-1.1812772982011665e-14,9.889778816465983,0.8499645849885666,-20.523785495758055,
152.99999999999986,5.8678686151716954,1.1502404488381466,1.8331853071795994,0.0,-1.0,6.2158284566360456,0.5277889815931044,2.0805346507377305,0.0,-1.1812772982011665e-14,9.889778816465983,0.8499645849885666,-20.523785495758055,
153.19999999999985,5.8678686151716954,1.1502404488381466,2.0331853071795987,0.0,1.0,6.2158284566360456,0.5277889815931044,2.0805346507377305,0.0,-1.1812772982011665e-14,9.889778816465983,0.8499645849885666,-20.523785495758055,
153.39999999999984,5.8678686151716954,1.1502404488381466,1.8331853071795994,0.0,-1.0,6.2158284566360456,0.5277889815931044,2.0805346507377305,0.0,-1.1812772982011665e-14,9.889778816465983,0.8499645849885666,-20.523785495758055,
153.59999999999982,5.8678686151716954,1.1502404488381466,2.0331853071795987,0.0,1.0,6.2158284566360456,0.5277889815931044,2.0805346507377305,0.0,-1.1812772982011665e-14,9.889778816465983,0.8499645849885666,-20.523785495758055,
153.7999999999998,5.8678686151716954,1.1502404488381466,1.8331853071795994,0.0,-1.0,6.2158284566360456,0.5277889815931044,2.0805346507377305,0.0,-1.1812772982011665e-14,9.889778816465983,0.8499645849885666,-20.523785495758055,
153.9999999999998,5.8678686151716954,1.1502404488381466,2.0331853071795987,0.0,1.0,6.2158284566360456,0.5277889815931044,2.0805346507377305,0.0,-1.1812772982011665e-14,9.889778816465983,0.8499645849885666,-20.523785495758055,
154.1999999999998,5.8678686151716954,1.1502404488381466,1.8331853071795994,0.0,-1.0,6.2158284566360456,0.5277889815931044,2.0805346507377305,0.0,-1.1812772982011665e-14,9.889778816465983,0.8499645849885666,-20.523785495758055,
154.39999999999978,5.8678686151716954,1.1502404488381466,2.0331853071795987,0.0,1.0,6.2158284566360456,0.5277889815931044,2.0805346507377305,0.0,-1.1812772982011665e-14,9.889778816465983,0.8499645849885666,-20.523785495758055,
154.59999999999977,5.8678686151716954,1.1502404488381466,1.8331853071795994,0.0,-1.0,6.2158284566360456,0.5277889815931044,2.0805346507377305,0.0,-1.1812772982011665e-14,9.889778816465983,0.8499645849885666,-20.523785495758055,
154.79999999999976,5.8678686151716954,1.1502404488381466,2.0331853071795987,0.0,1.0,6.2158284566360456,0.5277889815931044,2.0805346507377305,0.0,-1.1812772982011665e-14,9.889778816465983,0.8499645849885666,-20.523785495758055,
154.99999999999974,5.8678686151716954,1.1502404488381466,1.8331853071795994,0.0,-1.0,6.2158284566360456,0.5277889815931044,2.0805346507377305,0.0,-1.1812772982011665e-14,9.889778816465983,0.8499645849885666,-20.523785495758055,
155.19999999999973,5.8678686151716954,1.1502404488381466,2.0331853071795987,0.0,1.0,6.2158284566360456,0.5277889815931044,2.0805346507377305,0.0,-1.1812772982011665e-14,9.889778816465983,0.8499645849885666,-20.523785495758055,
155.39999999999972,5.8678686151716954,1.1502404488381466,1.8331853071795994,0.0,-1.0,6.2158284566360456,0.5277889815931044,2.0805346507377305,0.0,-1.1812772982011665e-14,9.889778816465983,0.8499645849885666,-20.523785495758055,
155.5999999999997,5.8678686151716954,1.1502404488381466,2.0331853071795987,0.0,1.0,6.2158284566360456,0.5277889815931044,2.0805346507377305,0.0,-1.1812772982011665e-14,9.889778816465983,0.8499645849885666,-20.523785495758055,
155.7999999999997,5.8678686151716954,1.1502404488381466,1.8331853071795994,0.0,-1.0,6.2158284566360456,0.5277889815931044,2.0805346507377305,0.0,-1.1812772982011665e-14,9.889778816465983,0.8499645849885666,-20.523785495758055,
155.9999999999997,5.8678686151716954,1.1502404488381466,2.0331853071795987,0.0,1.0,6.2158284566360456,0.5277889815931044,2.0805346507377305,0.0,-1.1812772982011665e-14,9.889778816465983,0.8499645849885666,-20.523785495758055,
156.19999999999968,5.8678686151716954,1.1502404488381466,1.8331853071795994,0.0,-1.0,6.2158284566360456,0.5277889815931044,2.0805346507377305,0.0,-1.1812772982011665e-14,9.889778816465983,0.8499645849885666,-20.523785495758055,
156.39999999999966,5.8678686151716954,1.1502404488381466,2.0331853071795987,0.0,1.0,6.2158284566360456,0.5277889815931044,2.0805346507377305,0.0,-1.1812772982011665e-14,9.889778816465983,0.8499645849885666,-20.523785495758055,
156.59999999999965,5.8678686151716954,1.1502404488381466,1.8331853071795994,0.0,-1.0,6.2158284566360456,0.5277889815931044,2.0805346507377305,0.0,-1.1812772982011665e-14,9.889778816465983,0.8499645849885666,-20.523785495758055,
156.79999999999964,5.8678686151716954,1.1502404488381466,2.0331853071795987,0.0,1.0,6.2158284566360456,0.5277889815931044,2.0805346507377305,0.0,-1.1812772982011665e-14,9.889778816465983,0.8499645849885666,-20.523785495758055,
156.99999999999963,5.8678686151716954,1.1502404488381466,1.8331853071795994,0.0,-1.0,6.2158284566360456,0.5277889815931044,2.0805346507377305,0.0,-1.1812772982011665e-14,9.889778816465983,0.8499645849885666,-20.523785495758055,
157.19999999999962,5.8678686151716954,1.1502404488381466,2.0331853071795987,0.0,1.0,6.2158284566360456,0.5277889815931044,2.0805346507377305,0.0,-1.1812772982011665e-14,9.889778816465983,0.8499645849885666,-20.523785495758055,
157.3999999999996,5.8678686151716954,1.1502404488381466,1.8331853071795994,0.0,-1.0,6.2158284566360456,0.5277889815931044,2.0805346507377305,0.0,-1.1812772982011665e-14,9.889778816465983,0.8499645849885666,-20.523785495758055,
157.5999999999996,5.8678686151716954,1.1502404488381466,2.0331853071795987,0.0,1.0,6.2158284566360456,0.5277889815931044,2.0805346507377305,0.0,-1.1812772982011665e-14,9.889778816465983,0.8499645849885666,-20.523785495758055,
157.79999999999959,5.8678686151716954,1.1502404488381466,1.8331853071795994,0.0,-1.0,6.2158284566360456,0.5277889815931044,2.0805346507377305,0.0,-1.1812772982011665e-14,9.889778816465983,0.8499645849885666,-20.523785495758055,
157.99999999999957,5.8678686151716954,1.1502404488381466,2.0331853071795987,0.0,1.0,6.2158284566360456,0.5277889815931044,2.0805346507377305,0.0,-1.1812772982011665e-14,9.889778816465983,0.8499645849885666,-20.523785495758055,
158.19999999999956,5.8678686151716954,1.1502404488381466,1.8331853071795994,0.0,-1.0,6.2158284566360456,0.5277889815931044,2.0805346507377305,0.0,-1.1812772982011665e-14,9.889778816465983,0.8499645849885666,-20.523785495758055,
158.39999999999955,5.8678686151716954,1.1502404488381466,2.0331853071795987,0.0,1.0,6.2158284566360456,0.5277889815931044,2.0805346507377305,0.0,-1.1812772982011665e-14,9.889778816465983,0.8499645849885666,-20.523785495758055,
158.59999999999954,5.8678686151716954,1.1502404488381466,1.8331853071795994,0.0,-1.0,6.2158284566360456,0.5277889815931044,2.0805346507377305,0.0,-1.1812772982011665e-14,9.889778816465983,0.8499645849885666,-20.523785495758055,
158.79999999999953,5.8678686151716954,1.1502404488381466,2.0331853071795987,0.0,1.0,6.2158284566360456,0.5277889815931044,2.0805346507377305,0.0,-1.1812772982011665e-14,9.889778816465983,0.8499645849885666,-20.523785495758055,
158.99999999999952,5.8678686151716954,1.1502404488381466,1.8331853071795994,0.0,-1.0,6.2158284566360456,0.5277889815931044,2.0805346507377305,0.0,-1.1812772982011665e-14,9.889778816465983,0.8499645849885666,-20.523785495758055,
159.1999999999995,5.8678686151716954,1.1502404488381466,2.0331853071795987,0.0,1.0,6.2158284566360456,0.5277889815931044,2.0805346507377305,0.0,-1.1812772982011665e-14,9.889778816465983,0.8499645849885666,-20.523785495758055,
159.3999999999995,5.8678686151716954,1.1502404488381466,1.8331853071795994,0.0,-1.0,6.2158284566360456,0.5277889815931044,2.0805346507377305,0.0,-1.1812772982011665e-14,9.889778816465983,0.8499645849885666,-20.523785495758055,
159.59999999999948,5.8678686151716954,1.1502404488381466,2.0331853071795987,0.0,1.0,6.2158284566360456,0.5277889815931044,2.0805346507377305,0.0,-1.1812772982011665e-14,9.889778816465983,0.8499645849885666,-20.523785495758055,
159.79999999999947,5.8678686151716954,1.1502404488381466,1.8331853071795994,0.0,-1.0,6.2158284566360456,0.5277889815931044,2.0805346507377305,0.0,-1.1812772982011665e-14,9.889778816465983,0.8499645849885666,-20.523785495758055,
159.99999999999946,5.8678686151716954,1.1502404488381466,2.0331853071795987,0.0,1.0,6.2158284566360456,0.5277889815931044,2.0805346507377305,0.0,-1.1812772982011665e-14,9.889778816465983,0.8499645849885666,-20.523785495758055,
160.19999999999945,5.8678686151716954,1.1502404488381466,1.8331853071795994,0.0,-1.0,6.2158284566360456,0.5277889815931044,2.0805346507377305,0.0,-1.1812772982011665e-14,9.889778816465983,0.8499645849885666,-20.523785495758055,
160.39999999999944,5.8678686151716954,1.1502404488381466,2.0331853071795987,0.0,1.0,6.2158284566360456,0.5277889815931044,2.0805346507377305,0.0,-1.1812772982011665e-14,9.889778816465983,0.8499645849885666,-20.523785495758055,
160.59999999999943,5.8678686151716954,1.1502404488381466,1.8331853071795994,0.0,-1.0,6.2158284566360456,0.5277889815931044,2.0805346507377305,0.0,-1.1812772982011665e-14,9.889778816465983,0.8499645849885666,-20.523785495758055,
160.79999999999941,5.8678686151716954,1.1502404488381466,2.0331853071795987,0.0,1.0,6.2158284566360456,0.5277889815931044,2.0805346507377305,0.0,-1.1812772982011665e-14,9.889778816465983,0.8499645849885666,-20.523785495758055,
160.9999999999994,5.8678686151716954,1.1502404488381466,1.8331853071795994,0.0,-1.0,6.2158284566360456,0.5277889815931044,2.0805346507377305,0.0,-1.1812772982011665e-14,9.889778816465983,0.8499645849885666,-20.523785495758055,
161.1999999999994,5.8678686151716954,1.1502404488381466,2.0331853071795987,0.0,1.0,6.2158284566360456,0.5277889815931044,2.0805346507377305,0.0,-1.1812772982011665e-14,9.889778816465983,0.8499645849885666,-20.523785495758055,
161.39999999999938,5.8678686151716954,1.1502404488381466,1.8331853071795994,0.0,-1.0,6.2158284566360456,0.5277889815931044,2.0805346507377305,0.0,-1.1812772982011665e-14,9.889778816465983,0.8499645849885666,-20.523785495758055,
161.59999999999937,5.8678686151716954,1.1502404488381466,2.0331853071795987,0.0,1.0,6.2158284566360456,0.5277889815931044,2.0805346507377305,0.0,-1.1812772982011665e-14,9.889778816465983,0.8499645849885666,-20.523785495758055,
161.79999999999936,5.8678686151716954,1.1502404488381466,1.8331853071795994,0.0,-1.0,6.2158284566360456,0.5277889815931044,2.0805346507377305,0.0,-1.1812772982011665e-14,9.889778816465983,0.8499645849885666,-20.523785495758055,
161.99999999999935,5.8678686151716954,1.1502404488381466,2.0331853071795987,0.0,1.0,6.2158284566360456,0.5277889815931044,2.0805346507377305,0.0,-1.1812772982011665e-14,9.889778816465983,0.8499645849885666,-20.523785495758055,
162.19999999999933,5.8678686151716954,1.1502404488381466,1.8331853071795994,0.0,-1.0,6.2158284566360456,0.5277889815931044,2.0805346507377305,0.0,-1.1812772982011665e-14,9.889778816465983,0.8499645849885666,-20.523785495758055,
162.39999999999932,5.8678686151716954,1.1502404488381466,2.0331853071795987,0.0,1.0,6.2158284566360456,0.5277889815931044,2.0805346507377305,0.0,-1.1812772982011665e-14,9.889778816465983,0.8499645849885666,-20.523785495758055,
162.5999999999993,5.8678686151716954,1.1502404488381466,1.8331853071795994,0.0,-1.0,6.2158284566360456,0.5277889815931044,2.0805346507377305,0.0,-1.1812772982011665e-14,9.889778816465983,0.8499645849885666,-20.523785495758055,
162.7999999999993,5.8678686151716954,1.1502404488381466,2.0331853071795987,0.0,1.0,6.2158284566360456,0.5277889815931044,2.0805346507377305,0.0,-1.1812772982011665e-14,9.889778816465983,0.8499645849885666,-20.523785495758055,
162.9999999999993,5.8678686151716954,1.1502404488381466,1.8331853071795994,0.0,-1.0,6.2158284566360456,0.5277889815931044,2.0805346507377305,0.0,-1.1812772982011665e-14,9.889778816465983,0.8499645849885666,-20.523785495758055,
163.19999999999928,5.8678686151716954,1.1502404488381466,2.0331853071795987,0.0,1.0,6.2158284566360456,0.5277889815931044,2.0805346507377305,0.0,-1.1812772982011665e-14,9.889778816465983,0.8499645849885666,-20.523785495758055,
163.39999999999927,5.8678686151716954,1.1502404488381466,1.8331853071795994,0.0,-1.0,6.2158284566360456,0.5277889815931044,2.0805346507377305,0.0,-1.1812772982011665e-14,9.889778816465983,0.8499645849885666,-20.523785495758055,
163.59999999999926,5.8678686151716954,1.1502404488381466,2.0331853071795987,0.0,1.0,6.2158284566360456,0.5277889815931044,2.0805346507377305,0.0,-1.1812772982011665e-14,9.889778816465983,0.8499645849885666,-20.523785495758055,
163.79999999999924,5.8678686151716954,1.1502404488381466,1.8331853071795994,0.0,-1.0,6.2158284566360456,0.5277889815931044,2.0805346507377305,0.0,-1.1812772982011665e-14,9.889778816465983,0.8499645849885666,-20.523785495758055,
163.99999999999923,5.8678686151716954,1.1502404488381466,2.0331853071795987,0.0,1.0,6.2158284566360456,0.5277889815931044,2.0805346507377305,0.0,-1.1812772982011665e-14,9.889778816465983,0.8499645849885666,-20.523785495758055,
164.19999999999922,5.8678686151716954,1.1502404488381466,1.8331853071795994,0.0,-1.0,6.2158284566360456,0.5277889815931044,2.0805346507377305,0.0,-1.1812772982011665e-14,9.889778816465983,0.8499645849885666,-20.523785495758055,
164.3999999999992,5.8678686151716954,1.1502404488381466,2.0331853071795987,0.0,1.0,6.2158284566360456,0.5277889815931044,2.0805346507377305,0.0,-1.1812772982011665e-14,9.889778816465983,0.8499645849885666,-20.523785495758055,
164.5999999999992,5.8678686151716954,1.1502404488381466,1.8331853071795994,0.0,-1.0,6.2158284566360456,0.5277889815931044,2.0805346507377305,0.0,-1.1812772982011665e-14,9.889778816465983,0.8499645849885666,-20.523785495758055,
164.7999999999992,5.8678686151716954,1.1502404488381466,2.0331853071795987,0.0,1.0,6.2158284566360456,0.5277889815931044,2.0805346507377305,0.0,-1.1812772982011665e-14,9.889778816465983,0.8499645849885666,-20.523785495758055,
164.99999999999918,5.8678686151716954,1.1502404488381466,1.8331853071795994,0.0,-1.0,6.2158284566360456,0.5277889815931044,2.0805346507377305,0.0,-1.1812772982011665e-14,9.889778816465983,0.8499645849885666,-20.523785495758055,
165.19999999999916,5.8678686151716954,1.1502404488381466,2.0331853071795987,0.0,1.0,6.2158284566360456,0.5277889815931044,2.0805346507377305,0.0,-1.1812772982011665e-14,9.889778816465983,0.8499645849885666,-20.523785495758055,
165.39999999999915,5.8678686151716954,1.1502404488381466,1.8331853071795994,0.0,-1.0,6.2158284566360456,0.5277889815931044,2.0805346507377305,0.0,-1.1812772982011665e-14,9.889778816465983,0.8499645849885666,-20.523785495758055,
165.59999999999914,5.8678686151716954,1.1502404488381466,2.0331853071795987,0.0,1.0,6.2158284566360456,0.5277889815931044,2.0805346507377305,0.0,-1.1812772982011665e-14,9.889778816465983,0.8499645849885666,-20.523785495758055,
165.79999999999913,5.8678686151716954,1.1502404488381466,1.8331853071795994,0.0,-1.0,6.2158284566360456,0.5277889815931044,2.0805346507377305,0.0,-1.1812772982011665e-14,9.889778816465983,0.8499645849885666,-20.523785495758055,
165.99999999999912,5.8678686151716954,1.1502404488381466,2.0331853071795987,0.0,1.0,6.2158284566360456,0.5277889815931044,2.0805346507377305,0.0,-1.1812772982011665e-14,9.889778816465983,0.8499645849885666,-20.523785495758055,
166.1999999999991,5.8678686151716954,1.1502404488381466,1.8331853071795994,0.0,-1.0,6.2158284566360456,0.5277889815931044,2.0805346507377305,0.0,-1.1812772982011665e-14,9.889778816465983,0.8499645849885666,-20.523785495758055,
166.3999999999991,5.8678686151716954,1.1502404488381466,2.0331853071795987,0.0,1.0,6.2158284566360456,0.5277889815931044,2.0805346507377305,0.0,-1.1812772982011665e-14,9.889778816465983,0.8499645849885666,-20.523785495758055,
166.59999999999908,5.8678686151716954,1.1502404488381466,1.8331853071795994,0.0,-1.0,6.2158284566360456,0.5277889815931044,2.0805346507377305,0.0,-1.1812772982011665e-14,9.889778816465983,0.8499645849885666,-20.523785495758055,
166.79999999999907,5.8678686151716954,1.1502404488381466,2.0331853071795987,0.0,1.0,6.2158284566360456,0.5277889815931044,2.0805346507377305,0.0,-1.1812772982011665e-14,9.889778816465983,0.8499645849885666,-20.523785495758055,
166.99999999999906,5.8678686151716954,1.1502404488381466,1.8331853071795994,0.0,-1.0,6.2158284566360456,0.5277889815931044,2.0805346507377305,0.0,-1.1812772982011665e-14,9.889778816465983,0.8499645849885666,-20.523785495758055,
167.19999999999905,5.8678686151716954,1.1502404488381466,2.0331853071795987,0.0,1.0,6.2158284566360456,0.5277889815931044,2.0805346507377305,0.0,-1.1812772982011665e-14,9.889778816465983,0.8499645849885666,-20.523785495758055,
167.39999999999904,5.8678686151716954,1.1502404488381466,1.8331853071795994,0.0,-1.0,6.2158284566360456,0.5277889815931044,2.0805346507377305,0.0,-1.1812772982011665e-14,9.889778816465983,0.8499645849885666,-20.523785495758055,
167.59999999999903,5.8678686151716954,1.1502404488381466,2.0331853071795987,0.0,1.0,6.2158284566360456,0.5277889815931044,2.0805346507377305,0.0,-1.1812772982011665e-14,9.889778816465983,0.8499645849885666,-20.523785495758055,
167.79999999999902,5.8678686151716954,1.1502404488381466,1.8331853071795994,0.0,-1.0,6.2158284566360456,0.5277889815931044,2.0805346507377305,0.0,-1.1812772982011665e-14,9.889778816465983,0.8499645849885666,-20.523785495758055,
167.999999999999,5.8678686151716954,1.1502404488381466,2.0331853071795987,0.0,1.0,6.2158284566360456,0.5277889815931044,2.0805346507377305,0.0,-1.1812772982011665e-14,9.889778816465983,0.8499645849885666,-20.523785495758055,
168.199999999999,5.8678686151716954,1.1502404488381466,1.8331853071795994,0.0,-1.0,6.2158284566360456,0.5277889815931044,2.0805346507377305,0.0,-1.1812772982011665e-14,9.889778816465983,0.8499645849885666,-20.523785495758055,
168.39999999999898,5.8678686151716954,1.1502404488381466,2.0331853071795987,0.0,1.0,6.2158284566360456,0.5277889815931044,2.0805346507377305,0.0,-1.1812772982011665e-14,9.889778816465983,0.8499645849885666,-20.523785495758055,
168.59999999999897,5.8678686151716954,1.1502404488381466,1.8331853071795994,0.0,-1.0,6.2158284566360456,0.5277889815931044,2.0805346507377305,0.0,-1.1812772982011665e-14,9.889778816465983,0.8499645849885666,-20.523785495758055,
168.79999999999896,5.8678686151716954,1.1502404488381466,2.0331853071795987,0.0,1.0,6.2158284566360456,0.5277889815931044,2.0805346507377305,0.0,-1.1812772982011665e-14,9.889778816465983,0.8499645849885666,-20.523785495758055,
168.99999999999895,5.8678686151716954,1.1502404488381466,1.8331853071795994,0.0,-1.0,6.2158284566360456,0.5277889815931044,2.0805346507377305,0.0,-1.1812772982011665e-14,9.889778816465983,0.8499645849885666,-20.523785495758055,
169.19999999999894,5.8678686151716954,1.1502404488381466,2.0331853071795987,0.0,1.0,6.2158284566360456,0.5277889815931044,2.0805346507377305,0.0,-1.1812772982011665e-14,9.889778816465983,0.8499645849885666,-20.523785495758055,
169.39999999999893,5.8678686151716954,1.1502404488381466,1.8331853071795994,0.0,-1.0,6.2158284566360456,0.5277889815931044,2.0805346507377305,0.0,-1.1812772982011665e-14,9.889778816465983,0.8499645849885666,-20.523785495758055,
169.59999999999891,5.8678686151716954,1.1502404488381466,2.0331853071795987,0.0,1.0,6.2158284566360456,0.5277889815931044,2.0805346507377305,0.0,-1.1812772982011665e-14,9.889778816465983,0.8499645849885666,-20.523785495758055,
169.7999999999989,5.8678686151716954,1.1502404488381466,1.8331853071795994,0.0,-1.0,6.2158284566360456,0.5277889815931044,2.0805346507377305,0.0,-1.1812772982011665e-14,9.889778816465983,0.8499645849885666,-20.523785495758055,
169.9999999999989,5.8678686151716954,1.1502404488381466,2.0331853071795987,0.0,1.0,6.2158284566360456,0.5277889815931044,2.0805346507377305,0.0,-1.1812772982011665e-14,9.889778816465983,0.8499645849885666,-20.523785495758055,
170.19999999999888,5.8678686151716954,1.1502404488381466,1.8331853071795994,0.0,-1.0,6.2158284566360456,0.5277889815931044,2.0805346507377305,0.0,-1.1812772982011665e-14,9.889778816465983,0.8499645849885666,-20.523785495758055,
170.39999999999887,5.8678686151716954,1.1502404488381466,2.0331853071795987,0.0,1.0,6.2158284566360456,0.5277889815931044,2.0805346507377305,0.0,-1.1812772982011665e-14,9.889778816465983,0.8499645849885666,-20.523785495758055,
170.59999999999886,5.8678686151716954,1.1502404488381466,1.8331853071795994,0.0,-1.0,6.2158284566360456,0.5277889815931044,2.0805346507377305,0.0,-1.1812772982011665e-14,9.889778816465983,0.8499645849885666,-20.523785495758055,
170.79999999999885,5.8678686151716954,1.1502404488381466,2.0331853071795987,0.0,1.0,6.2158284566360456,0.5277889815931044,2.0805346507377305,0.0,-1.1812772982011665e-14,9.889778816465983,0.8499645849885666,-20.523785495758055,
170.99999999999883,5.8678686151716954,1.1502404488381466,1.8331853071795994,0.0,-1.0,6.2158284566360456,0.5277889815931044,2.0805346507377305,0.0,-1.1812772982011665e-14,9.889778816465983,0.8499645849885666,-20.523785495758055,
171.19999999999882,5.8678686151716954,1.1502404488381466,2.0331853071795987,0.0,1.0,6.2158284566360456,0.5277889815931044,2.0805346507377305,0.0,-1.1812772982011665e-14,9.889778816465983,0.8499645849885666,-20.523785495758055,
171.3999999999988,5.8678686151716954,1.1502404488381466,1.8331853071795994,0.0,-1.0,6.2158284566360456,0.5277889815931044,2.0805346507377305,0.0,-1.1812772982011665e-14,9.889778816465983,0.8499645849885666,-20.523785495758055,
171.5999999999988,5.8678686151716954,1.1502404488381466,2.0331853071795987,0.0,1.0,6.2158284566360456,0.5277889815931044,2.0805346507377305,0.0,-1.1812772982011665e-14,9.889778816465983,0.8499645849885666,-20.523785495758055,
171.7999999999988,5.8678686151716954,1.1502404488381466,1.8331853071795994,0.0,-1.0,6.2158284566360456,0.5277889815931044,2.0805346507377305,0.0,-1.1812772982011665e-14,9.889778816465983,0.8499645849885666,-20.523785495758055,
171.99999999999878,5.8678686151716954,1.1502404488381466,2.0331853071795987,0.0,1.0,6.2158284566360456,0.5277889815931044,2.0805346507377305,0.0,-1.1812772982011665e-14,9.889778816465983,0.8499645849885666,-20.523785495758055,
172.19999999999877,5.8678686151716954,1.1502404488381466,1.8331853071795994,0.0,-1.0,6.2158284566360456,0.5277889815931044,2.0805346507377305,0.0,-1.1812772982011665e-14,9.889778816465983,0.8499645849885666,-20.523785495758055,
172.39999999999876,5.8678686151716954,1.1502404488381466,2.0331853071795987,0.0,1.0,6.2158284566360456,0.5277889815931044,2.0805346507377305,0.0,-1.1812772982011665e-14,9.889778816465983,0.8499645849885666,-20.523785495758055,
172.59999999999874,5.8678686151716954,1.1502404488381466,1.8331853071795994,0.0,-1.0,6.2158284566360456,0.5277889815931044,2.0805346507377305,0.0,-1.1812772982011665e-14,9.889778816465983,0.8499645849885666,-20.523785495758055,
172.79999999999873,5.8678686151716954,1.1502404488381466,2.0331853071795987,0.0,1.0,6.2158284566360456,0.5277889815931044,2.0805346507377305,0.0,-1.1812772982011665e-14,9.889778816465983,0.8499645849885666,-20.523785495758055,
172.99999999999872,5.8678686151716954,1.1502404488381466,1.8331853071795994,0.0,-1.0,6.2158284566360456,0.5277889815931044,2.0805346507377305,0.0,-1.1812772982011665e-14,9.889778816465983,0.8499645849885666,-20.523785495758055,
173.1999999999987,5.8678686151716954,1.1502404488381466,2.0331853071795987,0.0,1.0,6.2158284566360456,0.5277889815931044,2.0805346507377305,0.0,-1.1812772982011665e-14,9.889778816465983,0.8499645849885666,-20.523785495758055,
173.3999999999987,5.8678686151716954,1.1502404488381466,1.8331853071795994,0.0,-1.0,6.2158284566360456,0.5277889815931044,2.0805346507377305,0.0,-1.1812772982011665e-14,9.889778816465983,0.8499645849885666,-20.523785495758055,
173.5999999999987,5.8678686151716954,1.1502404488381466,2.0331853071795987,0.0,1.0,6.2158284566360456,0.5277889815931044,2.0805346507377305,0.0,-1.1812772982011665e-14,9.889778816465983,0.8499645849885666,-20.523785495758055,
173.79999999999868,5.8678686151716954,1.1502404488381466,1.8331853071795994,0.0,-1.0,6.2158284566360456,0.5277889815931044,2.0805346507377305,0.0,-1.1812772982011665e-14,9.889778816465983,0.8499645849885666,-20.523785495758055,
173.99999999999866,5.8678686151716954,1.1502404488381466,2.0331853071795987,0.0,1.0,6.2158284566360456,0.5277889815931044,2.0805346507377305,0.0,-1.1812772982011665e-14,9.889778816465983,0.8499645849885666,-20.523785495758055,
174.19999999999865,5.8678686151716954,1.1502404488381466,1.8331853071795994,0.0,-1.0,6.2158284566360456,0.5277889815931044,2.0805346507377305,0.0,-1.1812772982011665e-14,9.889778816465983,0.8499645849885666,-20.523785495758055,
174.39999999999864,5.8678686151716954,1.1502404488381466,2.0331853071795987,0.0,1.0,6.2158284566360456,0.5277889815931044,2.0805346507377305,0.0,-1.1812772982011665e-14,9.889778816465983,0.8499645849885666,-20.523785495758055,
174.59999999999863,5.8678686151716954,1.1502404488381466,1.8331853071795994,0.0,-1.0,6.2158284566360456,0.5277889815931044,2.0805346507377305,0.0,-1.1812772982011665e-14,9.889778816465983,0.8499645849885666,-20.523785495758055,
174.79999999999862,5.8678686151716954,1.1502404488381466,2.0331853071795987,0.0,1.0,6.2158284566360456,0.5277889815931044,2.0805346507377305,0.0,-1.1812772982011665e-14,9.889778816465983,0.8499645849885666,-20.523785495758055,
174.9999999999986,5.8678686151716954,1.1502404488381466,1.8331853071795994,0.0,-1.0,6.2158284566360456,0.5277889815931044,2.0805346507377305,0.0,-1.1812772982011665e-14,9.889778816465983,0.8499645849885666,-20.523785495758055,
175.1999999999986,5.8678686151716954,1.1502404488381466,2.0331853071795987,0.0,1.0,6.2158284566360456,0.5277889815931044,2.0805346507377305,0.0,-1.1812772982011665e-14,9.889778816465983,0.8499645849885666,-20.523785495758055,
175.39999999999858,5.8678686151716954,1.1502404488381466,1.8331853071795994,0.0,-1.0,6.2158284566360456,0.5277889815931044,2.0805346507377305,0.0,-1.1812772982011665e-14,9.889778816465983,0.8499645849885666,-20.523785495758055,
175.59999999999857,5.8678686151716954,1.1502404488381466,2.0331853071795987,0.0,1.0,6.2158284566360456,0.5277889815931044,2.0805346507377305,0.0,-1.1812772982011665e-14,9.889778816465983,0.8499645849885666,-20.523785495758055,
175.79999999999856,5.8678686151716954,1.1502404488381466,1.8331853071795994,0.0,-1.0,6.2158284566360456,0.5277889815931044,2.0805346507377305,0.0,-1.1812772982011665e-14,9.889778816465983,0.8499645849885666,-20.523785495758055,
175.99999999999855,5.8678686151716954,1.1502404488381466,2.0331853071795987,0.0,1.0,6.2158284566360456,0.5277889815931044,2.0805346507377305,0.0,-1.1812772982011665e-14,9.889778816465983,0.8499645849885666,-20.523785495758055,
176.19999999999854,5.8678686151716954,1.1502404488381466,1.8331853071795994,0.0,-1.0,6.2158284566360456,0.5277889815931044,2.0805346507377305,0.0,-1.1812772982011665e-14,9.889778816465983,0.8499645849885666,-20.523785495758055,
176.39999999999853,5.8678686151716954,1.1502404488381466,2.0331853071795987,0.0,1.0,6.2158284566360456,0.5277889815931044,2.0805346507377305,0.0,-1.1812772982011665e-14,9.889778816465983,0.8499645849885666,-20.523785495758055,
176.59999999999852,5.8678686151716954,1.1502404488381466,1.8331853071795994,0.0,-1.0,6.2158284566360456,0.5277889815931044,2.0805346507377305,0.0,-1.1812772982011665e-14,9.889778816465983,0.8499645849885666,-20.523785495758055,
176.7999999999985,5.8678686151716954,1.1502404488381466,2.0331853071795987,0.0,1.0,6.2158284566360456,0.5277889815931044,2.0805346507377305,0.0,-1.1812772982011665e-14,9.889778816465983,0.8499645849885666,-20.523785495758055,
176.9999999999985,5.8678686151716954,1.1502404488381466,1.8331853071795994,0.0,-1.0,6.2158284566360456,0.5277889815931044,2.0805346507377305,0.0,-1.1812772982011665e-14,9.889778816465983,0.8499645849885666,-20.523785495758055,
177.19999999999848,5.8678686151716954,1.1502404488381466,2.0331853071795987,0.0,1.0,6.2158284566360456,0.5277889815931044,2.0805346507377305,0.0,-1.1812772982011665e-14,9.889778816465983,0.8499645849885666,-20.523785495758055,
177.39999999999847,5.8678686151716954,1.1502404488381466,1.8331853071795994,0.0,-1.0,6.2158284566360456,0.5277889815931044,2.0805346507377305,0.0,-1.1812772982011665e-14,9.889778816465983,0.8499645849885666,-20.523785495758055,
177.59999999999846,5.8678686151716954,1.1502404488381466,2.0331853071795987,0.0,1.0,6.2158284566360456,0.5277889815931044,2.0805346507377305,0.0,-1.1812772982011665e-14,9.889778816465983,0.8499645849885666,-20.523785495758055,
177.79999999999845,5.8678686151716954,1.1502404488381466,1.8331853071795994,0.0,-1.0,6.2158284566360456,0.5277889815931044,2.0805346507377305,0.0,-1.1812772982011665e-14,9.889778816465983,0.8499645849885666,-20.523785495758055,
177.99999999999844,5.8678686151716954,1.1502404488381466,2.0331853071795987,0.0,1.0,6.2158284566360456,0.5277889815931044,2.0805346507377305,0.0,-1.1812772982011665e-14,9.889778816465983,0.8499645849885666,-20.523785495758055,
178.19999999999843,5.8678686151716954,1.1502404488381466,1.8331853071795994,0.0,-1.0,6.2158284566360456,0.5277889815931044,2.0805346507377305,0.0,-1.1812772982011665e-14,9.889778816465983,0.8499645849885666,-20.523785495758055,
178.3999999999984,5.8678686151716954,1.1502404488381466,2.0331853071795987,0.0,1.0,6.2158284566360456,0.5277889815931044,2.0805346507377305,0.0,-1.1812772982011665e-14,9.889778816465983,0.8499645849885666,-20.523785495758055,
178.5999999999984,5.8678686151716954,1.1502404488381466,1.8331853071795994,0.0,-1.0,6.2158284566360456,0.5277889815931044,2.0805346507377305,0.0,-1.1812772982011665e-14,9.889778816465983,0.8499645849885666,-20.523785495758055,
178.7999999999984,5.8678686151716954,1.1502404488381466,2.0331853071795987,0.0,1.0,6.2158284566360456,0.5277889815931044,2.0805346507377305,0.0,-1.1812772982011665e-14,9.889778816465983,0.8499645849885666,-20.523785495758055,
178.99999999999838,5.8678686151716954,1.1502404488381466,1.8331853071795994,0.0,-1.0,6.2158284566360456,0.5277889815931044,2.0805346507377305,0.0,-1.1812772982011665e-14,9.889778816465983,0.8499645849885666,-20.523785495758055,
179.19999999999837,5.8678686151716954,1.1502404488381466,2.0331853071795987,0.0,1.0,6.2158284566360456,0.5277889815931044,2.0805346507377305,0.0,-1.1812772982011665e-14,9.889778816465983,0.8499645849885666,-20.523785495758055,
179.39999999999836,5.8678686151716954,1.1502404488381466,1.8331853071795994,0.0,-1.0,6.2158284566360456,0.5277889815931044,2.0805346507377305,0.0,-1.1812772982011665e-14,9.889778816465983,0.8499645849885666,-20.523785495758055,
179.59999999999835,5.8678686151716954,1.1502404488381466,2.0331853071795987,0.0,1.0,6.2158284566360456,0.5277889815931044,2.0805346507377305,0.0,-1.1812772982011665e-14,9.889778816465983,0.8499645849885666,-20.523785495758055,
179.79999999999833,5.8678686151716954,1.1502404488381466,1.8331853071795994,0.0,-1.0,6.2158284566360456,0.5277889815931044,2.0805346507377305,0.0,-1.1812772982011665e-14,9.889778816465983,0.8499645849885666,-20.523785495758055,
179.99999999999832,5.8678686151716954,1.1502404488381466,2.0331853071795987,0.0,1.0,6.2158284566360456,0.5277889815931044,2.0805346507377305,0.0,-1.1812772982011665e-14,9.889778816465983,0.8499645849885666,-20.523785495758055,
180.1999999999983,5.8678686151716954,1.1502404488381466,1.8331853071795994,0.0,-1.0,6.2158284566360456,0.5277889815931044,2.0805346507377305,0.0,-1.1812772982011665e-14,9.889778816465983,0.8499645849885666,-20.523785495758055,
180.3999999999983,5.8678686151716954,1.1502404488381466,2.0331853071795987,0.0,1.0,6.2158284566360456,0.5277889815931044,2.0805346507377305,0.0,-1.1812772982011665e-14,9.889778816465983,0.8499645849885666,-20.523785495758055,
180.5999999999983,5.8678686151716954,1.1502404488381466,1.8331853071795994,0.0,-1.0,6.2158284566360456,0.5277889815931044,2.0805346507377305,0.0,-1.1812772982011665e-14,9.889778816465983,0.8499645849885666,-20.523785495758055,
180.79999999999828,5.8678686151716954,1.1502404488381466,2.0331853071795987,0.0,1.0,6.2158284566360456,0.5277889815931044,2.0805346507377305,0.0,-1.1812772982011665e-14,9.889778816465983,0.8499645849885666,-20.523785495758055,
180.99999999999827,5.8678686151716954,1.1502404488381466,1.8331853071795994,0.0,-1.0,6.2158284566360456,0.5277889815931044,2.0805346507377305,0.0,-1.1812772982011665e-14,9.889778816465983,0.8499645849885666,-20.523785495758055,
181.19999999999825,5.8678686151716954,1.1502404488381466,2.0331853071795987,0.0,1.0,6.2158284566360456,0.5277889815931044,2.0805346507377305,0.0,-1.1812772982011665e-14,9.889778816465983,0.8499645849885666,-20.523785495758055,
181.39999999999824,5.8678686151716954,1.1502404488381466,1.8331853071795994,0.0,-1.0,6.2158284566360456,0.5277889815931044,2.0805346507377305,0.0,-1.1812772982011665e-14,9.889778816465983,0.8499645849885666,-20.523785495758055,
181.59999999999823,5.8678686151716954,1.1502404488381466,2.0331853071795987,0.0,1.0,6.2158284566360456,0.5277889815931044,2.0805346507377305,0.0,-1.1812772982011665e-14,9.889778816465983,0.8499645849885666,-20.523785495758055,
181.79999999999822,5.8678686151716954,1.1502404488381466,1.8331853071795994,0.0,-1.0,6.2158284566360456,0.5277889815931044,2.0805346507377305,0.0,-1.1812772982011665e-14,9.889778816465983,0.8499645849885666,-20.523785495758055,
181.9999999999982,5.8678686151716954,1.1502404488381466,2.0331853071795987,0.0,1.0,6.2158284566360456,0.5277889815931044,2.0805346507377305,0.0,-1.1812772982011665e-14,9.889778816465983,0.8499645849885666,-20.523785495758055,
182.1999999999982,5.8678686151716954,1.1502404488381466,1.8331853071795994,0.0,-1.0,6.2158284566360456,0.5277889815931044,2.0805346507377305,0.0,-1.1812772982011665e-14,9.889778816465983,0.8499645849885666,-20.523785495758055,
182.3999999999982,5.8678686151716954,1.1502404488381466,2.0331853071795987,0.0,1.0,6.2158284566360456,0.5277889815931044,2.0805346507377305,0.0,-1.1812772982011665e-14,9.889778816465983,0.8499645849885666,-20.523785495758055,
182.59999999999818,5.8678686151716954,1.1502404488381466,1.8331853071795994,0.0,-1.0,6.2158284566360456,0.5277889815931044,2.0805346507377305,0.0,-1.1812772982011665e-14,9.889778816465983,0.8499645849885666,-20.523785495758055,
182.79999999999816,5.8678686151716954,1.1502404488381466,2.0331853071795987,0.0,1.0,6.2158284566360456,0.5277889815931044,2.0805346507377305,0.0,-1.1812772982011665e-14,9.889778816465983,0.8499645849885666,-20.523785495758055,
182.99999999999815,5.8678686151716954,1.1502404488381466,1.8331853071795994,0.0,-1.0,6.2158284566360456,0.5277889815931044,2.0805346507377305,0.0,-1.1812772982011665e-14,9.889778816465983,0.8499645849885666,-20.523785495758055,
183.19999999999814,5.8678686151716954,1.1502404488381466,2.0331853071795987,0.0,1.0,6.2158284566360456,0.5277889815931044,2.0805346507377305,0.0,-1.1812772982011665e-14,9.889778816465983,0.8499645849885666,-20.523785495758055,
183.39999999999813,5.8678686151716954,1.1502404488381466,1.8331853071795994,0.0,-1.0,6.2158284566360456,0.5277889815931044,2.0805346507377305,0.0,-1.1812772982011665e-14,9.889778816465983,0.8499645849885666,-20.523785495758055,
183.59999999999812,5.8678686151716954,1.1502404488381466,2.0331853071795987,0.0,1.0,6.2158284566360456,0.5277889815931044,2.0805346507377305,0.0,-1.1812772982011665e-14,9.889778816465983,0.8499645849885666,-20.523785495758055,
183.7999999999981,5.8678686151716954,1.1502404488381466,1.8331853071795994,0.0,-1.0,6.2158284566360456,0.5277889815931044,2.0805346507377305,0.0,-1.1812772982011665e-14,9.889778816465983,0.8499645849885666,-20.523785495758055,
183.9999999999981,5.8678686151716954,1.1502404488381466,2.0331853071795987,0.0,1.0,6.2158284566360456,0.5277889815931044,2.0805346507377305,0.0,-1.1812772982011665e-14,9.889778816465983,0.8499645849885666,-20.523785495758055,
184.19999999999808,5.8678686151716954,1.1502404488381466,1.8331853071795994,0.0,-1.0,6.2158284566360456,0.5277889815931044,2.0805346507377305,0.0,-1.1812772982011665e-14,9.889778816465983,0.8499645849885666,-20.523785495758055,
184.39999999999807,5.8678686151716954,1.1502404488381466,2.0331853071795987,0.0,1.0,6.2158284566360456,0.5277889815931044,2.0805346507377305,0.0,-1.1812772982011665e-14,9.889778816465983,0.8499645849885666,-20.523785495758055,
184.59999999999806,5.8678686151716954,1.1502404488381466,1.8331853071795994,0.0,-1.0,6.2158284566360456,0.5277889815931044,2.0805346507377305,0.0,-1.1812772982011665e-14,9.889778816465983,0.8499645849885666,-20.523785495758055,
184.79999999999805,5.8678686151716954,1.1502404488381466,2.0331853071795987,0.0,1.0,6.2158284566360456,0.5277889815931044,2.0805346507377305,0.0,-1.1812772982011665e-14,9.889778816465983,0.8499645849885666,-20.523785495758055,
184.99999999999804,5.8678686151716954,1.1502404488381466,1.8331853071795994,0.0,-1.0,6.2158284566360456,0.5277889815931044,2.0805346507377305,0.0,-1.1812772982011665e-14,9.889778816465983,0.8499645849885666,-20.523785495758055,
185.19999999999803,5.8678686151716954,1.1502404488381466,2.0331853071795987,0.0,1.0,6.2158284566360456,0.5277889815931044,2.0805346507377305,0.0,-1.1812772982011665e-14,9.889778816465983,0.8499645849885666,-20.523785495758055,
185.39999999999802,5.8678686151716954,1.1502404488381466,1.8331853071795994,0.0,-1.0,6.2158284566360456,0.5277889815931044,2.0805346507377305,0.0,-1.1812772982011665e-14,9.889778816465983,0.8499645849885666,-20.523785495758055,
185.599999999998,5.8678686151716954,1.1502404488381466,2.0331853071795987,0.0,1.0,6.2158284566360456,0.5277889815931044,2.0805346507377305,0.0,-1.1812772982011665e-14,9.889778816465983,0.8499645849885666,-20.523785495758055,
185.799999999998,5.8678686151716954,1.1502404488381466,1.8331853071795994,0.0,-1.0,6.2158284566360456,0.5277889815931044,2.0805346507377305,0.0,-1.1812772982011665e-14,9.889778816465983,0.8499645849885666,-20.523785495758055,
185.99999999999798,5.8678686151716954,1.1502404488381466,2.0331853071795987,0.0,1.0,6.2158284566360456,0.5277889815931044,2.0805346507377305,0.0,-1.1812772982011665e-14,9.889778816465983,0.8499645849885666,-20.523785495758055,
186.19999999999797,5.8678686151716954,1.1502404488381466,1.8331853071795994,0.0,-1.0,6.2158284566360456,0.5277889815931044,2.0805346507377305,0.0,-1.1812772982011665e-14,9.889778816465983,0.8499645849885666,-20.523785495758055,
186.39999999999796,5.8678686151716954,1.1502404488381466,2.0331853071795987,0.0,1.0,6.2158284566360456,0.5277889815931044,2.0805346507377305,0.0,-1.1812772982011665e-14,9.889778816465983,0.8499645849885666,-20.523785495758055,
186.59999999999795,5.8678686151716954,1.1502404488381466,1.8331853071795994,0.0,-1.0,6.2158284566360456,0.5277889815931044,2.0805346507377305,0.0,-1.1812772982011665e-14,9.889778816465983,0.8499645849885666,-20.523785495758055,
186.79999999999794,5.8678686151716954,1.1502404488381466,2.0331853071795987,0.0,1.0,6.2158284566360456,0.5277889815931044,2.0805346507377305,0.0,-1.1812772982011665e-14,9.889778816465983,0.8499645849885666,-20.523785495758055,
186.99999999999793,5.8678686151716954,1.1502404488381466,1.8331853071795994,0.0,-1.0,6.2158284566360456,0.5277889815931044,2.0805346507377305,0.0,-1.1812772982011665e-14,9.889778816465983,0.8499645849885666,-20.523785495758055,
187.1999999999979,5.8678686151716954,1.1502404488381466,2.0331853071795987,0.0,1.0,6.2158284566360456,0.5277889815931044,2.0805346507377305,0.0,-1.1812772982011665e-14,9.889778816465983,0.8499645849885666,-20.523785495758055,
187.3999999999979,5.8678686151716954,1.1502404488381466,1.8331853071795994,0.0,-1.0,6.2158284566360456,0.5277889815931044,2.0805346507377305,0.0,-1.1812772982011665e-14,9.889778816465983,0.8499645849885666,-20.523785495758055,
187.5999999999979,5.8678686151716954,1.1502404488381466,2.0331853071795987,0.0,1.0,6.2158284566360456,0.5277889815931044,2.0805346507377305,0.0,-1.1812772982011665e-14,9.889778816465983,0.8499645849885666,-20.523785495758055,
187.79999999999788,5.8678686151716954,1.1502404488381466,1.8331853071795994,0.0,-1.0,6.2158284566360456,0.5277889815931044,2.0805346507377305,0.0,-1.1812772982011665e-14,9.889778816465983,0.8499645849885666,-20.523785495758055,
187.99999999999787,5.8678686151716954,1.1502404488381466,2.0331853071795987,0.0,1.0,6.2158284566360456,0.5277889815931044,2.0805346507377305,0.0,-1.1812772982011665e-14,9.889778816465983,0.8499645849885666,-20.523785495758055,
188.19999999999786,5.8678686151716954,1.1502404488381466,1.8331853071795994,0.0,-1.0,6.2158284566360456,0.5277889815931044,2.0805346507377305,0.0,-1.1812772982011665e-14,9.889778816465983,0.8499645849885666,-20.523785495758055,
188.39999999999785,5.8678686151716954,1.1502404488381466,2.0331853071795987,0.0,1.0,6.2158284566360456,0.5277889815931044,2.0805346507377305,0.0,-1.1812772982011665e-14,9.889778816465983,0.8499645849885666,-20.523785495758055,
188.59999999999783,5.8678686151716954,1.1502404488381466,1.8331853071795994,0.0,-1.0,6.2158284566360456,0.5277889815931044,2.0805346507377305,0.0,-1.1812772982011665e-14,9.889778816465983,0.8499645849885666,-20.523785495758055,
188.79999999999782,5.8678686151716954,1.1502404488381466,2.0331853071795987,0.0,1.0,6.2158284566360456,0.5277889815931044,2.0805346507377305,0.0,-1.1812772982011665e-14,9.889778816465983,0.8499645849885666,-20.523785495758055,
188.9999999999978,5.8678686151716954,1.1502404488381466,1.8331853071795994,0.0,-1.0,6.2158284566360456,0.5277889815931044,2.0805346507377305,0.0,-1.1812772982011665e-14,9.889778816465983,0.8499645849885666,-20.523785495758055,
189.1999999999978,5.8678686151716954,1.1502404488381466,2.0331853071795987,0.0,1.0,6.2158284566360456,0.5277889815931044,2.0805346507377305,0.0,-1.1812772982011665e-14,9.889778816465983,0.8499645849885666,-20.523785495758055,
189.3999999999978,5.8678686151716954,1.1502404488381466,1.8331853071795994,0.0,-1.0,6.2158284566360456,0.5277889815931044,2.0805346507377305,0.0,-1.1812772982011665e-14,9.889778816465983,0.8499645849885666,-20.523785495758055,
189.59999999999778,5.8678686151716954,1.1502404488381466,2.0331853071795987,0.0,1.0,6.2158284566360456,0.5277889815931044,2.0805346507377305,0.0,-1.1812772982011665e-14,9.889778816465983,0.8499645849885666,-20.523785495758055,
189.79999999999777,5.8678686151716954,1.1502404488381466,1.8331853071795994,0.0,-1.0,6.2158284566360456,0.5277889815931044,2.0805346507377305,0.0,-1.1812772982011665e-14,9.889778816465983,0.8499645849885666,-20.523785495758055,
189.99999999999775,5.8678686151716954,1.1502404488381466,2.0331853071795987,0.0,1.0,6.2158284566360456,0.5277889815931044,2.0805346507377305,0.0,-1.1812772982011665e-14,9.889778816465983,0.8499645849885666,-20.523785495758055,
190.19999999999774,5.8678686151716954,1.1502404488381466,1.8331853071795994,0.0,-1.0,6.2158284566360456,0.5277889815931044,2.0805346507377305,0.0,-1.1812772982011665e-14,9.889778816465983,0.8499645849885666,-20.523785495758055,
190.39999999999773,5.8678686151716954,1.1502404488381466,2.0331853071795987,0.0,1.0,6.2158284566360456,0.5277889815931044,2.0805346507377305,0.0,-1.1812772982011665e-14,9.889778816465983,0.8499645849885666,-20.523785495758055,
190.59999999999772,5.8678686151716954,1.1502404488381466,1.8331853071795994,0.0,-1.0,6.2158284566360456,0.5277889815931044,2.0805346507377305,0.0,-1.1812772982011665e-14,9.889778816465983,0.8499645849885666,-20.523785495758055,
190.7999999999977,5.8678686151716954,1.1502404488381466,2.0331853071795987,0.0,1.0,6.2158284566360456,0.5277889815931044,2.0805346507377305,0.0,-1.1812772982011665e-14,9.889778816465983,0.8499645849885666,-20.523785495758055,
190.9999999999977,5.8678686151716954,1.1502404488381466,1.8331853071795994,0.0,-1.0,6.2158284566360456,0.5277889815931044,2.0805346507377305,0.0,-1.1812772982011665e-14,9.889778816465983,0.8499645849885666,-20.523785495758055,
191.1999999999977,5.8678686151716954,1.1502404488381466,2.0331853071795987,0.0,1.0,6.2158284566360456,0.5277889815931044,2.0805346507377305,0.0,-1.1812772982011665e-14,9.889778816465983,0.8499645849885666,-20.523785495758055,
191.39999999999768,5.8678686151716954,1.1502404488381466,1.8331853071795994,0.0,-1.0,6.2158284566360456,0.5277889815931044,2.0805346507377305,0.0,-1.1812772982011665e-14,9.889778816465983,0.8499645849885666,-20.523785495758055,
191.59999999999766,5.8678686151716954,1.1502404488381466,2.0331853071795987,0.0,1.0,6.2158284566360456,0.5277889815931044,2.0805346507377305,0.0,-1.1812772982011665e-14,9.889778816465983,0.8499645849885666,-20.523785495758055,
191.79999999999765,5.8678686151716954,1.1502404488381466,1.8331853071795994,0.0,-1.0,6.2158284566360456,0.5277889815931044,2.0805346507377305,0.0,-1.1812772982011665e-14,9.889778816465983,0.8499645849885666,-20.523785495758055,
191.99999999999764,5.8678686151716954,1.1502404488381466,2.0331853071795987,0.0,1.0,6.2158284566360456,0.5277889815931044,2.0805346507377305,0.0,-1.1812772982011665e-14,9.889778816465983,0.8499645849885666,-20.523785495758055,
192.19999999999763,5.8678686151716954,1.1502404488381466,1.8331853071795994,0.0,-1.0,6.2158284566360456,0.5277889815931044,2.0805346507377305,0.0,-1.1812772982011665e-14,9.889778816465983,0.8499645849885666,-20.523785495758055,
192.39999999999762,5.8678686151716954,1.1502404488381466,2.0331853071795987,0.0,1.0,6.2158284566360456,0.5277889815931044,2.0805346507377305,0.0,-1.1812772982011665e-14,9.889778816465983,0.8499645849885666,-20.523785495758055,
192.5999999999976,5.8678686151716954,1.1502404488381466,1.8331853071795994,0.0,-1.0,6.2158284566360456,0.5277889815931044,2.0805346507377305,0.0,-1.1812772982011665e-14,9.889778816465983,0.8499645849885666,-20.523785495758055,
192.7999999999976,5.8678686151716954,1.1502404488381466,2.0331853071795987,0.0,1.0,6.2158284566360456,0.5277889815931044,2.0805346507377305,0.0,-1.1812772982011665e-14,9.889778816465983,0.8499645849885666,-20.523785495758055,
192.99999999999758,5.8678686151716954,1.1502404488381466,1.8331853071795994,0.0,-1.0,6.2158284566360456,0.5277889815931044,2.0805346507377305,0.0,-1.1812772982011665e-14,9.889778816465983,0.8499645849885666,-20.523785495758055,
193.19999999999757,5.8678686151716954,1.1502404488381466,2.0331853071795987,0.0,1.0,6.2158284566360456,0.5277889815931044,2.0805346507377305,0.0,-1.1812772982011665e-14,9.889778816465983,0.8499645849885666,-20.523785495758055,
193.39999999999756,5.8678686151716954,1.1502404488381466,1.8331853071795994,0.0,-1.0,6.2158284566360456,0.5277889815931044,2.0805346507377305,0.0,-1.1812772982011665e-14,9.889778816465983,0.8499645849885666,-20.523785495758055,
193.59999999999755,5.8678686151716954,1.1502404488381466,2.0331853071795987,0.0,1.0,6.2158284566360456,0.5277889815931044,2.0805346507377305,0.0,-1.1812772982011665e-14,9.889778816465983,0.8499645849885666,-20.523785495758055,
193.79999999999754,5.8678686151716954,1.1502404488381466,1.8331853071795994,0.0,-1.0,6.2158284566360456,0.5277889815931044,2.0805346507377305,0.0,-1.1812772982011665e-14,9.889778816465983,0.8499645849885666,-20.523785495758055,
193.99999999999753,5.8678686151716954,1.1502404488381466,2.0331853071795987,0.0,1.0,6.2158284566360456,0.5277889815931044,2.0805346507377305,0.0,-1.1812772982011665e-14,9.889778816465983,0.8499645849885666,-20.523785495758055,
194.19999999999752,5.8678686151716954,1.1502404488381466,1.8331853071795994,0.0,-1.0,6.2158284566360456,0.5277889815931044,2.0805346507377305,0.0,-1.1812772982011665e-14,9.889778816465983,0.8499645849885666,-20.523785495758055,
194.3999999999975,5.8678686151716954,1.1502404488381466,2.0331853071795987,0.0,1.0,6.2158284566360456,0.5277889815931044,2.0805346507377305,0.0,-1.1812772982011665e-14,9.889778816465983,0.8499645849885666,-20.523785495758055,
194.5999999999975,5.8678686151716954,1.1502404488381466,1.8331853071795994,0.0,-1.0,6.2158284566360456,0.5277889815931044,2.0805346507377305,0.0,-1.1812772982011665e-14,9.889778816465983,0.8499645849885666,-20.523785495758055,
194.79999999999748,5.8678686151716954,1.1502404488381466,2.0331853071795987,0.0,1.0,6.2158284566360456,0.5277889815931044,2.0805346507377305,0.0,-1.1812772982011665e-14,9.889778816465983,0.8499645849885666,-20.523785495758055,
194.99999999999747,5.8678686151716954,1.1502404488381466,1.8331853071795994,0.0,-1.0,6.2158284566360456,0.5277889815931044,2.0805346507377305,0.0,-1.1812772982011665e-14,9.889778816465983,0.8499645849885666,-20.523785495758055,
195.19999999999746,5.8678686151716954,1.1502404488381466,2.0331853071795987,0.0,1.0,6.2158284566360456,0.5277889815931044,2.0805346507377305,0.0,-1.1812772982011665e-14,9.889778816465983,0.8499645849885666,-20.523785495758055,
195.39999999999745,5.8678686151716954,1.1502404488381466,1.8331853071795994,0.0,-1.0,6.2158284566360456,0.5277889815931044,2.0805346507377305,0.0,-1.1812772982011665e-14,9.889778816465983,0.8499645849885666,-20.523785495758055,
195.59999999999744,5.8678686151716954,1.1502404488381466,2.0331853071795987,0.0,1.0,6.2158284566360456,0.5277889815931044,2.0805346507377305,0.0,-1.1812772982011665e-14,9.889778816465983,0.8499645849885666,-20.523785495758055,
195.79999999999742,5.8678686151716954,1.1502404488381466,1.8331853071795994,0.0,-1.0,6.2158284566360456,0.5277889815931044,2.0805346507377305,0.0,-1.1812772982011665e-14,9.889778816465983,0.8499645849885666,-20.523785495758055,
195.9999999999974,5.8678686151716954,1.1502404488381466,2.0331853071795987,0.0,1.0,6.2158284566360456,0.5277889815931044,2.0805346507377305,0.0,-1.1812772982011665e-14,9.889778816465983,0.8499645849885666,-20.523785495758055,
196.1999999999974,5.8678686151716954,1.1502404488381466,1.8331853071795994,0.0,-1.0,6.2158284566360456,0.5277889815931044,2.0805346507377305,0.0,-1.1812772982011665e-14,9.889778816465983,0.8499645849885666,-20.523785495758055,
196.3999999999974,5.8678686151716954,1.1502404488381466,2.0331853071795987,0.0,1.0,6.2158284566360456,0.5277889815931044,2.0805346507377305,0.0,-1.1812772982011665e-14,9.889778816465983,0.8499645849885666,-20.523785495758055,
196.59999999999738,5.8678686151716954,1.1502404488381466,1.8331853071795994,0.0,-1.0,6.2158284566360456,0.5277889815931044,2.0805346507377305,0.0,-1.1812772982011665e-14,9.889778816465983,0.8499645849885666,-20.523785495758055,
196.79999999999737,5.8678686151716954,1.1502404488381466,2.0331853071795987,0.0,1.0,6.2158284566360456,0.5277889815931044,2.0805346507377305,0.0,-1.1812772982011665e-14,9.889778816465983,0.8499645849885666,-20.523785495758055,
196.99999999999736,5.8678686151716954,1.1502404488381466,1.8331853071795994,0.0,-1.0,6.2158284566360456,0.5277889815931044,2.0805346507377305,0.0,-1.1812772982011665e-14,9.889778816465983,0.8499645849885666,-20.523785495758055,
197.19999999999735,5.8678686151716954,1.1502404488381466,2.0331853071795987,0.0,1.0,6.2158284566360456,0.5277889815931044,2.0805346507377305,0.0,-1.1812772982011665e-14,9.889778816465983,0.8499645849885666,-20.523785495758055,
197.39999999999733,5.8678686151716954,1.1502404488381466,1.8331853071795994,0.0,-1.0,6.2158284566360456,0.5277889815931044,2.0805346507377305,0.0,-1.1812772982011665e-14,9.889778816465983,0.8499645849885666,-20.523785495758055,
197.59999999999732,5.8678686151716954,1.1502404488381466,2.0331853071795987,0.0,1.0,6.2158284566360456,0.5277889815931044,2.0805346507377305,0.0,-1.1812772982011665e-14,9.889778816465983,0.8499645849885666,-20.523785495758055,
197.7999999999973,5.8678686151716954,1.1502404488381466,1.8331853071795994,0.0,-1.0,6.2158284566360456,0.5277889815931044,2.0805346507377305,0.0,-1.1812772982011665e-14,9.889778816465983,0.8499645849885666,-20.523785495758055,
197.9999999999973,5.8678686151716954,1.1502404488381466,2.0331853071795987,0.0,1.0,6.2158284566360456,0.5277889815931044,2.0805346507377305,0.0,-1.1812772982011665e-14,9.889778816465983,0.8499645849885666,-20.523785495758055,
198.1999999999973,5.8678686151716954,1.1502404488381466,1.8331853071795994,0.0,-1.0,6.2158284566360456,0.5277889815931044,2.0805346507377305,0.0,-1.1812772982011665e-14,9.889778816465983,0.8499645849885666,-20.523785495758055,
198.39999999999728,5.8678686151716954,1.1502404488381466,2.0331853071795987,0.0,1.0,6.2158284566360456,0.5277889815931044,2.0805346507377305,0.0,-1.1812772982011665e-14,9.889778816465983,0.8499645849885666,-20.523785495758055,
198.59999999999727,5.8678686151716954,1.1502404488381466,1.8331853071795994,0.0,-1.0,6.2158284566360456,0.5277889815931044,2.0805346507377305,0.0,-1.1812772982011665e-14,9.889778816465983,0.8499645849885666,-20.523785495758055,
198.79999999999725,5.8678686151716954,1.1502404488381466,2.0331853071795987,0.0,1.0,6.2158284566360456,0.5277889815931044,2.0805346507377305,0.0,-1.1812772982011665e-14,9.889778816465983,0.8499645849885666,-20.523785495758055,
198.99999999999724,5.8678686151716954,1.1502404488381466,1.8331853071795994,0.0,-1.0,6.2158284566360456,0.5277889815931044,2.0805346507377305,0.0,-1.1812772982011665e-14,9.889778816465983,0.8499645849885666,-20.523785495758055,
199.19999999999723,5.8678686151716954,1.1502404488381466,2.0331853071795987,0.0,1.0,6.2158284566360456,0.5277889815931044,2.0805346507377305,0.0,-1.1812772982011665e-14,9.889778816465983,0.8499645849885666,-20.523785495758055,
199.39999999999722,5.8678686151716954,1.1502404488381466,1.8331853071795994,0.0,-1.0,6.2158284566360456,0.5277889815931044,2.0805346507377305,0.0,-1.1812772982011665e-14,9.889778816465983,0.8499645849885666,-20.523785495758055,
199.5999999999972,5.8678686151716954,1.1502404488381466,2.0331853071795987,0.0,1.0,6.2158284566360456,0.5277889815931044,2.0805346507377305,0.0,-1.1812772982011665e-14,9.889778816465983,0.8499645849885666,-20.523785495758055,
199.7999999999972,5.8678686151716954,1.1502404488381466,1.8331853071795994,0.0,-1.0,6.2158284566360456,0.5277889815931044,2.0805346507377305,0.0,-1.1812772982011665e-14,9.889778816465983,0.8499645849885666,-20.523785495758055,
199.9999999999972,5.8678686151716954,1.1502404488381466,2.0331853071795987,0.0,1.0,6.2158284566360456,0.5277889815931044,2.0805346507377305,0.0,-1.1812772982011665e-14,9.889778816465983,0.8499645849885666,-20.523785495758055,
