t,leader_x,leader_y,leader_th,v_leader,w_leader,follower_x,follower_y,follower_th,v_follower,w_follower,goal_x,goal_y,reward,reason
0.2,1.5999910716942989,6.9989286260922245,-0.02857142857142847,0.5,-0.1428571428571429,0.6897946591704918,6.995129991809203,-0.14448496060860627,0.45,-0.7224248030430325,9.04426603897828,1.0713924986957042,0.5163248588844221,
0.4,1.6999107269640408,6.995001190363829,-0.05714285714285694,0.5,-0.1428571428571429,0.778216085727554,6.978570461729804,-0.2528851569520114,0.45,-0.5420009817170245,9.04426603897828,1.0713924986957042,0.49400581024130996,
0.6000000000000001,1.799677404292328,6.988220898666701,-0.08571428571428541,0.5,-0.1428571428571429,0.8646024535960257,6.953407122962422,-0.3343790761891867,0.45,-0.4074695961858781,9.04426603897828,1.0713924986957042,0.4671652188106459,
0.8,1.8992096670337204,6.978593285556323,-0.11428571428571388,0.5,-0.1428571428571429,0.9489029648618582,6.921926341088258,-0.395763200793839,0.45,-0.3069206230232579,9.04426603897828,1.0713924986957042,0.43551167748412306,
1.0,1.998426269888607,6.966126209774072,-0.14285714285714235,0.5,-0.1428571428571429,0.9489029648618582,6.921926341088258,-0.2519878343379176,0.0,0.7188768322796063,9.04426603897828,1.0713924986957042,-0.2605498621658403,
1.2,2.097246225221388,6.950829847832361,-0.17142857142857082,0.5,-0.1428571428571429,0.9489029648618582,6.921926341088258,-0.15427206864762155,0.0,0.48857882845147865,9.04426603897828,1.0713924986957042,-0.4562352071003038,
1.4,2.195588869168333,6.932716685707844,-0.1999999999999993,0.5,-0.1428571428571429,1.0381298924636582,6.910269389336111,-0.08930156063084738,0.45,0.3248525400838742,9.04426603897828,1.0713924986957042,-0.4733899662689287,
1.5999999999999999,2.2933739274811544,6.911801508649476,-0.22857142857142776,0.5,-0.1428571428571429,1.1278914218409148,6.903830474698589,-0.042126479164352304,0.45,0.2358754073324711,9.04426603897828,1.0713924986957042,-0.48830999829331223,
1.7999999999999998,2.390521581052546,6.888101389109743,-0.25714285714285623,0.5,-0.1428571428571429,1.217846824227759,6.901112801417551,-0.010328278370224098,0.45,0.1589910039706428,9.04426603897828,1.0713924986957042,-0.5020774314598161,
1.9999999999999998,2.4869525310702087,6.861635672808917,-0.2857142857142847,0.5,-0.1428571428571429,1.3078451000161482,6.900814553014882,0.00837667062369718,0.45,0.09352474496961038,9.04426603897828,1.0713924986957042,-0.5154348144725878,
2.1999999999999997,2.5586791805771774,6.839728390410002,-0.31428571428571317,0.375,-0.1428571428571429,1.3978391766191096,6.901828720976925,0.016089009195543014,0.45,0.0385616928592289,9.04426603897828,1.0713924986957042,-0.504458237667473,
2.4,2.6297507186939706,6.815780995117097,-0.34285714285714164,0.375,-0.1428571428571429,1.487828262487136,6.9032298659958045,0.014702072967429203,0.45,-0.006934681140567721,9.04426603897828,1.0713924986957042,-0.4695393110112268,
2.6,2.7001091317851187,6.789813034494501,-0.3714285714285701,0.375,-0.1428571428571429,1.5778221428116603,6.904255732415314,0.005893337496024387,0.45,-0.04404367735702408,9.04426603897828,1.0713924986957042,-0.43481163330832306,
2.8000000000000003,2.792892940496201,6.752523262415686,-0.3999999999999986,0.5,-0.1428571428571429,1.667821370492885,6.904287748313688,-0.008873601848469193,0.45,-0.07383469672246958,9.04426603897828,1.0713924986957042,-0.42416790821114364,
3.0000000000000004,2.8616534379224556,6.722579393839708,-0.42857142857142705,0.375,-0.1428571428571429,1.7578093964905148,6.902889418533285,-0.026644835391691046,0.45,-0.08885616771610944,9.04426603897828,1.0713924986957042,-0.41486807413855376,
3.2000000000000006,2.952156119414754,6.680051439464634,-0.4571428571428555,0.5,-0.1428571428571429,1.8477549881159843,6.899802883642749,-0.047064253391939204,0.45,-0.10209709000124353,9.04426603897828,1.0713924986957042,-0.40495852329293075,
3.400000000000001,3.019094238191223,6.646229412229877,-0.485714285714284,0.375,-0.1428571428571429,1.9376141076887028,6.894801787593213,-0.06981956744022533,0.45,-0.11377657024142741,9.04426603897828,1.0713924986957042,-0.396780639369877,
3.600000000000001,3.1070203539093333,6.5986021045655745,-0.5142857142857125,0.5,-0.1428571428571429,2.027325237765252,6.887627864796317,-0.09642636460930376,0.45,-0.1330339858453893,9.04426603897828,1.0713924986957042,-0.38773841955223864,
3.800000000000001,3.1719175800562467,6.5610123278964085,-0.5428571428571409,0.375,-0.1428571428571429,2.116809687374572,6.878033685658867,-0.12411110908351652,0.45,-0.13842372237106612,9.04426603897828,1.0713924986957042,-0.38053395696440523,
4.000000000000001,3.233919143686409,6.518919059983865,-0.6857142857142833,0.375,-0.7142857142857143,2.2059813454980737,6.865875138727973,-0.15451943487942543,0.45,-0.15204162897954462,9.04426603897828,1.0713924986957042,-0.39619187463303,
4.200000000000001,3.3106305056798933,6.454772904980394,-0.7142857142857117,0.5,-0.1428571428571429,2.2947409622494863,6.851004442231361,-0.18512708501734743,0.45,-0.15303825068961138,9.04426603897828,1.0713924986957042,-0.33370242812195605,
4.400000000000001,3.3645425578046853,6.402719780849021,-0.8571428571428541,0.375,-0.7142857142857143,2.38299086494325,6.8333611599185025,-0.2176483979857906,0.45,-0.1626065648422144,9.04426603897828,1.0713924986957042,-0.3725318123795548,
4.600000000000001,3.4291867877215663,6.326427672482047,-0.8857142857142826,0.5,-0.1428571428571429,2.4706235016079003,6.812870487416474,-0.24978027421627758,0.45,-0.16065938115243616,9.04426603897828,1.0713924986957042,-0.3066111753181535,
4.800000000000002,3.4734288504082875,6.265940674000005,-1.028571428571425,0.375,-0.7142857142857143,2.55754491910527,6.78954714135609,-0.28277066267864726,0.45,-0.16495194231184546,9.04426603897828,1.0713924986957042,-0.34371522564669044,
5.000000000000002,3.524110847341936,6.179739180698308,-1.0571428571428534,0.5,-0.1428571428571429,2.643599728758429,6.7632097446806325,-0.3207192763972646,0.45,-0.18974306859308587,9.04426603897828,1.0713924986957042,-0.27671055891075913,
5.200000000000002,3.5723095944195453,6.092125009237447,-1.0857142857142819,0.5,-0.1428571428571429,2.7285697483960423,6.733560427478599,-0.3607449728158958,0.45,-0.2001284820931575,9.04426603897828,1.0713924986957042,-0.28590380050698105,
5.400000000000002,3.603652849883329,6.024054182644299,-1.2285714285714249,0.375,-0.7142857142857143,2.8122044862566526,6.700335902121775,-0.40713145535529627,0.45,-0.23193241269699738,9.04426603897828,1.0713924986957042,-0.3252951388456383,
5.600000000000002,3.6361989881884673,5.929502021685136,-1.2571428571428533,0.5,-0.1428571428571429,2.8122044862566526,6.700335902121775,-0.45588453049095,0.0,-0.24376537567827092,9.04426603897828,1.0713924986957042,-0.43462925054589097,
5.8000000000000025,3.6554706036729008,5.857082121569474,-1.3999999999999966,0.375,-0.7142857142857143,2.8922614801747693,6.659234206608109,-0.5050307174929305,0.45,-0.24573093500990575,9.04426603897828,1.0713924986957042,-0.4684371744491616,
6.000000000000003,3.6642353577787716,5.782656210882362,-1.5428571428571398,0.375,-0.7142857142857143,2.970132621194879,6.614131064044179,-0.5582465938743155,0.45,-0.26607938190692654,9.04426603897828,1.0713924986957042,-0.4300586153962174,
6.200000000000003,3.662314681971428,5.707740604360185,-1.685714285714283,0.375,-0.7142857142857143,3.045486023318054,6.5649371368974485,-0.6119119145602081,0.45,-0.2683266034294604,9.04426603897828,1.0713924986957042,-0.3868602906562844,
6.400000000000003,3.6497848795203818,5.608531903576623,-1.7142857142857115,0.5,-0.1428571428571429,3.1179883832257342,6.511634029144774,-0.6706961735474621,0.45,-0.29392129493627317,9.04426603897828,1.0713924986957042,-0.318186567206772,
6.600000000000003,3.634426042253606,5.50972163903676,-1.74285714285714,0.5,-0.1428571428571429,3.1872176731056143,6.454144349374636,-0.7302236319226889,0.45,-0.2976372918761314,9.04426603897828,1.0713924986957042,-0.3172468791202623,
6.800000000000003,3.616250707144551,5.4113904666940185,-1.7714285714285685,0.5,-0.1428571428571429,3.252836621426306,6.392567659309097,-0.7926379631125133,0.45,-0.3120716559491173,9.04426603897828,1.0713924986957042,-0.32534305848637407,
7.0000000000000036,3.595273710192176,5.313618651432744,-1.799999999999997,0.5,-0.1428571428571429,3.252836621426306,6.392567659309097,-0.8596315853765333,0.0,-0.33496811132010035,9.04426603897828,1.0713924986957042,-0.5021572152570802,
7.200000000000004,3.5743637685565335,5.241654692141051,-1.9428571428571402,0.375,-0.7142857142857143,3.3098158672731155,6.322922498333076,-0.927531312746293,0.45,-0.3394986368487982,9.04426603897828,1.0713924986957042,-0.5291654998645643,
7.400000000000004,3.537015341869458,5.148894478231074,-1.9714285714285686,0.5,-0.1428571428571429,3.3617752374643524,6.249459715162941,-1.0013027112316273,0.45,-0.36885699242667086,9.04426603897828,1.0713924986957042,-0.4889206404284555,
7.600000000000004,3.4970322271443814,5.057239075785249,-1.9999999999999971,0.5,-0.1428571428571429,3.4080869784365784,6.172313881468839,-1.078217653313505,0.45,-0.38457471040938546,9.04426603897828,1.0713924986957042,-0.502840557177456,
7.800000000000004,3.454447061438333,4.96676330045056,-2.028571428571426,0.5,-0.1428571428571429,3.448306290578675,6.091824286793276,-1.1560427155188686,0.45,-0.3891253110268204,9.04426603897828,1.0713924986957042,-0.5212370405391771,
8.000000000000004,3.409294605787096,4.877541004978589,-2.0571428571428543,0.5,-0.1428571428571429,3.4822376376750035,6.008486943415859,-1.2309574892838582,0.45,-0.3745738688249458,9.04426603897828,1.0713924986957042,-0.5430483306244928,
8.200000000000003,3.361611716830784,4.789645018941656,-2.0857142857142827,0.5,-0.1428571428571429,3.509758288558485,5.922819973665018,-1.3082934012804366,0.45,-0.38667955998289033,9.04426603897828,1.0713924986957042,-0.5673435250715334,
8.400000000000002,3.311437316728834,4.703147089284156,-2.114285714285711,0.5,-0.1428571428571429,3.5305688824102894,5.835280796463526,-1.3859105779967058,0.45,-0.3880858835813441,9.04426603897828,1.0713924986957042,-0.5931030134157258,
8.600000000000001,3.2588123613889772,4.6181178217575996,-2.1428571428571397,0.5,-0.1428571428571429,3.544574909336192,5.746397991569446,-1.4621568318655218,0.45,-0.38123126934407825,9.04426603897828,1.0713924986957042,-0.6195589373306353,
8.8,3.203779807036118,4.534626623287196,-2.171428571428568,0.5,-0.1428571428571429,3.551856666176733,5.656712193569881,-1.5358244062971373,0.45,-0.3683378721580779,9.04426603897828,1.0713924986957042,-0.6461671183303911,
9.0,3.146384575148414,4.452741645316988,-2.1999999999999966,0.5,-0.1428571428571429,3.5526323953984993,5.566732895747235,-1.6060935727491013,0.45,-0.35134583225981886,9.04426603897828,1.0713924986957042,-0.672564334650429,
9.2,3.086673515789178,4.372529728179804,-2.228571428571425,0.5,-0.1428571428571429,3.5472196518945633,5.476911325159775,-1.6724696624623878,0.45,-0.33188044856643306,9.04426603897828,1.0713924986957042,-0.6985266635612566,
9.399999999999999,3.0246953693645255,4.294056346537434,-2.2571428571428536,0.5,-0.1428571428571429,3.535999101521004,5.387627242845334,-1.734719581568829,0.45,-0.31124959553220427,9.04426603897828,1.0713924986957042,-0.7239306519226152,
9.599999999999998,2.9605007268379997,4.217385555935561,-2.285714285714282,0.5,-0.1428571428571429,3.5193834745601884,5.299186383689931,-1.7928122653716214,0.45,-0.29046341901396033,9.04426603897828,1.0713924986957042,-0.7487202534870225,
9.799999999999997,2.8941419884346304,4.142579940517078,-2.3142857142857105,0.5,-0.1428571428571429,3.4977929150213827,5.211825070961668,-1.8468657789377698,0.45,-0.2702675678307434,9.04426603897828,1.0713924986957042,-0.7728836069301683,
9.999999999999996,2.8256733208681535,4.069700561936467,-2.342857142857139,0.5,-0.1428571428571429,3.471636816651834,5.125718964295302,-1.8971023093100332,0.45,-0.2511826518613162,9.04426603897828,1.0713924986957042,-0.7964344809249956,
10.199999999999996,2.772970736424026,4.016340967964816,-2.3714285714285674,0.5,-0.1428571428571429,3.441301509036649,5.0409935927707386,-1.9438112494099065,0.45,-0.23354470049936535,9.04426603897828,1.0713924986957042,-0.7702456662849504,
10.399999999999995,2.772970736424026,4.016340967964816,-2.3785714285714246,0.5,-0.1428571428571429,3.4071428014167187,4.957735050592413,-1.987319914898846,0.45,-0.21754332744469806,9.04426603897828,1.0713924986957042,-0.5941998968319017,
10.599999999999994,2.772970736424026,4.016340967964816,-2.3857142857142817,0.5,-0.1428571428571429,3.36948230296493,4.875999861259769,-2.027971075431811,0.45,-0.2032558026648248,9.04426603897828,1.0713924986957042,-0.41723351575890366,
10.799999999999994,2.772970736424026,4.016340967964816,-2.392857142857139,0.5,-0.1428571428571429,3.3286065105719387,4.795823497292654,-2.0661063291990587,0.45,-0.19067626883624056,9.04426603897828,1.0713924986957042,0.26047139070471936,
10.999999999999993,2.772970736424026,4.016340967964816,-2.399999999999996,0.5,-0.1428571428571429,3.2848040811978576,4.717206802472014,-2.10081864469983,0.45,-0.17356157750385445,9.04426603897828,1.0713924986957042,0.31020765803298167,
11.199999999999992,2.772970736424026,4.016340967964816,-2.407142857142853,0.5,-0.1428571428571429,3.2384869498466617,4.640043211102699,-2.1290266197714907,0.45,-0.1410398753583041,9.04426603897828,1.0713924986957042,-20.36945381857911,
11.399999999999991,2.75914483939493,4.003676248718611,-2.3785714285714246,0.125,0.1428571428571428,3.2384869498466617,4.640043211102699,-2.1522518473307226,0.0,-0.11612613779615914,9.04426603897828,1.0713924986957042,-20.27669349410096,
11.59999999999999,2.75914483939493,4.003676248718611,-2.3714285714285674,0.125,0.1428571428571428,3.2384869498466617,4.640043211102699,-2.16897401117337,0.0,-0.0836108192132344,9.04426603897828,1.0713924986957042,-20.27656950749913,
11.79999999999999,2.75914483939493,4.003676248718611,-2.3642857142857103,0.125,0.1428571428571428,3.2384869498466617,4.640043211102699,-2.181013969140075,0.0,-0.0601997898335278,9.04426603897828,1.0713924986957042,-20.276444610436354,
11.99999999999999,2.75914483939493,4.003676248718611,-2.357142857142853,0.125,0.1428571428571428,3.2384869498466617,4.640043211102699,-2.189682738876103,0.0,-0.043343848680141135,9.04426603897828,1.0713924986957042,-20.27631880440274,
12.199999999999989,2.75914483939493,4.003676248718611,-2.349999999999996,0.125,0.1428571428571428,3.2384869498466617,4.640043211102699,-2.197155979940451,0.0,-0.037366205321740065,9.04426603897828,1.0713924986957042,-20.276192098338992,
12.399999999999988,2.75914483939493,4.003676248718611,-2.342857142857139,0.125,0.1428571428571428,3.2384869498466617,4.640043211102699,-2.202536713506781,0.0,-0.02690366783165272,9.04426603897828,1.0713924986957042,-20.276064490754994,
12.599999999999987,2.75914483939493,4.003676248718611,-2.335714285714282,0.125,0.1428571428571428,3.2384869498466617,4.640043211102699,-2.20641084167454,0.0,-0.01937064083879063,9.04426603897828,1.0713924986957042,-20.275935999532134,
12.799999999999986,2.75914483939493,4.003676248718611,-2.3285714285714247,0.125,0.1428571428571428,3.2384869498466617,4.640043211102699,-2.2092002139553255,0.0,-0.013946861403928333,9.04426603897828,1.0713924986957042,-20.27580662467042,
12.999999999999986,2.75914483939493,4.003676248718611,-2.3214285714285676,0.125,0.1428571428571428,3.2384869498466617,4.640043211102699,-2.2112085619974913,0.0,-0.010041740210828376,9.04426603897828,1.0713924986957042,-20.27567637064019,
13.199999999999985,2.75914483939493,4.003676248718611,-2.3142857142857105,0.125,0.1428571428571428,3.2384869498466617,4.640043211102699,-2.2126545725878497,0.0,-0.007230052951796306,9.04426603897828,1.0713924986957042,-20.2755452508525,
13.399999999999984,2.75914483939493,4.003676248718611,-2.3071428571428534,0.125,0.1428571428571428,3.2384869498466617,4.640043211102699,-2.2136957002129094,0.0,-0.005205638125294509,9.04426603897828,1.0713924986957042,-20.275413268287572,
13.599999999999984,2.75914483939493,4.003676248718611,-2.2999999999999963,0.125,0.1428571428571428,3.2384869498466617,4.640043211102699,-2.214445312102951,0.0,-0.0037480594502109273,9.04426603897828,1.0713924986957042,-20.275280427415762,
13.799999999999983,2.75914483939493,4.003676248718611,-2.292857142857139,0.125,0.1428571428571428,3.2384869498466617,4.640043211102699,-2.2149850326637814,0.0,-0.0026986028041526386,9.04426603897828,1.0713924986957042,-20.275146740157993,
13.999999999999982,2.75914483939493,4.003676248718611,-2.285714285714282,0.125,0.1428571428571428,3.2384869498466617,4.640043211102699,-2.21537363146758,0.0,-0.001942994018990074,9.04426603897828,1.0713924986957042,-20.27501221098462,
14.199999999999982,2.75914483939493,4.003676248718611,-2.278571428571425,0.125,0.1428571428571428,3.2384869498466617,4.640043211102699,-2.215653422606314,0.0,-0.0013989556936720325,9.04426603897828,1.0713924986957042,-20.27487684287587,
14.39999999999998,2.75914483939493,4.003676248718611,-2.271428571428568,0.125,0.1428571428571428,3.2384869498466617,4.640043211102699,-2.2158548722262026,0.0,-0.0010072480994444354,9.04426603897828,1.0713924986957042,-20.27474064924279,
14.59999999999998,2.75914483939493,4.003676248718611,-2.2642857142857107,0.125,0.1428571428571428,3.2384869498466617,4.640043211102699,-2.2159999159525228,0.0,-0.0007252186316004661,9.04426603897828,1.0713924986957042,-20.274603636045846,
14.79999999999998,2.75914483939493,4.003676248718611,-2.2571428571428536,0.125,0.1428571428571428,3.2384869498466617,4.640043211102699,-2.216104347435474,0.0,-0.0005221574147522112,9.04426603897828,1.0713924986957042,-20.274465803285036,
14.999999999999979,2.75914483939493,4.003676248718611,-2.2499999999999964,0.125,0.1428571428571428,3.2384869498466617,4.640043211102699,-2.216179538103198,0.0,-0.0003759533386207714,9.04426603897828,1.0713924986957042,-20.274327167351636,
15.199999999999978,2.75914483939493,4.003676248718611,-2.2428571428571393,0.125,0.1428571428571428,3.2384869498466617,4.640043211102699,-2.2162336753839593,0.0,-0.00027068640380703,9.04426603897828,1.0713924986957042,-20.274187729735765,
15.399999999999977,2.75914483939493,4.003676248718611,-2.235714285714282,0.125,0.1428571428571428,3.2384869498466617,4.640043211102699,-2.216272654226108,0.0,-0.00019489421074103674,9.04426603897828,1.0713924986957042,-20.274047496397884,
15.599999999999977,2.75914483939493,4.003676248718611,-2.228571428571425,0.125,0.1428571428571428,3.2384869498466617,4.640043211102699,-2.2163007189924553,0.0,-0.00014032383173292473,9.04426603897828,1.0713924986957042,-20.273906480749044,
15.799999999999976,2.75914483939493,4.003676248718611,-2.221428571428568,0.125,0.1428571428571428,3.2384869498466617,4.640043211102699,-2.216320925624224,0.0,-0.00010103315884668618,9.04426603897828,1.0713924986957042,-20.27376468576947,
15.999999999999975,2.75914483939493,4.003676248718611,-2.214285714285711,0.125,0.1428571428571428,3.2384869498466617,4.640043211102699,-2.2163354743990986,0.0,-7.274387437048445e-05,9.04426603897828,1.0713924986957042,-20.27362211890975,
16.199999999999974,2.75914483939493,4.003676248718611,-2.2071428571428537,0.125,0.1428571428571428,3.2384869498466617,4.640043211102699,-2.2163459495170077,0.0,-5.237558954602761e-05,9.04426603897828,1.0713924986957042,-20.273478783150107,
16.399999999999974,2.75914483939493,4.003676248718611,-2.1999999999999966,0.125,0.1428571428571428,3.2384869498466617,4.640043211102699,-2.216353491601902,0.0,-3.7710424473313964e-05,9.04426603897828,1.0713924986957042,-20.273334696371943,
16.599999999999973,2.75914483939493,4.003676248718611,-2.1928571428571395,0.125,0.1428571428571428,3.2384869498466617,4.640043211102699,-2.2163589219030264,0.0,-2.7151505621159085e-05,9.04426603897828,1.0713924986957042,-20.273189858575257,
16.799999999999972,2.75914483939493,4.003676248718611,-2.1857142857142824,0.125,0.1428571428571428,3.2384869498466617,4.640043211102699,-2.2163628317198363,0.0,-1.95490840471102e-05,9.04426603897828,1.0713924986957042,-20.273044274230394,
16.99999999999997,2.75914483939493,4.003676248718611,-2.1785714285714253,0.125,0.1428571428571428,3.2384869498466617,4.640043211102699,-2.2163656467879385,0.0,-1.4075340513297617e-05,9.04426603897828,1.0713924986957042,-20.27289795972863,
17.19999999999997,2.75914483939493,4.003676248718611,-2.171428571428568,0.125,0.1428571428571428,3.2384869498466617,4.640043211102699,-2.216367673636972,0.0,-1.0134245170245747e-05,9.04426603897828,1.0713924986957042,-20.272750916560085,
17.39999999999997,2.75914483939493,4.003676248718611,-2.164285714285711,0.125,0.1428571428571428,3.2384869498466617,4.640043211102699,-2.2163691329682766,0.0,-7.296656523347877e-06,9.04426603897828,1.0713924986957042,-20.272603149195106,
17.59999999999997,2.75914483939493,4.003676248718611,-2.157142857142854,0.125,0.1428571428571428,3.2384869498466617,4.640043211102699,-2.2163701836868164,0.0,-5.2535926967856025e-06,9.04426603897828,1.0713924986957042,-20.27245467551509,
17.79999999999997,2.75914483939493,4.003676248718611,-2.149999999999997,0.125,0.1428571428571428,3.2384869498466617,4.640043211102699,-2.2163709402041647,0.0,-3.7825867411633847e-06,9.04426603897828,1.0713924986957042,-20.272305495520026,
17.999999999999968,2.75914483939493,4.003676248718611,-2.1428571428571397,0.125,0.1428571428571428,3.2384869498466617,4.640043211102699,-2.216371484896655,0.0,-2.723462453513292e-06,9.04426603897828,1.0713924986957042,-20.272155613680276,
18.199999999999967,2.75914483939493,4.003676248718611,-2.1357142857142826,0.125,0.1428571428571428,3.2384869498466617,4.640043211102699,-2.2163718770752485,0.0,-1.9608929672010333e-06,9.04426603897828,1.0713924986957042,-20.272005047877226,
18.399999999999967,2.75914483939493,4.003676248718611,-2.1285714285714255,0.125,0.1428571428571428,3.2384869498466617,4.640043211102699,-2.2163721594438357,0.0,-1.411842936160923e-06,9.04426603897828,1.0713924986957042,-20.27185379960099,
18.599999999999966,2.75914483939493,4.003676248718611,-2.1214285714285683,0.125,0.1428571428571428,3.2384869498466617,4.640043211102699,-2.216372362749219,0.0,-1.0165269141104715e-06,9.04426603897828,1.0713924986957042,-20.271701871831805,
18.799999999999965,2.75914483939493,4.003676248718611,-2.114285714285711,0.125,0.1428571428571428,3.2384869498466617,4.640043211102699,-2.2163725091290942,0.0,-7.318993776372905e-07,9.04426603897828,1.0713924986957042,-20.27154928394118,
18.999999999999964,2.75914483939493,4.003676248718611,-2.107142857142854,0.125,0.1428571428571428,3.2384869498466617,4.640043211102699,-2.216372614522605,0.0,-5.269675521724082e-07,9.04426603897828,1.0713924986957042,-20.271396035929115,
19.199999999999964,2.75914483939493,4.003676248718611,-2.099999999999997,0.125,0.1428571428571428,3.2384869498466617,4.640043211102699,-2.216372690405933,0.0,-3.7941663704188495e-07,9.04426603897828,1.0713924986957042,-20.271242138226423,
19.399999999999963,2.75914483939493,4.003676248718611,-2.09285714285714,0.125,0.1428571428571428,3.2384869498466617,4.640043211102699,-2.2163727450419284,0.0,-2.7317997775000435e-07,9.04426603897828,1.0713924986957042,-20.27108759157816,
19.599999999999962,2.75914483939493,4.003676248718611,-2.0857142857142827,0.125,0.1428571428571428,3.2384869498466617,4.640043211102699,-2.2163727843798444,0.0,-1.9668958435303806e-07,9.04426603897828,1.0713924986957042,-20.270932415355833,
19.79999999999996,2.75914483939493,4.003676248718611,-2.0785714285714256,0.125,0.1428571428571428,3.2384869498466617,4.640043211102699,-2.2163728127031455,0.0,-1.416165019030302e-07,9.04426603897828,1.0713924986957042,-20.270776611794624,
19.99999999999996,2.75914483939493,4.003676248718611,-2.0714285714285685,0.125,0.1428571428571428,3.2384869498466617,4.640043211102699,-2.216372833095921,0.0,-1.0196388045002891e-07,9.04426603897828,1.0713924986957042,-20.2706201831297,
20.19999999999996,2.75914483939493,4.003676248718611,-2.0642857142857114,0.125,0.1428571428571428,3.2384869498466617,4.640043211102699,-2.21637284777872,0.0,-7.341399479443566e-08,9.04426603897828,1.0713924986957042,-20.27046314947763,
20.39999999999996,2.75914483939493,4.003676248718611,-2.0571428571428543,0.125,0.1428571428571428,3.2384869498466617,4.640043211102699,-2.2163728583503346,0.0,-5.285807622712468e-08,9.04426603897828,1.0713924986957042,-20.270305512328537,
20.59999999999996,2.75914483939493,4.003676248718611,-2.049999999999997,0.125,0.1428571428571428,3.2384869498466617,4.640043211102699,-2.2163728659618975,0.0,-3.8057815654468635e-08,9.04426603897828,1.0713924986957042,-20.270147274662644,
20.799999999999958,2.75914483939493,4.003676248718611,-2.04285714285714,0.125,0.1428571428571428,3.2384869498466617,4.640043211102699,-2.216372871442223,0.0,-2.7401627544776373e-08,9.04426603897828,1.0713924986957042,-20.26998845510641,
20.999999999999957,2.75914483939493,4.003676248718611,-2.035714285714283,0.125,0.1428571428571428,3.2384869498466617,4.640043211102699,-2.216372875388057,0.0,-1.9729171807369993e-08,9.04426603897828,1.0713924986957042,-20.26982905664006,
21.199999999999957,2.75914483939493,4.003676248718611,-2.028571428571426,0.125,0.1428571428571428,3.2384869498466617,4.640043211102699,-2.2163728782290573,0.0,-1.420500437276928e-08,9.04426603897828,1.0713924986957042,-20.269669082243833,
21.399999999999956,2.75914483939493,4.003676248718611,-2.0214285714285687,0.125,0.1428571428571428,3.2384869498466617,4.640043211102699,-2.2163728802745783,0.0,-1.022760391933275e-08,9.04426603897828,1.0713924986957042,-20.269508549799117,
21.599999999999955,2.75914483939493,4.003676248718611,-2.0142857142857116,0.125,0.1428571428571428,3.2384869498466617,4.640043211102699,-2.216372881747354,0.0,-7.363874399146652e-09,9.04426603897828,1.0713924986957042,-20.269347463776263,
21.799999999999955,2.75914483939493,4.003676248718611,-2.0071428571428545,0.125,0.1428571428571428,3.2384869498466617,4.640043211102699,-2.216372882807752,0.0,-5.301988448280781e-09,9.04426603897828,1.0713924986957042,-20.269185825665385,
21.999999999999954,2.75914483939493,4.003676248718611,-1.9999999999999973,0.125,0.1428571428571428,3.2384869498466617,4.640043211102699,-2.216372883571239,0.0,-3.817431259989235e-09,9.04426603897828,1.0713924986957042,-20.26902365409294,
22.199999999999953,2.75914483939493,4.003676248718611,-1.9928571428571402,0.125,0.1428571428571428,3.2384869498466617,4.640043211102699,-2.2163728841209487,0.0,-2.74854938808744e-09,9.04426603897828,1.0713924986957042,-20.26886095352927,
22.399999999999952,2.75914483939493,4.003676248718611,-1.985714285714283,0.125,0.1428571428571428,3.2384869498466617,4.640043211102699,-2.2163728845167405,0.0,-1.978955932457893e-09,9.04426603897828,1.0713924986957042,-20.268697728444728,
22.59999999999995,2.75914483939493,4.003676248718611,-1.978571428571426,0.125,0.1428571428571428,3.2384869498466617,4.640043211102699,-2.216372884801711,0.0,-1.4248473512168403e-09,9.04426603897828,1.0713924986957042,-20.26853399076024,
22.79999999999995,2.75914483939493,4.003676248718611,-1.9714285714285689,0.125,0.1428571428571428,3.2384869498466617,4.640043211102699,-2.216372885006889,0.0,-1.025888973771316e-09,9.04426603897828,1.0713924986957042,-20.26836975090662,
22.99999999999995,2.75914483939493,4.003676248718611,-1.9642857142857117,0.125,0.1428571428571428,3.2384869498466617,4.640043211102699,-2.216372885154616,0.0,-7.386396383424198e-10,9.04426603897828,1.0713924986957042,-20.26820501111904,
23.19999999999995,2.75914483939493,4.003676248718611,-1.9571428571428546,0.125,0.1428571428571428,3.2384869498466617,4.640043211102699,-2.2163728852609808,0.0,-5.318216089733595e-10,9.04426603897828,1.0713924986957042,-20.26803978406349,
23.39999999999995,2.75914483939493,4.003676248718611,-1.9499999999999975,0.125,0.1428571428571428,3.2384869498466617,4.640043211102699,-2.216372885337563,0.0,-3.8291103621190814e-10,9.04426603897828,1.0713924986957042,-20.267874079425724,
23.599999999999948,2.75914483939493,4.003676248718611,-1.9428571428571404,0.125,0.1428571428571428,3.2384869498466617,4.640043211102699,-2.216372885392703,0.0,-2.7569582172759507e-10,9.04426603897828,1.0713924986957042,-20.26770790167609,
23.799999999999947,2.75914483939493,4.003676248718611,-1.9357142857142833,0.125,0.1428571428571428,3.2384869498466617,4.640043211102699,-2.2163728854324027,0.0,-1.9849997201504264e-10,9.04426603897828,1.0713924986957042,-20.267541263480577,
23.999999999999947,2.75914483939493,4.003676248718611,-1.9285714285714262,0.125,0.1428571428571428,3.2384869498466617,4.640043211102699,-2.216372885460986,0.0,-1.4292025340978398e-10,9.04426603897828,1.0713924986957042,-20.26737416856447,
24.199999999999946,2.75914483939493,4.003676248718611,-1.921428571428569,0.125,0.1428571428571428,3.2384869498466617,4.640043211102699,-2.216372885481567,0.0,-1.0290355234587877e-10,9.04426603897828,1.0713924986957042,-20.267206628103647,
24.399999999999945,2.75914483939493,4.003676248718611,-1.914285714285712,0.125,0.1428571428571428,3.2384869498466617,4.640043211102699,-2.2163728854963853,0.0,-7.409033386807095e-11,9.04426603897828,1.0713924986957042,-20.26703865327397,
24.599999999999945,2.75914483939493,4.003676248718611,-1.9071428571428548,0.125,0.1428571428571428,3.2384869498466617,4.640043211102699,-2.216372885507054,0.0,-5.334461761208331e-11,9.04426603897828,1.0713924986957042,-20.26687024705568,
24.799999999999944,2.75914483939493,4.003676248718611,-1.8999999999999977,0.125,0.1428571428571428,3.2384869498466617,4.640043211102699,-2.216372885514735,0.0,-3.840829876367024e-11,9.04426603897828,1.0713924986957042,-20.266701421369703,
24.999999999999943,2.75914483939493,4.003676248718611,-1.8928571428571406,0.125,0.1428571428571428,3.2384869498466617,4.640043211102699,-2.2163728855202667,0.0,-2.7654945000676887e-11,9.04426603897828,1.0713924986957042,-20.266532186646852,
25.199999999999942,2.75914483939493,4.003676248718611,-1.8857142857142835,0.125,0.1428571428571428,3.2384869498466617,4.640043211102699,-2.2163728855242493,0.0,-1.9910739723627557e-11,9.04426603897828,1.0713924986957042,-20.266362546612413,
25.39999999999994,2.75914483939493,4.003676248718611,-1.8785714285714263,0.125,0.1428571428571428,3.2384869498466617,4.640043211102699,-2.2163728855271163,0.0,-1.4335110876118051e-11,9.04426603897828,1.0713924986957042,-20.266192515422496,
25.59999999999994,2.75914483939493,4.003676248718611,-1.8714285714285692,0.125,0.1428571428571428,3.2384869498466617,4.640043211102699,-2.2163728855291804,0.0,-1.0321254961809244e-11,9.04426603897828,1.0713924986957042,-20.26602209531227,
25.79999999999994,2.75914483939493,4.003676248718611,-1.864285714285712,0.125,0.1428571428571428,3.2384869498466617,4.640043211102699,-2.2163728855306672,0.0,-7.431477655472918e-12,9.04426603897828,1.0713924986957042,-20.26585129969278,
25.99999999999994,2.75914483939493,4.003676248718611,-1.857142857142855,0.125,0.1428571428571428,3.2384869498466617,4.640043211102699,-2.2163728855317366,0.0,-5.349942711063704e-12,9.04426603897828,1.0713924986957042,-20.265680138249788,
26.19999999999994,2.75914483939493,4.003676248718611,-1.8499999999999979,0.125,0.1428571428571428,3.2384869498466617,4.640043211102699,-2.2163728855325076,0.0,-3.852829166817173e-12,9.04426603897828,1.0713924986957042,-20.265508614708576,
26.399999999999938,2.75914483939493,4.003676248718611,-1.8428571428571408,0.125,0.1428571428571428,3.2384869498466617,4.640043211102699,-2.2163728855330618,0.0,-2.773514751197581e-12,9.04426603897828,1.0713924986957042,-20.265336740990076,
26.599999999999937,2.75914483939493,4.003676248718611,-1.8357142857142836,0.125,0.1428571428571428,3.2384869498466617,4.640043211102699,-2.2163728855334615,0.0,-1.9976020837475516e-12,9.04426603897828,1.0713924986957042,-20.265164529015216,
26.799999999999937,2.75914483939493,4.003676248718611,-1.8285714285714265,0.125,0.1428571428571428,3.2384869498466617,4.640043211102699,-2.2163728855337492,0.0,-1.4380496793364727e-12,9.04426603897828,1.0713924986957042,-20.264991980274115,
26.999999999999936,2.75914483939493,4.003676248718611,-1.8214285714285694,0.125,0.1428571428571428,3.2384869498466617,4.640043211102699,-2.216372885533957,0.0,-1.035171948160496e-12,9.04426603897828,1.0713924986957042,-20.26481910855034,
27.199999999999935,2.75914483939493,4.003676248718611,-1.8142857142857123,0.125,0.1428571428571428,3.2384869498466617,4.640043211102699,-2.2163728855341063,0.0,-7.442046978667349e-13,9.04426603897828,1.0713924986957042,-20.264645923529656,
27.399999999999935,2.75914483939493,4.003676248718611,-1.8071428571428552,0.125,0.1428571428571428,3.2384869498466617,4.640043211102699,-2.216372885534213,0.0,-5.353051335532654e-13,9.04426603897828,1.0713924986957042,-20.264472429682407,
27.599999999999934,2.75914483939493,4.003676248718611,-1.799999999999998,0.125,0.1428571428571428,3.2384869498466617,4.640043211102699,-2.2163728855342892,0.0,-3.8609115904364443e-13,9.04426603897828,1.0713924986957042,-20.264298640792163,
27.799999999999933,2.75914483939493,4.003676248718611,-1.792857142857141,0.125,0.1428571428571428,3.2384869498466617,4.640043211102699,-2.2163728855343443,0.0,-2.791544773117493e-13,9.04426603897828,1.0713924986957042,-20.26412456021169,
27.999999999999932,2.75914483939493,4.003676248718611,-1.7857142857142838,0.125,0.1428571428571428,3.2384869498466617,4.640043211102699,-2.216372885534385,0.0,-2.0206059048177847e-13,9.04426603897828,1.0713924986957042,-20.263950200234444,
28.199999999999932,2.75914483939493,4.003676248718611,-1.7785714285714267,0.125,0.1428571428571428,3.2384869498466617,4.640043211102699,-2.2163728855344136,0.0,-1.4486190025309042e-13,9.04426603897828,1.0713924986957042,-20.263775571663768,
28.39999999999993,2.75914483939493,4.003676248718611,-1.7714285714285696,0.125,0.1428571428571428,3.2384869498466617,4.640043211102699,-2.216372885534435,0.0,-1.0507150705052481e-13,9.04426603897828,1.0713924986957042,-20.26360067859748,
28.59999999999993,2.75914483939493,4.003676248718611,-1.7642857142857125,0.125,0.1428571428571428,3.2384869498466617,4.640043211102699,-2.216372885534449,0.0,-7.52287121486006e-14,9.04426603897828,1.0713924986957042,-20.263425532211453,
28.79999999999993,2.75914483939493,4.003676248718611,-1.7571428571428553,0.125,0.1428571428571428,3.2384869498466617,4.640043211102699,-2.2163728855344598,0.0,-5.53335155473178e-14,9.04426603897828,1.0713924986957042,-20.263250144426618,
28.99999999999993,2.75914483939493,4.003676248718611,-1.7499999999999982,0.125,0.1428571428571428,3.2384869498466617,4.640043211102699,-2.2163728855344687,0.0,-4.04121180963557e-14,9.04426603897828,1.0713924986957042,-20.263074518968256,
29.19999999999993,2.75914483939493,4.003676248718611,-1.742857142857141,0.125,0.1428571428571428,3.2384869498466617,4.640043211102699,-2.216372885534474,0.0,-2.7977620220553942e-14,9.04426603897828,1.0713924986957042,-20.26289866961995,
29.399999999999928,2.75914483939493,4.003676248718611,-1.735714285714284,0.125,0.1428571428571428,3.2384869498466617,4.640043211102699,-2.2163728855344775,0.0,-2.051692149507289e-14,9.04426603897828,1.0713924986957042,-20.262722600479517,
29.599999999999927,2.75914483939493,4.003676248718611,-1.7285714285714269,0.125,0.1428571428571428,3.2384869498466617,4.640043211102699,-2.216372885534481,0.0,-1.554312234475219e-14,9.04426603897828,1.0713924986957042,-20.262546322722823,
29.799999999999926,2.75914483939493,4.003676248718611,-1.7214285714285698,0.125,0.1428571428571428,3.2384869498466617,4.640043211102699,-2.216372885534483,0.0,-1.0569323194431489e-14,9.04426603897828,1.0713924986957042,-20.262369848643335,
29.999999999999925,2.75914483939493,4.003676248718611,-1.7142857142857126,0.125,0.1428571428571428,3.2384869498466617,4.640043211102699,-2.2163728855344846,0.0,-8.08242361927114e-15,9.04426603897828,1.0713924986957042,-20.26219318159381,
30.199999999999925,2.75914483939493,4.003676248718611,-1.7071428571428555,0.125,0.1428571428571428,3.2384869498466617,4.640043211102699,-2.2163728855344864,0.0,-5.595524044110789e-15,9.04426603897828,1.0713924986957042,-20.262016332750115,
30.399999999999924,2.75914483939493,4.003676248718611,-1.6999999999999984,0.125,0.1428571428571428,3.2384869498466617,4.640043211102699,-2.2163728855344864,0.0,-3.1086244689504383e-15,9.04426603897828,1.0713924986957042,-20.26183931515077,
30.599999999999923,2.75914483939493,4.003676248718611,-1.6928571428571413,0.125,0.1428571428571428,3.2384869498466617,4.640043211102699,-2.2163728855344864,0.0,-3.1086244689504383e-15,9.04426603897828,1.0713924986957042,-20.261662130844684,
30.799999999999923,2.75914483939493,4.003676248718611,-1.6857142857142842,0.125,0.1428571428571428,3.2384869498466617,4.640043211102699,-2.2163728855344864,0.0,-3.1086244689504383e-15,9.04426603897828,1.0713924986957042,-20.26148479547808,
30.999999999999922,2.75914483939493,4.003676248718611,-1.678571428571427,0.125,0.1428571428571428,3.2384869498466617,4.640043211102699,-2.2163728855344864,0.0,-3.1086244689504383e-15,9.04426603897828,1.0713924986957042,-20.26130731203118,
31.19999999999992,2.75914483939493,4.003676248718611,-1.67142857142857,0.125,0.1428571428571428,3.2384869498466617,4.640043211102699,-2.2163728855344864,0.0,-3.1086244689504383e-15,9.04426603897828,1.0713924986957042,-20.26112969261119,
31.39999999999992,2.75914483939493,4.003676248718611,-1.6642857142857128,0.125,0.1428571428571428,3.2384869498466617,4.640043211102699,-2.2163728855344864,0.0,-3.1086244689504383e-15,9.04426603897828,1.0713924986957042,-20.260951948952766,
31.59999999999992,2.75914483939493,4.003676248718611,-1.6571428571428557,0.125,0.1428571428571428,3.2384869498466617,4.640043211102699,-2.2163728855344864,0.0,-3.1086244689504383e-15,9.04426603897828,1.0713924986957042,-20.260774084222408,
31.79999999999992,2.75914483939493,4.003676248718611,-1.6499999999999986,0.125,0.1428571428571428,3.2384869498466617,4.640043211102699,-2.2163728855344864,0.0,-3.1086244689504383e-15,9.04426603897828,1.0713924986957042,-20.260596110899836,
31.99999999999992,2.75914483939493,4.003676248718611,-1.6428571428571415,0.125,0.1428571428571428,3.2384869498466617,4.640043211102699,-2.2163728855344864,0.0,-3.1086244689504383e-15,9.04426603897828,1.0713924986957042,-20.260418040533455,
32.19999999999992,2.75914483939493,4.003676248718611,-1.6357142857142843,0.125,0.1428571428571428,3.2384869498466617,4.640043211102699,-2.2163728855344864,0.0,-3.1086244689504383e-15,9.04426603897828,1.0713924986957042,-20.26023987647602,
32.39999999999992,2.75914483939493,4.003676248718611,-1.6285714285714272,0.125,0.1428571428571428,3.2384869498466617,4.640043211102699,-2.2163728855344864,0.0,-3.1086244689504383e-15,9.04426603897828,1.0713924986957042,-20.260061633814963,
32.59999999999992,2.75914483939493,4.003676248718611,-1.62142857142857,0.125,0.1428571428571428,3.2384869498466617,4.640043211102699,-2.2163728855344864,0.0,-3.1086244689504383e-15,9.04426603897828,1.0713924986957042,-20.259883315623643,
32.799999999999926,2.75914483939493,4.003676248718611,-1.614285714285713,0.125,0.1428571428571428,3.2384869498466617,4.640043211102699,-2.2163728855344864,0.0,-3.1086244689504383e-15,9.04426603897828,1.0713924986957042,-20.259704933916122,
32.99999999999993,2.75914483939493,4.003676248718611,-1.6071428571428559,0.125,0.1428571428571428,3.2384869498466617,4.640043211102699,-2.2163728855344864,0.0,-3.1086244689504383e-15,9.04426603897828,1.0713924986957042,-20.25952650089273,
33.19999999999993,2.75914483939493,4.003676248718611,-1.5999999999999988,0.125,0.1428571428571428,3.2384869498466617,4.640043211102699,-2.2163728855344864,0.0,-3.1086244689504383e-15,9.04426603897828,1.0713924986957042,-20.259348019580262,
33.399999999999935,2.75914483939493,4.003676248718611,-1.5928571428571416,0.125,0.1428571428571428,3.2384869498466617,4.640043211102699,-2.2163728855344864,0.0,-3.1086244689504383e-15,9.04426603897828,1.0713924986957042,-20.259169502179045,
33.59999999999994,2.75914483939493,4.003676248718611,-1.5857142857142845,0.125,0.1428571428571428,3.2384869498466617,4.640043211102699,-2.2163728855344864,0.0,-3.1086244689504383e-15,9.04426603897828,1.0713924986957042,-20.258990960772987,
33.79999999999994,2.75914483939493,4.003676248718611,-1.5785714285714274,0.125,0.1428571428571428,3.2384869498466617,4.640043211102699,-2.2163728855344864,0.0,-3.1086244689504383e-15,9.04426603897828,1.0713924986957042,-20.25881239841217,
33.99999999999994,2.75914483939493,4.003676248718611,-1.5714285714285703,0.125,0.1428571428571428,3.2384869498466617,4.640043211102699,-2.2163728855344864,0.0,-3.1086244689504383e-15,9.04426603897828,1.0713924986957042,-20.2586338272489,
34.199999999999946,2.75914483939493,4.003676248718611,-1.5642857142857132,0.125,0.1428571428571428,3.2384869498466617,4.640043211102699,-2.2163728855344864,0.0,-3.1086244689504383e-15,9.04426603897828,1.0713924986957042,-20.258455259371456,
34.39999999999995,2.75914483939493,4.003676248718611,-1.557142857142856,0.125,0.1428571428571428,3.2384869498466617,4.640043211102699,-2.2163728855344864,0.0,-3.1086244689504383e-15,9.04426603897828,1.0713924986957042,-20.258276697918678,
34.59999999999995,2.75914483939493,4.003676248718611,-1.549999999999999,0.125,0.1428571428571428,3.2384869498466617,4.640043211102699,-2.2163728855344864,0.0,-3.1086244689504383e-15,9.04426603897828,1.0713924986957042,-20.25809815795617,
34.799999999999955,2.75914483939493,4.003676248718611,-1.5428571428571418,0.125,0.1428571428571428,3.2384869498466617,4.640043211102699,-2.2163728855344864,0.0,-3.1086244689504383e-15,9.04426603897828,1.0713924986957042,-20.257919642650428,
34.99999999999996,2.75914483939493,4.003676248718611,-1.5357142857142847,0.125,0.1428571428571428,3.2384869498466617,4.640043211102699,-2.2163728855344864,0.0,-3.1086244689504383e-15,9.04426603897828,1.0713924986957042,-20.25774116408536,
35.19999999999996,2.75914483939493,4.003676248718611,-1.5285714285714276,0.125,0.1428571428571428,3.2384869498466617,4.640043211102699,-2.2163728855344864,0.0,-3.1086244689504383e-15,9.04426603897828,1.0713924986957042,-20.25756273441473,
35.39999999999996,2.75914483939493,4.003676248718611,-1.5214285714285705,0.125,0.1428571428571428,3.2384869498466617,4.640043211102699,-2.2163728855344864,0.0,-3.1086244689504383e-15,9.04426603897828,1.0713924986957042,-20.257384356618765,
35.599999999999966,2.75914483939493,4.003676248718611,-1.5142857142857133,0.125,0.1428571428571428,3.2384869498466617,4.640043211102699,-2.2163728855344864,0.0,-3.1086244689504383e-15,9.04426603897828,1.0713924986957042,-20.257206042897792,
35.79999999999997,2.75914483939493,4.003676248718611,-1.5071428571428562,0.125,0.1428571428571428,3.2384869498466617,4.640043211102699,-2.2163728855344864,0.0,-3.1086244689504383e-15,9.04426603897828,1.0713924986957042,-20.257027805265874,
35.99999999999997,2.75914483939493,4.003676248718611,-1.4999999999999991,0.125,0.1428571428571428,3.2384869498466617,4.640043211102699,-2.2163728855344864,0.0,-3.1086244689504383e-15,9.04426603897828,1.0713924986957042,-20.25684964698264,
36.199999999999974,2.75914483939493,4.003676248718611,-1.492857142857142,0.125,0.1428571428571428,3.2384869498466617,4.640043211102699,-2.2163728855344864,0.0,-3.1086244689504383e-15,9.04426603897828,1.0713924986957042,-20.256671582949252,
36.39999999999998,2.75914483939493,4.003676248718611,-1.4857142857142849,0.125,0.1428571428571428,3.2384869498466617,4.640043211102699,-2.2163728855344864,0.0,-3.1086244689504383e-15,9.04426603897828,1.0713924986957042,-20.256493616332204,
36.59999999999998,2.75914483939493,4.003676248718611,-1.4785714285714278,0.125,0.1428571428571428,3.2384869498466617,4.640043211102699,-2.2163728855344864,0.0,-3.1086244689504383e-15,9.04426603897828,1.0713924986957042,-20.256315759238692,
36.79999999999998,2.75914483939493,4.003676248718611,-1.4714285714285706,0.125,0.1428571428571428,3.2384869498466617,4.640043211102699,-2.2163728855344864,0.0,-3.1086244689504383e-15,9.04426603897828,1.0713924986957042,-20.256138023589642,
36.999999999999986,2.75914483939493,4.003676248718611,-1.4642857142857135,0.125,0.1428571428571428,3.2384869498466617,4.640043211102699,-2.2163728855344864,0.0,-3.1086244689504383e-15,9.04426603897828,1.0713924986957042,-20.255960412737817,
37.19999999999999,2.75914483939493,4.003676248718611,-1.4571428571428564,0.125,0.1428571428571428,3.2384869498466617,4.640043211102699,-2.2163728855344864,0.0,-3.1086244689504383e-15,9.04426603897828,1.0713924986957042,-20.255782938417884,
37.39999999999999,2.75914483939493,4.003676248718611,-1.4499999999999993,0.125,0.1428571428571428,3.2384869498466617,4.640043211102699,-2.2163728855344864,0.0,-3.1086244689504383e-15,9.04426603897828,1.0713924986957042,-20.255605613109562,
37.599999999999994,2.75914483939493,4.003676248718611,-1.4428571428571422,0.125,0.1428571428571428,3.2384869498466617,4.640043211102699,-2.2163728855344864,0.0,-3.1086244689504383e-15,9.04426603897828,1.0713924986957042,-20.25542843923429,
37.8,2.75914483939493,4.003676248718611,-1.435714285714285,0.125,0.1428571428571428,3.2384869498466617,4.640043211102699,-2.2163728855344864,0.0,-3.1086244689504383e-15,9.04426603897828,1.0713924986957042,-20.255251432438286,
38.0,2.75914483939493,4.003676248718611,-1.428571428571428,0.125,0.1428571428571428,3.2384869498466617,4.640043211102699,-2.2163728855344864,0.0,-3.1086244689504383e-15,9.04426603897828,1.0713924986957042,-20.25507459551552,
38.2,2.75914483939493,4.003676248718611,-1.4214285714285708,0.125,0.1428571428571428,3.2384869498466617,4.640043211102699,-2.2163728855344864,0.0,-3.1086244689504383e-15,9.04426603897828,1.0713924986957042,-20.254897940386922,
38.400000000000006,2.75914483939493,4.003676248718611,-1.4142857142857137,0.125,0.1428571428571428,3.2384869498466617,4.640043211102699,-2.2163728855344864,0.0,-3.1086244689504383e-15,9.04426603897828,1.0713924986957042,-20.25472147934595,
38.60000000000001,2.75914483939493,4.003676248718611,-1.4071428571428566,0.125,0.1428571428571428,3.2384869498466617,4.640043211102699,-2.2163728855344864,0.0,-3.1086244689504383e-15,9.04426603897828,1.0713924986957042,-20.254545215000302,
38.80000000000001,2.75914483939493,4.003676248718611,-1.3999999999999995,0.125,0.1428571428571428,3.2384869498466617,4.640043211102699,-2.2163728855344864,0.0,-3.1086244689504383e-15,9.04426603897828,1.0713924986957042,-20.254369159643442,
39.000000000000014,2.75914483939493,4.003676248718611,-1.3928571428571423,0.125,0.1428571428571428,3.2384869498466617,4.640043211102699,-2.2163728855344864,0.0,-3.1086244689504383e-15,9.04426603897828,1.0713924986957042,-20.254193325196297,
39.20000000000002,2.75914483939493,4.003676248718611,-1.3857142857142852,0.125,0.1428571428571428,3.2384869498466617,4.640043211102699,-2.2163728855344864,0.0,-3.1086244689504383e-15,9.04426603897828,1.0713924986957042,-20.2540177146391,
39.40000000000002,2.75914483939493,4.003676248718611,-1.3785714285714281,0.125,0.1428571428571428,3.2384869498466617,4.640043211102699,-2.2163728855344864,0.0,-3.1086244689504383e-15,9.04426603897828,1.0713924986957042,-20.25384234287301,
39.60000000000002,2.75914483939493,4.003676248718611,-1.371428571428571,0.125,0.1428571428571428,3.2384869498466617,4.640043211102699,-2.2163728855344864,0.0,-3.1086244689504383e-15,9.04426603897828,1.0713924986957042,-20.25366721287826,
39.800000000000026,2.75914483939493,4.003676248718611,-1.3642857142857139,0.125,0.1428571428571428,3.2384869498466617,4.640043211102699,-2.2163728855344864,0.0,-3.1086244689504383e-15,9.04426603897828,1.0713924986957042,-20.25349233657578,
40.00000000000003,2.75914483939493,4.003676248718611,-1.3571428571428568,0.125,0.1428571428571428,3.2384869498466617,4.640043211102699,-2.2163728855344864,0.0,-3.1086244689504383e-15,9.04426603897828,1.0713924986957042,-20.253317725886497,
40.20000000000003,2.75914483939493,4.003676248718611,-1.3499999999999996,0.125,0.1428571428571428,3.2384869498466617,4.640043211102699,-2.2163728855344864,0.0,-3.1086244689504383e-15,9.04426603897828,1.0713924986957042,-20.253143383790643,
40.400000000000034,2.75914483939493,4.003676248718611,-1.3428571428571425,0.125,0.1428571428571428,3.2384869498466617,4.640043211102699,-2.2163728855344864,0.0,-3.1086244689504383e-15,9.04426603897828,1.0713924986957042,-20.252969321836623,
40.60000000000004,2.75914483939493,4.003676248718611,-1.3357142857142854,0.125,0.1428571428571428,3.2384869498466617,4.640043211102699,-2.2163728855344864,0.0,-3.1086244689504383e-15,9.04426603897828,1.0713924986957042,-20.252795552317888,
40.80000000000004,2.75914483939493,4.003676248718611,-1.3285714285714283,0.125,0.1428571428571428,3.2384869498466617,4.640043211102699,-2.2163728855344864,0.0,-3.1086244689504383e-15,9.04426603897828,1.0713924986957042,-20.252622078214678,
41.00000000000004,2.75914483939493,4.003676248718611,-1.3214285714285712,0.125,0.1428571428571428,3.2384869498466617,4.640043211102699,-2.2163728855344864,0.0,-3.1086244689504383e-15,9.04426603897828,1.0713924986957042,-20.252448910330326,
41.200000000000045,2.75914483939493,4.003676248718611,-1.314285714285714,0.125,0.1428571428571428,3.2384869498466617,4.640043211102699,-2.2163728855344864,0.0,-3.1086244689504383e-15,9.04426603897828,1.0713924986957042,-20.252276061703355,
41.40000000000005,2.75914483939493,4.003676248718611,-1.307142857142857,0.125,0.1428571428571428,3.2384869498466617,4.640043211102699,-2.2163728855344864,0.0,-3.1086244689504383e-15,9.04426603897828,1.0713924986957042,-20.252103535313996,
41.60000000000005,2.75914483939493,4.003676248718611,-1.2999999999999998,0.125,0.1428571428571428,3.2384869498466617,4.640043211102699,-2.2163728855344864,0.0,-3.1086244689504383e-15,9.04426603897828,1.0713924986957042,-20.25193134494582,
41.800000000000054,2.75914483939493,4.003676248718611,-1.2928571428571427,0.125,0.1428571428571428,3.2384869498466617,4.640043211102699,-2.2163728855344864,0.0,-3.1086244689504383e-15,9.04426603897828,1.0713924986957042,-20.25175949432412,
42.00000000000006,2.75914483939493,4.003676248718611,-1.2857142857142856,0.125,0.1428571428571428,3.2384869498466617,4.640043211102699,-2.2163728855344864,0.0,-3.1086244689504383e-15,9.04426603897828,1.0713924986957042,-20.251587993879706,
42.20000000000006,2.75914483939493,4.003676248718611,-1.2785714285714285,0.125,0.1428571428571428,3.2384869498466617,4.640043211102699,-2.2163728855344864,0.0,-3.1086244689504383e-15,9.04426603897828,1.0713924986957042,-20.251416857023628,
42.40000000000006,2.75914483939493,4.003676248718611,-1.2714285714285714,0.125,0.1428571428571428,3.2384869498466617,4.640043211102699,-2.2163728855344864,0.0,-3.1086244689504383e-15,9.04426603897828,1.0713924986957042,-20.251246085246,
42.600000000000065,2.75914483939493,4.003676248718611,-1.2642857142857142,0.125,0.1428571428571428,3.2384869498466617,4.640043211102699,-2.2163728855344864,0.0,-3.1086244689504383e-15,9.04426603897828,1.0713924986957042,-20.251075690467747,
42.80000000000007,2.75914483939493,4.003676248718611,-1.2571428571428571,0.125,0.1428571428571428,3.2384869498466617,4.640043211102699,-2.2163728855344864,0.0,-3.1086244689504383e-15,9.04426603897828,1.0713924986957042,-20.250905685354862,
43.00000000000007,2.75914483939493,4.003676248718611,-1.25,0.125,0.1428571428571428,3.2384869498466617,4.640043211102699,-2.2163728855344864,0.0,-3.1086244689504383e-15,9.04426603897828,1.0713924986957042,-20.250736071397455,
43.200000000000074,2.75914483939493,4.003676248718611,-1.2428571428571429,0.125,0.1428571428571428,3.2384869498466617,4.640043211102699,-2.2163728855344864,0.0,-3.1086244689504383e-15,9.04426603897828,1.0713924986957042,-20.250566863496694,
43.40000000000008,2.75914483939493,4.003676248718611,-1.2357142857142858,0.125,0.1428571428571428,3.2384869498466617,4.640043211102699,-2.2163728855344864,0.0,-3.1086244689504383e-15,9.04426603897828,1.0713924986957042,-20.250398064632805,
43.60000000000008,2.75914483939493,4.003676248718611,-1.2285714285714286,0.125,0.1428571428571428,3.2384869498466617,4.640043211102699,-2.2163728855344864,0.0,-3.1086244689504383e-15,9.04426603897828,1.0713924986957042,-20.25022968598166,
43.80000000000008,2.75914483939493,4.003676248718611,-1.2214285714285715,0.125,0.1428571428571428,3.2384869498466617,4.640043211102699,-2.2163728855344864,0.0,-3.1086244689504383e-15,9.04426603897828,1.0713924986957042,-20.250061740209254,
44.000000000000085,2.75914483939493,4.003676248718611,-1.2142857142857144,0.125,0.1428571428571428,3.2384869498466617,4.640043211102699,-2.2163728855344864,0.0,-3.1086244689504383e-15,9.04426603897828,1.0713924986957042,-20.249894228060636,
44.20000000000009,2.75914483939493,4.003676248718611,-1.2071428571428573,0.125,0.1428571428571428,3.2384869498466617,4.640043211102699,-2.2163728855344864,0.0,-3.1086244689504383e-15,9.04426603897828,1.0713924986957042,-20.24972716294685,
44.40000000000009,2.75914483939493,4.003676248718611,-1.2000000000000002,0.125,0.1428571428571428,3.2384869498466617,4.640043211102699,-2.2163728855344864,0.0,-3.1086244689504383e-15,9.04426603897828,1.0713924986957042,-20.249560555298718,
44.600000000000094,2.75914483939493,4.003676248718611,-1.192857142857143,0.125,0.1428571428571428,3.2384869498466617,4.640043211102699,-2.2163728855344864,0.0,-3.1086244689504383e-15,9.04426603897828,1.0713924986957042,-20.249394408096464,
44.8000000000001,2.75914483939493,4.003676248718611,-1.185714285714286,0.125,0.1428571428571428,3.2384869498466617,4.640043211102699,-2.2163728855344864,0.0,-3.1086244689504383e-15,9.04426603897828,1.0713924986957042,-20.24922873475114,
45.0000000000001,2.75914483939493,4.003676248718611,-1.1785714285714288,0.125,0.1428571428571428,3.2384869498466617,4.640043211102699,-2.2163728855344864,0.0,-3.1086244689504383e-15,9.04426603897828,1.0713924986957042,-20.249063538988025,
45.2000000000001,2.75914483939493,4.003676248718611,-1.1714285714285717,0.125,0.1428571428571428,3.2384869498466617,4.640043211102699,-2.2163728855344864,0.0,-3.1086244689504383e-15,9.04426603897828,1.0713924986957042,-20.248898831983002,
45.400000000000105,2.75914483939493,4.003676248718611,-1.1642857142857146,0.125,0.1428571428571428,3.2384869498466617,4.640043211102699,-2.2163728855344864,0.0,-3.1086244689504383e-15,9.04426603897828,1.0713924986957042,-20.248734624911936,
45.60000000000011,2.75914483939493,4.003676248718611,-1.1571428571428575,0.125,0.1428571428571428,3.2384869498466617,4.640043211102699,-2.2163728855344864,0.0,-3.1086244689504383e-15,9.04426603897828,1.0713924986957042,-20.24857092075506,
45.80000000000011,2.75914483939493,4.003676248718611,-1.1500000000000004,0.125,0.1428571428571428,3.2384869498466617,4.640043211102699,-2.2163728855344864,0.0,-3.1086244689504383e-15,9.04426603897828,1.0713924986957042,-20.24840772919813,
46.000000000000114,2.75914483939493,4.003676248718611,-1.1428571428571432,0.125,0.1428571428571428,3.2384869498466617,4.640043211102699,-2.2163728855344864,0.0,-3.1086244689504383e-15,9.04426603897828,1.0713924986957042,-20.24824506365219,
46.20000000000012,2.75914483939493,4.003676248718611,-1.1357142857142861,0.125,0.1428571428571428,3.2384869498466617,4.640043211102699,-2.2163728855344864,0.0,-3.1086244689504383e-15,9.04426603897828,1.0713924986957042,-20.2480829248623,
46.40000000000012,2.75914483939493,4.003676248718611,-1.128571428571429,0.125,0.1428571428571428,3.2384869498466617,4.640043211102699,-2.2163728855344864,0.0,-3.1086244689504383e-15,9.04426603897828,1.0713924986957042,-20.247921327729614,
46.60000000000012,2.75914483939493,4.003676248718611,-1.1214285714285719,0.125,0.1428571428571428,3.2384869498466617,4.640043211102699,-2.2163728855344864,0.0,-3.1086244689504383e-15,9.04426603897828,1.0713924986957042,-20.247760274489316,
46.800000000000125,2.75914483939493,4.003676248718611,-1.1142857142857148,0.125,0.1428571428571428,3.2384869498466617,4.640043211102699,-2.2163728855344864,0.0,-3.1086244689504383e-15,9.04426603897828,1.0713924986957042,-20.24759977631727,
47.00000000000013,2.75914483939493,4.003676248718611,-1.1071428571428577,0.125,0.1428571428571428,3.2384869498466617,4.640043211102699,-2.2163728855344864,0.0,-3.1086244689504383e-15,9.04426603897828,1.0713924986957042,-20.24743984438935,
47.20000000000013,2.75914483939493,4.003676248718611,-1.1000000000000005,0.125,0.1428571428571428,3.2384869498466617,4.640043211102699,-2.2163728855344864,0.0,-3.1086244689504383e-15,9.04426603897828,1.0713924986957042,-20.24728048094073,
47.400000000000134,2.75914483939493,4.003676248718611,-1.0928571428571434,0.125,0.1428571428571428,3.2384869498466617,4.640043211102699,-2.2163728855344864,0.0,-3.1086244689504383e-15,9.04426603897828,1.0713924986957042,-20.247121697147282,
47.600000000000136,2.75914483939493,4.003676248718611,-1.0857142857142863,0.125,0.1428571428571428,3.2384869498466617,4.640043211102699,-2.2163728855344864,0.0,-3.1086244689504383e-15,9.04426603897828,1.0713924986957042,-20.246963504184873,
47.80000000000014,2.75914483939493,4.003676248718611,-1.0785714285714292,0.125,0.1428571428571428,3.2384869498466617,4.640043211102699,-2.2163728855344864,0.0,-3.1086244689504383e-15,9.04426603897828,1.0713924986957042,-20.246805903543624,
48.00000000000014,2.75914483939493,4.003676248718611,-1.071428571428572,0.125,0.1428571428571428,3.2384869498466617,4.640043211102699,-2.2163728855344864,0.0,-3.1086244689504383e-15,9.04426603897828,1.0713924986957042,-20.24664890788952,
48.200000000000145,2.75914483939493,4.003676248718611,-1.064285714285715,0.125,0.1428571428571428,3.2384869498466617,4.640043211102699,-2.2163728855344864,0.0,-3.1086244689504383e-15,9.04426603897828,1.0713924986957042,-20.246492525418194,
48.40000000000015,2.75914483939493,4.003676248718611,-1.0571428571428578,0.125,0.1428571428571428,3.2384869498466617,4.640043211102699,-2.2163728855344864,0.0,-3.1086244689504383e-15,9.04426603897828,1.0713924986957042,-20.246336760600002,
48.60000000000015,2.75914483939493,4.003676248718611,-1.0500000000000007,0.125,0.1428571428571428,3.2384869498466617,4.640043211102699,-2.2163728855344864,0.0,-3.1086244689504383e-15,9.04426603897828,1.0713924986957042,-20.24618162535587,
48.80000000000015,2.75914483939493,4.003676248718611,-1.0428571428571436,0.125,0.1428571428571428,3.2384869498466617,4.640043211102699,-2.2163728855344864,0.0,-3.1086244689504383e-15,9.04426603897828,1.0713924986957042,-20.246027123411093,
49.000000000000156,2.75914483939493,4.003676248718611,-1.0357142857142865,0.125,0.1428571428571428,3.2384869498466617,4.640043211102699,-2.2163728855344864,0.0,-3.1086244689504383e-15,9.04426603897828,1.0713924986957042,-20.245873265941533,
49.20000000000016,2.75914483939493,4.003676248718611,-1.0285714285714294,0.125,0.1428571428571428,3.2384869498466617,4.640043211102699,-2.2163728855344864,0.0,-3.1086244689504383e-15,9.04426603897828,1.0713924986957042,-20.245720061142833,
49.40000000000016,2.75914483939493,4.003676248718611,-1.0214285714285722,0.125,0.1428571428571428,3.2384869498466617,4.640043211102699,-2.2163728855344864,0.0,-3.1086244689504383e-15,9.04426603897828,1.0713924986957042,-20.245567513485344,
49.600000000000165,2.75914483939493,4.003676248718611,-1.0142857142857151,0.125,0.1428571428571428,3.2384869498466617,4.640043211102699,-2.2163728855344864,0.0,-3.1086244689504383e-15,9.04426603897828,1.0713924986957042,-20.245415633399876,
49.80000000000017,2.75914483939493,4.003676248718611,-1.007142857142858,0.125,0.1428571428571428,3.2384869498466617,4.640043211102699,-2.2163728855344864,0.0,-3.1086244689504383e-15,9.04426603897828,1.0713924986957042,-20.245264429827127,
50.00000000000017,2.75914483939493,4.003676248718611,-1.0000000000000009,0.125,0.1428571428571428,3.2384869498466617,4.640043211102699,-2.2163728855344864,0.0,-3.1086244689504383e-15,9.04426603897828,1.0713924986957042,-20.245113905747328,
50.20000000000017,2.75914483939493,4.003676248718611,-0.9928571428571438,0.125,0.1428571428571428,3.2384869498466617,4.640043211102699,-2.2163728855344864,0.0,-3.1086244689504383e-15,9.04426603897828,1.0713924986957042,-20.244964073081405,
50.400000000000176,2.75914483939493,4.003676248718611,-0.9857142857142867,0.125,0.1428571428571428,3.2384869498466617,4.640043211102699,-2.2163728855344864,0.0,-3.1086244689504383e-15,9.04426603897828,1.0713924986957042,-20.24481493778983,
50.60000000000018,2.75914483939493,4.003676248718611,-0.9785714285714295,0.125,0.1428571428571428,3.2384869498466617,4.640043211102699,-2.2163728855344864,0.0,-3.1086244689504383e-15,9.04426603897828,1.0713924986957042,-20.244666508813292,
50.80000000000018,2.75914483939493,4.003676248718611,-0.9714285714285724,0.125,0.1428571428571428,3.2384869498466617,4.640043211102699,-2.2163728855344864,0.0,-3.1086244689504383e-15,9.04426603897828,1.0713924986957042,-20.244518792112263,
51.000000000000185,2.75914483939493,4.003676248718611,-0.9642857142857153,0.125,0.1428571428571428,3.2384869498466617,4.640043211102699,-2.2163728855344864,0.0,-3.1086244689504383e-15,9.04426603897828,1.0713924986957042,-20.24437179513732,
51.20000000000019,2.75914483939493,4.003676248718611,-0.9571428571428582,0.125,0.1428571428571428,3.2384869498466617,4.640043211102699,-2.2163728855344864,0.0,-3.1086244689504383e-15,9.04426603897828,1.0713924986957042,-20.244225528319273,
51.40000000000019,2.75914483939493,4.003676248718611,-0.9500000000000011,0.125,0.1428571428571428,3.2384869498466617,4.640043211102699,-2.2163728855344864,0.0,-3.1086244689504383e-15,9.04426603897828,1.0713924986957042,-20.244079994638355,
51.60000000000019,2.75914483939493,4.003676248718611,-0.942857142857144,0.125,0.1428571428571428,3.2384869498466617,4.640043211102699,-2.2163728855344864,0.0,-3.1086244689504383e-15,9.04426603897828,1.0713924986957042,-20.243935204525382,
51.800000000000196,2.75914483939493,4.003676248718611,-0.9357142857142868,0.125,0.1428571428571428,3.2384869498466617,4.640043211102699,-2.2163728855344864,0.0,-3.1086244689504383e-15,9.04426603897828,1.0713924986957042,-20.243791165430935,
52.0000000000002,2.75914483939493,4.003676248718611,-0.9285714285714297,0.125,0.1428571428571428,3.2384869498466617,4.640043211102699,-2.2163728855344864,0.0,-3.1086244689504383e-15,9.04426603897828,1.0713924986957042,-20.243647883315475,
52.2000000000002,2.75914483939493,4.003676248718611,-0.9214285714285726,0.125,0.1428571428571428,3.2384869498466617,4.640043211102699,-2.2163728855344864,0.0,-3.1086244689504383e-15,9.04426603897828,1.0713924986957042,-20.243505365629584,
52.400000000000205,2.75914483939493,4.003676248718611,-0.9142857142857155,0.125,0.1428571428571428,3.2384869498466617,4.640043211102699,-2.2163728855344864,0.0,-3.1086244689504383e-15,9.04426603897828,1.0713924986957042,-20.243363619823846,
52.60000000000021,2.75914483939493,4.003676248718611,-0.9071428571428584,0.125,0.1428571428571428,3.2384869498466617,4.640043211102699,-2.2163728855344864,0.0,-3.1086244689504383e-15,9.04426603897828,1.0713924986957042,-20.243222654838952,
52.80000000000021,2.75914483939493,4.003676248718611,-0.9000000000000012,0.125,0.1428571428571428,3.2384869498466617,4.640043211102699,-2.2163728855344864,0.0,-3.1086244689504383e-15,9.04426603897828,1.0713924986957042,-20.243082475145254,
53.00000000000021,2.75914483939493,4.003676248718611,-0.8928571428571441,0.125,0.1428571428571428,3.2384869498466617,4.640043211102699,-2.2163728855344864,0.0,-3.1086244689504383e-15,9.04426603897828,1.0713924986957042,-20.242943089683447,
53.200000000000216,2.75914483939493,4.003676248718611,-0.885714285714287,0.125,0.1428571428571428,3.2384869498466617,4.640043211102699,-2.2163728855344864,0.0,-3.1086244689504383e-15,9.04426603897828,1.0713924986957042,-20.242804504413993,
53.40000000000022,2.75914483939493,4.003676248718611,-0.8785714285714299,0.125,0.1428571428571428,3.2384869498466617,4.640043211102699,-2.2163728855344864,0.0,-3.1086244689504383e-15,9.04426603897828,1.0713924986957042,-20.242666728277595,
53.60000000000022,2.75914483939493,4.003676248718611,-0.8714285714285728,0.125,0.1428571428571428,3.2384869498466617,4.640043211102699,-2.2163728855344864,0.0,-3.1086244689504383e-15,9.04426603897828,1.0713924986957042,-20.242529767234714,
53.800000000000225,2.75914483939493,4.003676248718611,-0.8642857142857157,0.125,0.1428571428571428,3.2384869498466617,4.640043211102699,-2.2163728855344864,0.0,-3.1086244689504383e-15,9.04426603897828,1.0713924986957042,-20.242393627245814,
54.00000000000023,2.75914483939493,4.003676248718611,-0.8571428571428585,0.125,0.1428571428571428,3.2384869498466617,4.640043211102699,-2.2163728855344864,0.0,-3.1086244689504383e-15,9.04426603897828,1.0713924986957042,-20.24225831576148,
54.20000000000023,2.75914483939493,4.003676248718611,-0.8500000000000014,0.125,0.1428571428571428,3.2384869498466617,4.640043211102699,-2.2163728855344864,0.0,-3.1086244689504383e-15,9.04426603897828,1.0713924986957042,-20.242123840232285,
54.40000000000023,2.75914483939493,4.003676248718611,-0.8428571428571443,0.125,0.1428571428571428,3.2384869498466617,4.640043211102699,-2.2163728855344864,0.0,-3.1086244689504383e-15,9.04426603897828,1.0713924986957042,-20.241990208108813,
54.600000000000236,2.75914483939493,4.003676248718611,-0.8357142857142872,0.125,0.1428571428571428,3.2384869498466617,4.640043211102699,-2.2163728855344864,0.0,-3.1086244689504383e-15,9.04426603897828,1.0713924986957042,-20.241857425351533,
54.80000000000024,2.75914483939493,4.003676248718611,-0.8285714285714301,0.125,0.1428571428571428,3.2384869498466617,4.640043211102699,-2.2163728855344864,0.0,-3.1086244689504383e-15,9.04426603897828,1.0713924986957042,-20.241725497920903,
55.00000000000024,2.75914483939493,4.003676248718611,-0.821428571428573,0.125,0.1428571428571428,3.2384869498466617,4.640043211102699,-2.2163728855344864,0.0,-3.1086244689504383e-15,9.04426603897828,1.0713924986957042,-20.241594434757623,
55.200000000000244,2.75914483939493,4.003676248718611,-0.8142857142857158,0.125,0.1428571428571428,3.2384869498466617,4.640043211102699,-2.2163728855344864,0.0,-3.1086244689504383e-15,9.04426603897828,1.0713924986957042,-20.24146424033204,
55.40000000000025,2.75914483939493,4.003676248718611,-0.8071428571428587,0.125,0.1428571428571428,3.2384869498466617,4.640043211102699,-2.2163728855344864,0.0,-3.1086244689504383e-15,9.04426603897828,1.0713924986957042,-20.241334922094733,
55.60000000000025,2.75914483939493,4.003676248718611,-0.8000000000000016,0.125,0.1428571428571428,3.2384869498466617,4.640043211102699,-2.2163728855344864,0.0,-3.1086244689504383e-15,9.04426603897828,1.0713924986957042,-20.241206486006174,
55.80000000000025,2.75914483939493,4.003676248718611,-0.7928571428571445,0.125,0.1428571428571428,3.2384869498466617,4.640043211102699,-2.2163728855344864,0.0,-3.1086244689504383e-15,9.04426603897828,1.0713924986957042,-20.24107894100705,
56.000000000000256,2.75914483939493,4.003676248718611,-0.7857142857142874,0.125,0.1428571428571428,3.2384869498466617,4.640043211102699,-2.2163728855344864,0.0,-3.1086244689504383e-15,9.04426603897828,1.0713924986957042,-20.240952291567716,
56.20000000000026,2.75914483939493,4.003676248718611,-0.7785714285714302,0.125,0.1428571428571428,3.2384869498466617,4.640043211102699,-2.2163728855344864,0.0,-3.1086244689504383e-15,9.04426603897828,1.0713924986957042,-20.240826543648634,
56.40000000000026,2.75914483939493,4.003676248718611,-0.7714285714285731,0.125,0.1428571428571428,3.2384869498466617,4.640043211102699,-2.2163728855344864,0.0,-3.1086244689504383e-15,9.04426603897828,1.0713924986957042,-20.2407017061905,
56.600000000000264,2.75914483939493,4.003676248718611,-0.764285714285716,0.125,0.1428571428571428,3.2384869498466617,4.640043211102699,-2.2163728855344864,0.0,-3.1086244689504383e-15,9.04426603897828,1.0713924986957042,-20.240577782173546,
56.80000000000027,2.75914483939493,4.003676248718611,-0.7571428571428589,0.125,0.1428571428571428,3.2384869498466617,4.640043211102699,-2.2163728855344864,0.0,-3.1086244689504383e-15,9.04426603897828,1.0713924986957042,-20.24045478202859,
57.00000000000027,2.75914483939493,4.003676248718611,-0.7500000000000018,0.125,0.1428571428571428,3.2384869498466617,4.640043211102699,-2.2163728855344864,0.0,-3.1086244689504383e-15,9.04426603897828,1.0713924986957042,-20.240332707245738,
57.20000000000027,2.75914483939493,4.003676248718611,-0.7428571428571447,0.125,0.1428571428571428,3.2384869498466617,4.640043211102699,-2.2163728855344864,0.0,-3.1086244689504383e-15,9.04426603897828,1.0713924986957042,-20.240211566765698,
57.400000000000276,2.75914483939493,4.003676248718611,-0.7357142857142875,0.125,0.1428571428571428,3.2384869498466617,4.640043211102699,-2.2163728855344864,0.0,-3.1086244689504383e-15,9.04426603897828,1.0713924986957042,-20.240091368039042,
57.60000000000028,2.75914483939493,4.003676248718611,-0.7285714285714304,0.125,0.1428571428571428,3.2384869498466617,4.640043211102699,-2.2163728855344864,0.0,-3.1086244689504383e-15,9.04426603897828,1.0713924986957042,-20.239972114046008,
57.80000000000028,2.75914483939493,4.003676248718611,-0.7214285714285733,0.125,0.1428571428571428,3.2384869498466617,4.640043211102699,-2.2163728855344864,0.0,-3.1086244689504383e-15,9.04426603897828,1.0713924986957042,-20.23985381372729,
58.000000000000284,2.75914483939493,4.003676248718611,-0.7142857142857162,0.125,0.1428571428571428,3.2384869498466617,4.640043211102699,-2.2163728855344864,0.0,-3.1086244689504383e-15,9.04426603897828,1.0713924986957042,-20.23973647155324,
58.20000000000029,2.75914483939493,4.003676248718611,-0.7071428571428591,0.125,0.1428571428571428,3.2384869498466617,4.640043211102699,-2.2163728855344864,0.0,-3.1086244689504383e-15,9.04426603897828,1.0713924986957042,-20.239620093484316,
58.40000000000029,2.75914483939493,4.003676248718611,-0.700000000000002,0.125,0.1428571428571428,3.2384869498466617,4.640043211102699,-2.2163728855344864,0.0,-3.1086244689504383e-15,9.04426603897828,1.0713924986957042,-20.239504685480984,
58.60000000000029,2.75914483939493,4.003676248718611,-0.6928571428571448,0.125,0.1428571428571428,3.2384869498466617,4.640043211102699,-2.2163728855344864,0.0,-3.1086244689504383e-15,9.04426603897828,1.0713924986957042,-20.23939025350371,
58.800000000000296,2.75914483939493,4.003676248718611,-0.6857142857142877,0.125,0.1428571428571428,3.2384869498466617,4.640043211102699,-2.2163728855344864,0.0,-3.1086244689504383e-15,9.04426603897828,1.0713924986957042,-20.23927680500308,
59.0000000000003,2.75914483939493,4.003676248718611,-0.6785714285714306,0.125,0.1428571428571428,3.2384869498466617,4.640043211102699,-2.2163728855344864,0.0,-3.1086244689504383e-15,9.04426603897828,1.0713924986957042,-20.23916434444943,
59.2000000000003,2.75914483939493,4.003676248718611,-0.6714285714285735,0.125,0.1428571428571428,3.2384869498466617,4.640043211102699,-2.2163728855344864,0.0,-3.1086244689504383e-15,9.04426603897828,1.0713924986957042,-20.23905287631312,
59.400000000000304,2.75914483939493,4.003676248718611,-0.6642857142857164,0.125,0.1428571428571428,3.2384869498466617,4.640043211102699,-2.2163728855344864,0.0,-3.1086244689504383e-15,9.04426603897828,1.0713924986957042,-20.23894240655461,
59.60000000000031,2.75914483939493,4.003676248718611,-0.6571428571428592,0.125,0.1428571428571428,3.2384869498466617,4.640043211102699,-2.2163728855344864,0.0,-3.1086244689504383e-15,9.04426603897828,1.0713924986957042,-20.2388329441146,
59.80000000000031,2.75914483939493,4.003676248718611,-0.6500000000000021,0.125,0.1428571428571428,3.2384869498466617,4.640043211102699,-2.2163728855344864,0.0,-3.1086244689504383e-15,9.04426603897828,1.0713924986957042,-20.23872449197331,
60.00000000000031,2.75914483939493,4.003676248718611,-0.642857142857145,0.125,0.1428571428571428,3.2384869498466617,4.640043211102699,-2.2163728855344864,0.0,-3.1086244689504383e-15,9.04426603897828,1.0713924986957042,-20.238617054601104,
60.200000000000315,2.75914483939493,4.003676248718611,-0.6357142857142879,0.125,0.1428571428571428,3.2384869498466617,4.640043211102699,-2.2163728855344864,0.0,-3.1086244689504383e-15,9.04426603897828,1.0713924986957042,-20.238510639448556,
60.40000000000032,2.75914483939493,4.003676248718611,-0.6285714285714308,0.125,0.1428571428571428,3.2384869498466617,4.640043211102699,-2.2163728855344864,0.0,-3.1086244689504383e-15,9.04426603897828,1.0713924986957042,-20.238405250986013,
60.60000000000032,2.7642002663879093,4.000001312267642,-0.6142857142857165,0.125,0.1428571428571428,3.2384869498466617,4.640043211102699,-2.2163728855344864,0.0,-3.1086244689504383e-15,9.04426603897828,1.0713924986957042,-20.23837361135045,
60.800000000000324,2.7642002663879093,4.000001312267642,-0.6071428571428594,0.125,0.1428571428571428,3.2384869498466617,4.640043211102699,-2.2163728855344864,0.0,-3.1086244689504383e-15,9.04426603897828,1.0713924986957042,-20.238271209080608,
61.00000000000033,2.7642002663879093,4.000001312267642,-0.6000000000000023,0.125,0.1428571428571428,3.2384869498466617,4.640043211102699,-2.2163728855344864,0.0,-3.1086244689504383e-15,9.04426603897828,1.0713924986957042,-20.2381698543624,
61.20000000000033,2.7642002663879093,4.000001312267642,-0.5928571428571452,0.125,0.1428571428571428,3.2384869498466617,4.640043211102699,-2.2163728855344864,0.0,-3.1086244689504383e-15,9.04426603897828,1.0713924986957042,-20.23806955315629,
61.40000000000033,2.7642002663879093,4.000001312267642,-0.5857142857142881,0.125,0.1428571428571428,3.2384869498466617,4.640043211102699,-2.2141763958771374,0.0,0.010982448286740887,9.04426603897828,1.0713924986957042,-20.23797030993262,
61.600000000000335,2.7642002663879093,4.000001312267642,-0.578571428571431,0.125,0.1428571428571428,3.2384869498466617,4.640043211102699,-2.212594923323847,0.0,0.00790736276645232,9.04426603897828,1.0713924986957042,-20.237872127671633,
61.80000000000034,2.7642002663879093,4.000001312267642,-0.5714285714285738,0.125,0.1428571428571428,3.2384869498466617,4.640043211102699,-2.211456263085477,0.0,0.005693301191845545,9.04426603897828,1.0713924986957042,-20.2377750138239,
62.00000000000034,2.7642002663879093,4.000001312267642,-0.5642857142857167,0.125,0.1428571428571428,3.2384869498466617,4.640043211102699,-2.210636427713851,0.0,0.004099176858127773,9.04426603897828,1.0713924986957042,-20.237678974349887,
62.200000000000344,2.7642002663879093,4.000001312267642,-0.5571428571428596,0.125,0.1428571428571428,3.2384869498466617,4.640043211102699,-2.210046146246281,0.0,0.002951407337851375,9.04426603897828,1.0713924986957042,-20.23758401222983,
62.40000000000035,2.7642002663879093,4.000001312267642,-0.5500000000000025,0.125,0.1428571428571428,3.2384869498466617,4.640043211102699,-2.209621143589631,0.0,0.002125013283253363,9.04426603897828,1.0713924986957042,-20.237490131934077,
62.60000000000035,2.7642002663879093,4.000001312267642,-0.5428571428571454,0.125,0.1428571428571428,3.2384869498466617,4.640043211102699,-2.209315141676843,0.0,0.0015300095639434906,9.04426603897828,1.0713924986957042,-20.237397339423094,
62.80000000000035,2.7642002663879093,4.000001312267642,-0.5357142857142883,0.125,0.1428571428571428,3.2384869498466617,4.640043211102699,-2.2090948202996348,0.0,0.0011016068860398853,9.04426603897828,1.0713924986957042,-20.23730563916722,
63.000000000000355,2.7642002663879093,4.000001312267642,-0.5285714285714311,0.125,0.1428571428571428,3.2384869498466617,4.640043211102699,-2.2089361889080443,0.0,0.000793156957948593,9.04426603897828,1.0713924986957042,-20.237215035636815,
63.20000000000036,2.7642002663879093,4.000001312267642,-0.521428571428574,0.125,0.1428571428571428,3.2384869498466617,4.640043211102699,-2.2088219743060993,0.0,0.0005710730097219673,9.04426603897828,1.0713924986957042,-20.237125534792337,
63.40000000000036,2.7642002663879093,4.000001312267642,-0.5142857142857169,0.125,0.1428571428571428,3.2384869498466617,4.640043211102699,-2.2087397397926996,0.0,0.00041117256699889636,9.04426603897828,1.0713924986957042,-20.237037138123902,
63.600000000000364,2.7642002663879093,4.000001312267642,-0.5071428571428598,0.125,0.1428571428571428,3.2384869498466617,4.640043211102699,-2.2086805309430524,0.0,0.00029604424823927996,9.04426603897828,1.0713924986957042,-20.236949851591977,
63.80000000000037,2.7642002663879093,4.000001312267642,-0.5000000000000027,0.125,0.1428571428571428,3.2384869498466617,4.640043211102699,-2.208637900571306,0.0,0.00021315185873325147,9.04426603897828,1.0713924986957042,-20.236863681157025,
64.00000000000037,2.7642002663879093,4.000001312267642,-0.49285714285714555,0.125,0.1428571428571428,3.2384869498466617,4.640043211102699,-2.2086072067036486,0.0,0.00015346933828821462,9.04426603897828,1.0713924986957042,-20.23677862979928,
64.20000000000037,2.7642002663879093,4.000001312267642,-0.48571428571428843,0.125,0.1428571428571428,3.2384869498466617,4.640043211102699,-2.2085851071189353,0.0,0.00011049792356798703,9.04426603897828,1.0713924986957042,-20.236694703479202,
64.40000000000038,2.7642002663879093,4.000001312267642,-0.4785714285714313,0.125,0.1428571428571428,3.2384869498466617,4.640043211102699,-2.208569195417942,0.0,7.95585049693237e-05,9.04426603897828,1.0713924986957042,-20.236611903686914,
64.60000000000038,2.7642002663879093,4.000001312267642,-0.4714285714285742,0.125,0.1428571428571428,3.2384869498466617,4.640043211102699,-2.2085577389932265,0.0,5.728212357878348e-05,9.04426603897828,1.0713924986957042,-20.236530236382873,
64.80000000000038,2.7642002663879093,4.000001312267642,-0.4642857142857171,0.125,0.1428571428571428,3.2384869498466617,4.640043211102699,-2.2085494903674316,0.0,4.1243128976997666e-05,9.04426603897828,1.0713924986957042,-20.23644970454732,
65.00000000000038,2.7642002663879093,4.000001312267642,-0.45714285714285996,0.125,0.1428571428571428,3.2384869498466617,4.640043211102699,-2.2085435513568594,0.0,2.9695052864209256e-05,9.04426603897828,1.0713924986957042,-20.23637031414071,
65.20000000000039,2.7642002663879093,4.000001312267642,-0.45000000000000284,0.125,0.1428571428571428,3.2384869498466617,4.640043211102699,-2.2085392752692474,0.0,2.138043806310108e-05,9.04426603897828,1.0713924986957042,-20.236292068143282,
65.40000000000039,2.7642002663879093,4.000001312267642,-0.4428571428571457,0.125,0.1428571428571428,3.2384869498466617,4.640043211102699,-2.2085361964861665,0.0,1.539391540630319e-05,9.04426603897828,1.0713924986957042,-20.23621497102538,
65.60000000000039,2.7642002663879093,4.000001312267642,-0.4357142857142886,0.125,0.1428571428571428,3.2384869498466617,4.640043211102699,-2.2085339797623487,0.0,1.108361909301081e-05,9.04426603897828,1.0713924986957042,-20.23613902576724,
65.8000000000004,2.7642002663879093,4.000001312267642,-0.4285714285714315,0.125,0.1428571428571428,3.2384869498466617,4.640043211102699,-2.2085323837211988,0.0,7.98020574803715e-06,9.04426603897828,1.0713924986957042,-20.23606423683921,
66.0000000000004,2.7642002663879093,4.000001312267642,-0.4214285714285744,0.125,0.1428571428571428,3.2384869498466617,4.640043211102699,-2.2085312345715717,0.0,5.745748138163975e-06,9.04426603897828,1.0713924986957042,-20.23599060871163,
66.2000000000004,2.7642002663879093,4.000001312267642,-0.41428571428571725,0.125,0.1428571428571428,3.2384869498466617,4.640043211102699,-2.20853040718384,0.0,4.136938660348476e-06,9.04426603897828,1.0713924986957042,-20.235918144364746,
66.4000000000004,2.7642002663879093,4.000001312267642,-0.40714285714286014,0.125,0.1428571428571428,3.2384869498466617,4.640043211102699,-2.2085298114646736,0.0,2.97859583602289e-06,9.04426603897828,1.0713924986957042,-20.23584684677878,
66.6000000000004,2.7642002663879093,4.000001312267642,-0.400000000000003,0.125,0.1428571428571428,3.2384869498466617,4.640043211102699,-2.208529382546873,0.0,2.1445890030058477e-06,9.04426603897828,1.0713924986957042,-20.235776721914203,
66.80000000000041,2.7642002663879093,4.000001312267642,-0.3928571428571459,0.125,0.1428571428571428,3.2384869498466617,4.640043211102699,-2.208529073726057,0.0,1.5441040818409134e-06,9.04426603897828,1.0713924986957042,-20.23570777126113,
67.00000000000041,2.7642002663879093,4.000001312267642,-0.3857142857142888,0.125,0.1428571428571428,3.2384869498466617,4.640043211102699,-2.2085288513750694,0.0,1.1117549393979685e-06,9.04426603897828,1.0713924986957042,-20.235639997799787,
67.20000000000041,2.7642002663879093,4.000001312267642,-0.37857142857143167,0.125,0.1428571428571428,3.2384869498466617,4.640043211102699,-2.2085286912823587,0.0,8.004635570380003e-07,9.04426603897828,1.0713924986957042,-20.235573407490644,
67.40000000000042,2.7642002663879093,4.000001312267642,-0.37142857142857455,0.125,0.1428571428571428,3.2384869498466617,4.640043211102699,-2.208528576015606,0.0,5.76333762136727e-07,9.04426603897828,1.0713924986957042,-20.235508001823813,
67.60000000000042,2.7642002663879093,4.000001312267642,-0.36428571428571743,0.125,0.1428571428571428,3.2384869498466617,4.640043211102699,-2.208528493023545,0.0,4.149603085146225e-07,9.04426603897828,1.0713924986957042,-20.235443783779534,
67.80000000000042,2.7642002663879093,4.000001312267642,-0.3571428571428603,0.125,0.1428571428571428,3.2384869498466617,4.640043211102699,-2.20852843326926,0.0,2.9877142280199106e-07,9.04426603897828,1.0713924986957042,-20.235380759318264,
68.00000000000043,2.7642002663879093,4.000001312267642,-0.3500000000000032,0.125,0.1428571428571428,3.2384869498466617,4.640043211102699,-2.2085283902461743,0.0,2.1511542369623268e-07,9.04426603897828,1.0713924986957042,-20.235318928440005,
68.20000000000043,2.7642002663879093,4.000001312267642,-0.3428571428571461,0.125,0.1428571428571428,3.2384869498466617,4.640043211102699,-2.208528359269554,0.0,1.5488310394218273e-07,9.04426603897828,1.0713924986957042,-20.235258297105226,
68.40000000000043,2.7642002663879093,4.000001312267642,-0.33571428571428896,0.125,0.1428571428571428,3.2384869498466617,4.640043211102699,-2.2085283369663866,0.0,1.1151583541035847e-07,9.04426603897828,1.0713924986957042,-20.23519886531392,
68.60000000000043,2.7642002663879093,4.000001312267642,-0.32857142857143185,0.125,0.1428571428571428,3.2384869498466617,4.640043211102699,-2.2085283209081066,0.0,8.029140117216115e-08,9.04426603897828,1.0713924986957042,-20.235140639026554,
68.80000000000044,2.7642002663879093,4.000001312267642,-0.3214285714285747,0.125,0.1428571428571428,3.2384869498466617,4.640043211102699,-2.2085283093461445,0.0,5.7809809117514984e-08,9.04426603897828,1.0713924986957042,-20.235083619733246,
69.00000000000044,2.7642002663879093,4.000001312267642,-0.3142857142857176,0.125,0.1428571428571428,3.2384869498466617,4.640043211102699,-2.2085283010215324,0.0,4.1623062241313845e-08,9.04426603897828,1.0713924986957042,-20.235027810414227,
69.20000000000044,2.7642002663879093,4.000001312267642,-0.3071428571428605,0.125,0.1428571428571428,3.2384869498466617,4.640043211102699,-2.2085282950278113,0.0,2.996860528625689e-08,9.04426603897828,1.0713924986957042,-20.234973215539846,
69.40000000000045,2.7642002663879093,4.000001312267642,-0.3000000000000034,0.125,0.1428571428571428,3.2384869498466617,4.640043211102699,-2.208528290712332,0.0,2.1577395781235963e-08,9.04426603897828,1.0713924986957042,-20.2349198351101,
69.60000000000045,2.7642002663879093,4.000001312267642,-0.29285714285714626,0.125,0.1428571428571428,3.2384869498466617,4.640043211102699,-2.208528287605187,0.0,1.5535724440240983e-08,9.04426603897828,1.0713924986957042,-20.234867673595343,
69.80000000000045,2.7642002663879093,4.000001312267642,-0.28571428571428914,0.125,0.1428571428571428,3.2384869498466617,4.640043211102699,-2.2085282853680432,0.0,1.1185721771056478e-08,9.04426603897828,1.0713924986957042,-20.234816732485683,
70.00000000000045,2.7642002663879093,4.000001312267642,-0.278571428571432,0.125,0.1428571428571428,3.2384869498466617,4.640043211102699,-2.2085282837572997,0.0,8.053720446099532e-09,9.04426603897828,1.0713924986957042,-20.234767016251478,
70.20000000000046,2.7642002663879093,4.000001312267642,-0.2714285714285749,0.125,0.1428571428571428,3.2384869498466617,4.640043211102699,-2.2085282825975643,0.0,5.798679492130531e-09,9.04426603897828,1.0713924986957042,-20.23471852489272,
70.40000000000046,2.7642002663879093,4.000001312267642,-0.2642857142857178,0.125,0.1428571428571428,3.2384869498466617,4.640043211102699,-2.208528281762554,0.0,4.175049905796868e-09,9.04426603897828,1.0713924986957042,-20.234671264369876,
70.60000000000046,2.7642002663879093,4.000001312267642,-0.25714285714286067,0.125,0.1428571428571428,3.2384869498466617,4.640043211102699,-2.208528281161346,0.0,3.006035509400817e-09,9.04426603897828,1.0713924986957042,-20.234625233192833,
70.80000000000047,2.7642002663879093,4.000001312267642,-0.25000000000000355,0.125,0.1428571428571428,3.2384869498466617,4.640043211102699,-2.2085282807284763,0.0,2.1643443481877963e-09,9.04426603897828,1.0713924986957042,-20.23458043732205,
71.00000000000047,2.7642002663879093,4.000001312267642,-0.24285714285714644,0.125,0.1428571428571428,3.2384869498466617,4.640043211102699,-2.208528280416811,0.0,1.5583267121144217e-09,9.04426603897828,1.0713924986957042,-20.23453687526742,
71.20000000000047,2.7642002663879093,4.000001312267642,-0.23571428571428932,0.125,0.1428571428571428,3.2384869498466617,4.640043211102699,-2.2085282801924127,0.0,1.1219952078533877e-09,9.04426603897828,1.0713924986957042,-20.234494552989396,
71.40000000000047,2.7642002663879093,4.000001312267642,-0.2285714285714322,0.125,0.1428571428571428,3.2384869498466617,4.640043211102699,-2.208528280030846,0.0,8.078376190212566e-10,9.04426603897828,1.0713924986957042,-20.234453470487985,
71.60000000000048,2.7642002663879093,4.000001312267642,-0.22142857142857508,0.125,0.1428571428571428,3.2384869498466617,4.640043211102699,-2.2085282799145176,0.0,5.816441550621221e-10,9.04426603897828,1.0713924986957042,-20.234413630743415,
71.80000000000048,2.7642002663879093,4.000001312267642,-0.21428571428571797,0.125,0.1428571428571428,3.2384869498466617,4.640043211102699,-2.2085282798307606,0.0,4.1878456258359615e-10,9.04426603897828,1.0713924986957042,-20.234375033755693,
72.00000000000048,2.7642002663879093,4.000001312267642,-0.20714285714286085,0.125,0.1428571428571428,3.2384869498466617,4.640043211102699,-2.208528279770455,0.0,3.0152476071521046e-10,9.04426603897828,1.0713924986957042,-20.234337685485276,
72.20000000000049,2.7642002663879093,4.000001312267642,-0.20000000000000373,0.125,0.1428571428571428,3.2384869498466617,4.640043211102699,-2.2085282797270356,0.0,2.1709700703809173e-10,9.04426603897828,1.0713924986957042,-20.234301582951936,
72.40000000000049,2.7642002663879093,4.000001312267642,-0.1928571428571466,0.125,0.1428571428571428,3.2384869498466617,4.640043211102699,-2.2085282796957735,0.0,1.563097207224473e-10,9.04426603897828,1.0713924986957042,-20.234266732116136,
72.60000000000049,2.7642002663879093,4.000001312267642,-0.1857142857142895,0.125,0.1428571428571428,3.2384869498466617,4.640043211102699,-2.2085282796732653,0.0,1.1254277509920029e-10,9.04426603897828,1.0713924986957042,-20.234233132977874,
72.8000000000005,2.7642002663879093,4.000001312267642,-0.17857142857143238,0.125,0.1428571428571428,3.2384869498466617,4.640043211102699,-2.2085282796570596,0.0,8.103127058234349e-11,9.04426603897828,1.0713924986957042,-20.234200787027273,
73.0000000000005,2.7642002663879093,4.000001312267642,-0.17142857142857526,0.125,0.1428571428571428,3.2384869498466617,4.640043211102699,-2.2085282796453907,0.0,5.834328575815561e-11,9.04426603897828,1.0713924986957042,-20.234169695754442,
73.2000000000005,2.7642002663879093,4.000001312267642,-0.16428571428571814,0.125,0.1428571428571428,3.2384869498466617,4.640043211102699,-2.2085282796369885,0.0,4.200684244892727e-11,9.04426603897828,1.0713924986957042,-20.234139862139614,
73.4000000000005,2.7642002663879093,4.000001312267642,-0.15714285714286103,0.125,0.1428571428571428,3.2384869498466617,4.640043211102699,-2.20852827963094,0.0,3.0243807458418814e-11,9.04426603897828,1.0713924986957042,-20.23411128767291,
73.6000000000005,2.7642002663879093,4.000001312267642,-0.1500000000000039,0.125,0.1428571428571428,3.2384869498466617,4.640043211102699,-2.2085282796265844,0.0,2.177591440499782e-11,9.04426603897828,1.0713924986957042,-20.23408397086421,
73.80000000000051,2.7642002663879093,4.000001312267642,-0.1428571428571468,0.125,0.1428571428571428,3.2384869498466617,4.640043211102699,-2.208528279623449,0.0,1.567803664670464e-11,9.04426603897828,1.0713924986957042,-20.23405791618386,
74.00000000000051,2.7642002663879093,4.000001312267642,-0.13571428571428967,0.125,0.1428571428571428,3.2384869498466617,4.640043211102699,-2.2085282796211914,0.0,1.1288658896546621e-11,9.04426603897828,1.0713924986957042,-20.234033125121982,
74.20000000000051,2.7642002663879093,4.000001312267642,-0.12857142857143256,0.125,0.1428571428571428,3.2384869498466617,4.640043211102699,-2.208528279619566,0.0,8.127809536517815e-12,9.04426603897828,1.0713924986957042,-20.234009596188457,
74.40000000000052,2.7642002663879093,4.000001312267642,-0.12142857142857544,0.125,0.1428571428571428,3.2384869498466617,4.640043211102699,-2.2085282796183954,0.0,5.852296425246095e-12,9.04426603897828,1.0713924986957042,-20.233987333853634,
74.60000000000052,2.7642002663879093,4.000001312267642,-0.11428571428571832,0.125,0.1428571428571428,3.2384869498466617,4.640043211102699,-2.2085282796175534,0.0,4.213429605215424e-12,9.04426603897828,1.0713924986957042,-20.233966336627397,
74.80000000000052,2.7642002663879093,4.000001312267642,-0.1071428571428612,0.125,0.1428571428571428,3.2384869498466617,4.640043211102699,-2.208528279616946,0.0,3.0346392065894177e-12,9.04426603897828,1.0713924986957042,-20.233946605999858,
75.00000000000053,2.7642002663879093,4.000001312267642,-0.10000000000000409,0.125,0.1428571428571428,3.2384869498466617,4.640043211102699,-2.208528279616509,0.0,2.184119551884578e-12,9.04426603897828,1.0713924986957042,-20.233928144951257,
75.20000000000053,2.7642002663879093,4.000001312267642,-0.09285714285714697,0.125,0.1428571428571428,3.2384869498466617,4.640043211102699,-2.2085282796161945,0.0,1.5723422563951317e-12,9.04426603897828,1.0713924986957042,-20.233910951991472,
75.40000000000053,2.7642002663879093,4.000001312267642,-0.08571428571428985,0.125,0.1428571428571428,3.2384869498466617,4.640043211102699,-2.208528279615969,0.0,1.1321610315917495e-12,9.04426603897828,1.0713924986957042,-20.23389502861062,
75.60000000000053,2.7642002663879093,4.000001312267642,-0.07857142857143273,0.125,0.1428571428571428,3.2384869498466617,4.640043211102699,-2.2085282796158054,0.0,8.16324785546385e-13,9.04426603897828,1.0713924986957042,-20.233880377788932,
75.80000000000054,2.7642002663879093,4.000001312267642,-0.07142857142857562,0.125,0.1428571428571428,3.2384869498466617,4.640043211102699,-2.208528279615688,0.0,5.875300246316328e-13,9.04426603897828,1.0713924986957042,-20.23386699654618,
76.00000000000054,2.7642002663879093,4.000001312267642,-0.0642857142857185,0.125,0.1428571428571428,3.2384869498466617,4.640043211102699,-2.208528279615603,0.0,4.233946526710497e-13,9.04426603897828,1.0713924986957042,-20.23385488935271,
76.20000000000054,2.7642002663879093,4.000001312267642,-0.05714285714286138,0.125,0.1428571428571428,3.2384869498466617,4.640043211102699,-2.2085282796155425,0.0,3.0402347306335283e-13,9.04426603897828,1.0713924986957042,-20.233844054718407,
76.40000000000055,2.7642002663879093,4.000001312267642,-0.05000000000000426,0.125,0.1428571428571428,3.2384869498466617,4.640043211102699,-2.208528279615498,0.0,2.1946888750790094e-13,9.04426603897828,1.0713924986957042,-20.23383449264327,
76.60000000000055,2.7642002663879093,4.000001312267642,-0.042857142857147146,0.125,0.1428571428571428,3.2384869498466617,4.640043211102699,-2.208528279615466,0.0,1.5729639812889217e-13,9.04426603897828,1.0713924986957042,-20.23382620461741,
76.80000000000055,2.7642002663879093,4.000001312267642,-0.03571428571429003,0.125,0.1428571428571428,3.2384869498466617,4.640043211102699,-2.208528279615443,0.0,1.1253220577600586e-13,9.04426603897828,1.0713924986957042,-20.23381919064084,
77.00000000000055,2.7642002663879093,4.000001312267642,-0.02857142857143291,0.125,0.1428571428571428,3.2384869498466617,4.640043211102699,-2.208528279615427,0.0,8.02025112989213e-14,9.04426603897828,1.0713924986957042,-20.233813452203663,
77.20000000000056,2.7642002663879093,4.000001312267642,-0.021428571428575793,0.125,0.1428571428571428,3.2384869498466617,4.640043211102699,-2.2085282796154146,0.0,5.782041512247815e-14,9.04426603897828,1.0713924986957042,-20.233808989305885,
77.40000000000056,2.7642002663879093,4.000001312267642,-0.014285714285718676,0.125,0.1428571428571428,3.2384869498466617,4.640043211102699,-2.2085282796154058,0.0,4.04121180963557e-14,9.04426603897828,1.0713924986957042,-20.23380580045739,
77.60000000000056,2.7642002663879093,4.000001312267642,-0.007142857142861558,0.125,0.1428571428571428,3.2384869498466617,4.640043211102699,-2.2085282796154004,0.0,2.7977620220553942e-14,9.04426603897828,1.0713924986957042,-20.233803887148294,
77.80000000000057,2.7642002663879093,4.000001312267642,-4.440892098500626e-15,0.125,0.1428571428571428,3.2384869498466617,4.640043211102699,-2.208528279615397,0.0,2.051692149507289e-14,9.04426603897828,1.0713924986957042,-20.233803249378592,
78.00000000000057,2.789198034311484,4.0002691557445855,0.02857142857142403,0.125,0.1428571428571428,3.2384869498466617,4.640043211102699,-2.2085282796153933,0.0,1.554312234475219e-14,9.04426603897828,1.0713924986957042,-20.26350197591344,
78.20000000000057,2.8141779481289197,4.001251014676685,0.0571428571428525,0.125,0.1428571428571428,3.2384869498466617,4.640043211102699,-2.2085282796153916,0.0,1.0569323194431489e-14,9.04426603897828,1.0713924986957042,-20.293336832006368,
78.40000000000057,2.8391196174609914,4.002946087600967,0.08571428571428097,0.125,0.1428571428571428,3.2384869498466617,4.640043211102699,-2.2085282796153898,0.0,8.08242361927114e-15,9.04426603897828,1.0713924986957042,-20.32328969039479,
78.60000000000058,2.8640026831463397,4.005352990878562,0.11428571428570944,0.125,0.1428571428571428,3.2384869498466617,4.640043211102699,-2.208528279615388,0.0,5.595524044110789e-15,9.04426603897828,1.0713924986957042,-20.353341699619683,
78.80000000000058,2.8640026831463397,4.005352990878562,0.31428571428570873,0.0,1.0,3.2384869498466617,4.640043211102699,-2.2013911981114607,0.0,0.035685407519638265,9.04426603897828,1.0713924986957042,-20.47613408565521,
79.00000000000058,2.8876931958519374,4.013335455976196,0.3428571428571372,0.125,0.1428571428571428,3.2384869498466617,4.640043211102699,-2.1889937284625027,0.0,0.06198734824479012,9.04426603897828,1.0713924986957042,-20.392112530250937,
79.20000000000059,2.9111460002156533,4.021991442850394,0.37142857142856567,0.125,0.1428571428571428,3.2384869498466617,4.640043211102699,-2.172679395703387,0.0,0.08157166379557683,9.04426603897828,1.0713924986957042,-20.43002361454526,
79.40000000000059,2.9111460002156533,4.021991442850394,0.571428571428565,0.0,1.0,3.2384869498466617,4.640043211102699,-2.1534072624044587,0.0,0.09636066649464378,9.04426603897828,1.0713924986957042,-20.55122890472412,
79.60000000000059,2.9320274941701903,4.0357363819741465,0.5999999999999934,0.125,0.1428571428571428,3.2384869498466617,4.640043211102699,-2.13953132642923,0.0,0.06937967987614417,9.04426603897828,1.0713924986957042,-20.476387676079664,
79.8000000000006,2.9525078065274593,4.050072244244611,0.6285714285714219,0.125,0.1428571428571428,3.2384869498466617,4.640043211102699,-2.1231669511226947,0.0,0.08182187653267485,9.04426603897828,1.0713924986957042,-20.520743773360643,
80.0000000000006,2.9525078065274593,4.050072244244611,0.8285714285714212,0.0,1.0,3.2384869498466617,4.640043211102699,-2.1048834609381153,0.0,0.09141745092289844,9.04426603897828,1.0713924986957042,-20.638741278648375,
80.2000000000006,2.9692071375976354,4.06867580527732,0.8571428571428497,0.125,0.1428571428571428,3.2384869498466617,4.640043211102699,-2.091719348005217,0.0,0.06582056466448724,9.04426603897828,1.0713924986957042,-20.572714939196498,
80.4000000000006,2.9692071375976354,4.06867580527732,1.057142857142849,0.0,1.0,3.2384869498466617,4.640043211102699,-2.07727381059677,0.0,0.07222768704223287,9.04426603897828,1.0713924986957042,-20.686714792251585,
80.6000000000006,2.9692071375976354,4.06867580527732,1.2571428571428482,0.0,1.0,3.2384869498466617,4.640043211102699,-2.0618410853704408,0.0,0.07716362613164618,9.04426603897828,1.0713924986957042,-20.686714792251585,
80.80000000000061,2.9766650706707094,4.092536638782598,1.2857142857142767,0.125,0.1428571428571428,3.2384869498466617,4.640043211102699,-2.050729523207483,0.0,0.05555781081478512,9.04426603897828,1.0713924986957042,-20.63178558819452,
81.00000000000061,2.9766650706707094,4.092536638782598,1.485714285714276,0.0,1.0,3.2384869498466617,4.640043211102699,-2.0396650041120825,0.0,0.0553225954770049,9.04426603897828,1.0713924986957042,-20.736222171783446,
81.20000000000061,2.9785224920668334,4.1174667436168395,1.5142857142857045,0.125,0.1428571428571428,3.2384869498466617,4.640043211102699,-2.0316985503633944,0.0,0.03983226874344403,9.04426603897828,1.0713924986957042,-20.684023213847446,
81.40000000000062,2.9785224920668334,4.1174667436168395,1.7142857142857038,0.0,1.0,3.2384869498466617,4.640043211102699,-2.025962703664339,0.0,0.028679233495280697,9.04426603897828,1.0713924986957042,-20.782665038108824,
81.60000000000062,2.97468278275014,4.142169309751805,1.7428571428571322,0.125,0.1428571428571428,3.2384869498466617,4.640043211102699,-2.0234135640066278,0.0,0.01274569828855716,9.04426603897828,1.0713924986957042,-20.730296444748433,
81.80000000000062,2.97468278275014,4.142169309751805,1.9428571428571315,0.0,1.0,3.2384869498466617,4.640043211102699,-2.021578183453075,0.0,0.00917690276776133,9.04426603897828,1.0713924986957042,-20.82310857772827,
82.00000000000063,2.97468278275014,4.142169309751805,2.142857142857131,0.0,1.0,3.2384869498466617,4.640043211102699,-2.0246125888655175,0.0,-0.015172027062216297,9.04426603897828,1.0713924986957042,-20.82310857772827,
82.20000000000063,2.9609246441619255,4.163042109369405,2.1714285714285593,0.125,0.1428571428571428,3.2384869498466617,4.640043211102699,-2.026797360762476,0.0,-0.010923859484796504,9.04426603897828,1.0713924986957042,-20.76323141850987,
82.40000000000063,2.9465758361899996,4.183513353861958,2.1999999999999877,0.125,0.1428571428571428,3.2384869498466617,4.640043211102699,-2.035547176393653,0.0,-0.04374907815588207,9.04426603897828,1.0713924986957042,-20.783896664758117,
82.60000000000063,2.9465758361899996,4.183513353861958,2.399999999999987,0.0,1.0,3.2384869498466617,4.640043211102699,-2.041847043648099,0.0,-0.03149933627223467,9.04426603897828,1.0713924986957042,-20.86624422073364,
82.80000000000064,2.927961720813771,4.200200919593649,2.4285714285714155,0.125,0.1428571428571428,3.2384869498466617,4.640043211102699,-2.046382948071301,0.0,-0.02267952211600983,9.04426603897828,1.0713924986957042,-20.794907353301436,
83.00000000000064,2.908878479792904,4.21634991502459,2.457142857142844,0.125,0.1428571428571428,3.2384869498466617,4.640043211102699,-2.060777879744034,0.0,-0.07197465836366303,9.04426603897828,1.0713924986957042,-20.798611133773715,
83.20000000000064,2.889341690223625,4.231947158198136,2.4857142857142724,0.125,0.1428571428571428,3.2384869498466617,4.640043211102699,-2.082874101692294,0.0,-0.11048110974129992,9.04426603897828,1.0713924986957042,-20.798539897282513,
83.40000000000065,2.8693672994206865,4.246979917537011,2.514285714285701,0.125,0.1428571428571428,3.2384869498466617,4.640043211102699,-2.098783381495041,0.0,-0.07954639901373577,9.04426603897828,1.0713924986957042,-20.794699565549287,
83.60000000000065,2.848971611900038,4.261435922235719,2.5428571428571294,0.125,0.1428571428571428,3.2384869498466617,4.640043211102699,-2.123073160965287,0.0,-0.12144889735123118,9.04426603897828,1.0713924986957042,-20.787137841661366,
83.80000000000065,2.828171276069921,4.275303372276855,2.571428571428558,0.125,0.1428571428571428,3.2384869498466617,4.640043211102699,-2.1535562428452923,0.0,-0.15241540940002574,9.04426603897828,1.0713924986957042,-20.77594155766526,
84.00000000000065,2.806983270641258,4.288570948063109,2.5999999999999863,0.125,0.1428571428571428,3.2384869498466617,4.640043211102699,-2.1885409919235475,0.0,-0.17492374539127206,9.04426603897828,1.0713924986957042,-20.761232755561263,
84.20000000000066,2.785424890768422,4.30122781965713,2.628571428571415,0.125,0.1428571428571428,3.2384869498466617,4.640043211102699,-2.22669078598571,0.0,-0.19074897031080862,9.04426603897828,1.0713924986957042,-20.743162844558153,
84.40000000000066,2.763513733931704,4.3132636556216895,2.6571428571428433,0.125,0.1428571428571428,3.2384869498466617,4.640043211102699,-2.2669278139068574,0.0,-0.20118513960573425,9.04426603897828,1.0713924986957042,-20.721906621237192,
84.60000000000066,2.741267685573,4.3246686314529335,2.6857142857142717,0.125,0.1428571428571428,3.2384869498466617,4.640043211102699,-2.308368473642913,0.0,-0.20720329868028242,9.04426603897828,1.0713924986957042,-20.69765478022853,
84.80000000000067,2.7187049044964424,4.335433437599837,2.7142857142857,0.125,0.1428571428571428,3.2384869498466617,4.640043211102699,-2.3502807385007927,0.0,-0.20956132428939733,9.04426603897828,1.0713924986957042,-20.670608649630935,
85.00000000000067,2.695843808045898,4.345549287063325,2.7428571428571287,0.125,0.1428571428571428,3.2384869498466617,4.640043211102699,-2.392056244015043,0.0,-0.20887752757125388,9.04426603897828,1.0713924986957042,-20.640973525722416,
85.20000000000067,2.6727030570714203,4.355007922568843,2.771428571428557,0.125,0.1428571428571428,3.2384869498466617,4.640043211102699,-2.4331917447150087,0.0,-0.20567750349982805,9.04426603897828,1.0713924986957042,-20.60895484336177,
85.40000000000067,2.5798721700338714,4.392180340736706,2.7428571428571287,0.5,-0.1428571428571429,3.2384869498466617,4.640043211102699,-2.4732761314573715,0.0,-0.2004219337118134,9.04426603897828,1.0713924986957042,-20.53984434105912,
85.60000000000068,2.488141095174017,4.4319895377353955,2.7142857142857,0.5,-0.1428571428571429,3.2384869498466617,4.640043211102699,-2.511980445038514,0.0,-0.1935215679057095,9.04426603897828,1.0713924986957042,-20.389272678871546,
85.80000000000068,2.3975847099080374,4.4744030184718815,2.6857142857142717,0.5,-0.1428571428571429,3.2384869498466617,4.640043211102699,-2.549049295661707,0.0,-0.18534425311596647,9.04426603897828,1.0713924986957042,0.26825262806853467,
86.00000000000068,2.308276932787064,4.519386162051841,2.6571428571428433,0.5,-0.1428571428571429,3.2384869498466617,4.640043211102699,-2.58429281937115,0.0,-0.1762176185472188,9.04426603897828,1.0713924986957042,0.2788737823768538,
86.20000000000068,2.2202906631596084,4.566902250039694,2.628571428571415,0.5,-0.1428571428571429,3.2384869498466617,4.640043211102699,-2.6395522682009336,0.0,-0.2762972441489198,9.04426603897828,1.0713924986957042,-0.3859816024498064,
86.40000000000069,2.1570609888574457,4.6071271848909126,2.4857142857142724,0.375,-0.7142857142857143,3.2384869498466617,4.640043211102699,-2.7043886393952885,0.0,-0.3241818559717779,9.04426603897828,1.0713924986957042,-0.5295403947331467,
86.60000000000069,2.100202312334994,4.65594447691185,2.34285714285713,0.375,-0.7142857142857143,3.1560227446640496,4.60403303788654,-2.7723487879129216,0.45,-0.33980074258816795,9.04426603897828,1.0713924986957042,-0.47420041609783564,
86.8000000000007,2.050873042650422,4.71235954802347,2.1999999999999877,0.375,-0.7142857142857143,3.0712214547223287,4.573947618236718,-2.8478716101137866,0.45,-0.3776141110043223,9.04426603897828,1.0713924986957042,-0.4127336566545525,
87.0000000000007,2.010078188649,4.775223026953172,2.0571428571428454,0.375,-0.7142857142857143,2.984355404041329,4.550490258088907,-2.9277952667276956,0.45,-0.39961828306954184,9.04426603897828,1.0713924986957042,0.1544405589602431,
87.2000000000007,1.9786488834363898,4.843254165926402,1.914285714285703,0.375,-0.7142857142857143,2.895899025915496,4.534012385098764,-3.0067975906734574,0.45,-0.39501161972880927,9.04426603897828,1.0713924986957042,0.22642193089942542,
87.4000000000007,1.9572254513056813,4.91506693395468,1.7714285714285607,0.375,-0.7142857142857143,2.8064141942286365,4.52461114125127,-3.087116043830111,0.45,-0.4015922657832675,9.04426603897828,1.0713924986957042,0.3018437194428882,
87.6000000000007,1.9462443621037842,4.989198255108981,1.6285714285714183,0.375,-0.7142857142857143,2.8064141942286365,4.52461114125127,3.112618466228181,0.0,-0.4172539856064752,9.04426603897828,1.0713924986957042,0.22511448737005796,
87.80000000000071,1.9459293388221233,5.064137816466614,1.485714285714276,0.375,-0.7142857142857143,2.7165861959249042,4.529822122774452,3.0353610498905113,0.45,-0.3862870816883484,9.04426603897828,1.0713924986957042,0.3142875059298715,
88.00000000000071,1.9562867995809454,5.138358838439987,1.3428571428571336,0.375,-0.7142857142857143,2.627456390870552,4.542132643963468,2.952643609180541,0.45,-0.41358720354984313,9.04426603897828,1.0713924986957042,0.3949257190363026,
88.20000000000071,1.9799254933052635,5.235521456867202,1.3142857142857052,0.5,-0.1428571428571429,2.627456390870552,4.542132643963468,2.863375469165792,0.0,-0.4463407000737478,9.04426603897828,1.0713924986957042,0.352022691401748,
88.40000000000072,2.00279251073502,5.30688767163308,1.1714285714285628,0.375,-0.7142857142857143,2.5417700115156494,4.569579023055151,2.7786586934312467,0.45,-0.4235838786727236,9.04426603897828,1.0713924986957042,0.38310632582525816,
88.60000000000072,2.0355871192588015,5.374271280529564,1.0285714285714205,0.375,-0.7142857142857143,2.5417700115156494,4.569579023055151,2.6863021379618814,0.0,-0.4617827773468131,9.04426603897828,1.0713924986957042,0.31782455321173275,
88.80000000000072,2.0776411786050333,5.436299445008661,0.8857142857142781,0.375,-0.7142857142857143,2.4623180036005223,4.611797938896828,2.597923607437288,0.45,-0.4418926526229732,9.04426603897828,1.0713924986957042,0.40861976694087593,
89.00000000000072,2.141738820444098,5.513051347729673,0.8571428571428497,0.5,-0.1428571428571429,2.4623180036005223,4.611797938896828,2.4946560122909816,0.0,-0.5163379757315235,9.04426603897828,1.0713924986957042,0.37483650646647626,
89.20000000000073,2.193757848568413,5.56699629938545,0.7142857142857073,0.375,-0.7142857142857143,2.3925089186673056,4.668551506988176,2.3995346465454617,0.45,-0.475606828727588,9.04426603897828,1.0713924986957042,0.3972946162126502,
89.40000000000073,2.2700090707224008,5.631688751654999,0.6857142857142788,0.5,-0.1428571428571429,2.3925089186673056,4.668551506988176,2.2985955542509586,0.0,-0.5046954614725232,9.04426603897828,1.0713924986957042,0.35868224404296095,
89.60000000000073,2.3304680853102577,5.675969048076857,0.5428571428571365,0.375,-0.7142857142857143,2.335084972259283,4.73781046913369,2.203787432691339,0.45,-0.4740406077980976,9.04426603897828,1.0713924986957042,0.3699938396714172,
89.80000000000074,2.3966154820601484,5.711190618163311,0.39999999999999414,0.375,-0.7142857142857143,2.335084972259283,4.73781046913369,2.094986174865941,0.0,-0.5440062891270008,9.04426603897828,1.0713924986957042,0.3029079193971595,
90.00000000000074,2.467103608366421,5.736635875992095,0.2571428571428518,0.375,-0.7142857142857143,2.292993220035276,4.817321605261043,1.995482218902353,0.45,-0.4975197798179391,9.04426603897828,1.0713924986957042,0.38857580374698253,
90.20000000000074,2.564079498563248,5.761029296850141,0.22857142857142332,0.5,-0.1428571428571429,2.2593712603213754,4.90075881646141,1.8844706030753215,0.45,-0.5550580791351667,9.04426603897828,1.0713924986957042,0.5048442473216933,
90.40000000000074,2.661712669518391,5.782642399123266,0.19999999999999485,0.5,-0.1428571428571429,2.2593712603213754,4.90075881646141,1.7710338151180238,0.0,-0.5671839397864828,9.04426603897828,1.0713924986957042,0.3924036850734633,
90.60000000000075,2.73537073695894,5.7967537552779715,0.17142857142856638,0.375,-0.1428571428571429,2.2448966415025735,4.989549407734312,1.6679957886737498,0.45,-0.5151901322213759,9.04426603897828,1.0713924986957042,0.4220274885698241,
90.80000000000075,2.8094018686793354,5.808755122191741,0.1428571428571379,0.375,-0.1428571428571429,2.2448966415025735,4.989549407734312,1.5598323288357463,0.0,-0.5408172991900244,9.04426603897828,1.0713924986957042,0.3221479242249411,
91.00000000000075,2.8837456352136774,5.818636703496806,0.11428571428570944,0.375,-0.1428571428571429,2.249482848135185,5.07939235552435,1.4530625643610193,0.45,-0.5338488223736423,9.04426603897828,1.0713924986957042,0.36455965540847,
91.20000000000076,2.958341351901336,5.826390433144918,0.08571428571428097,0.375,-0.1428571428571429,2.2639065548531367,5.168181543035871,1.3375735885080324,0.45,-0.5774448792649302,9.04426603897828,1.0713924986957042,0.3997968887492102,
91.40000000000076,3.033128128422076,5.8320099819914235,0.0571428571428525,0.375,-0.1428571428571429,2.2639065548531367,5.168181543035871,1.2226856603284126,0.0,-0.574439640898105,9.04426603897828,1.0713924986957042,-0.2179705689148027,
91.60000000000076,3.1080449184990626,5.835490762961568,0.02857142857142403,0.375,-0.1428571428571429,2.29774591528461,5.251539602309719,1.122642771405502,0.45,-0.5002144446145553,9.04426603897828,1.0713924986957042,0.31727020494183716,
91.80000000000076,3.1830305697291648,5.836829934794791,-4.440892098500626e-15,0.375,-0.1428571428571429,2.339711308141151,5.331117885634558,1.0236246759141814,0.45,-0.4950904774566071,9.04426603897828,1.0713924986957042,0.3488869105978888,
92.00000000000077,3.258023873499889,5.83602640436396,-0.02857142857143291,0.375,-0.1428571428571429,2.339711308141151,5.331117885634558,0.9260389043154795,0.0,-0.48792885799351304,9.04426603897828,1.0713924986957042,-0.27972264089146437,
92.20000000000077,3.3329636149521953,5.833080827567662,-0.05714285714286138,0.375,-0.1428571428571429,2.396028245326038,5.40128856675983,0.8419079858763721,0.45,-0.42065459219553086,9.04426603897828,1.0713924986957042,-0.24644097187081163,
92.40000000000077,3.4077886229484107,5.827995608794816,-0.08571428571428985,0.375,-0.1428571428571429,2.4580010158404098,5.466519537654593,0.7595042727681673,0.45,-0.41201856554102345,9.04426603897828,1.0713924986957042,-0.21502867140332046,
92.60000000000078,3.4820030816389305,5.8175912242663825,-0.2285714285714322,0.375,-0.7142857142857143,2.5250894317121166,5.526478276839049,0.6790625137562203,0.45,-0.4022087950597365,9.04426603897828,1.0713924986957042,-0.2287511398293534,
92.80000000000078,3.553980246744937,5.796726785633988,-0.37142857142857455,0.375,-0.7142857142857143,2.5250894317121166,5.526478276839049,0.6008175283291615,0.0,-0.3912249271352918,9.04426603897828,1.0713924986957042,-0.3540484284259835,
93.00000000000078,3.6235681032782487,5.768759456574876,-0.400000000000003,0.375,-0.1428571428571429,2.600563578708652,5.57547665526607,0.5341517597346415,0.45,-0.33332884297259874,9.04426603897828,1.0713924986957042,-0.25950321950474564,
93.20000000000078,3.6923286007045033,5.738815587998898,-0.4285714285714315,0.375,-0.1428571428571429,2.6791021587044153,5.619397550645511,0.46947954064275343,0.45,-0.32336109545944136,9.04426603897828,1.0713924986957042,-0.21763494708100142,
93.40000000000079,3.7602056118237273,5.706919622217593,-0.45714285714285996,0.375,-0.1428571428571429,2.7603011798096295,5.658180951637158,0.40578776880135337,0.45,-0.318458859206999,9.04426603897828,1.0713924986957042,-0.1792529637412149,
93.60000000000079,3.825583132081996,5.670288802665992,-0.6000000000000023,0.375,-0.7142857142857143,2.843822767964383,5.691669038994175,0.34055684843359657,0.45,-0.3261546018387813,9.04426603897828,1.0713924986957042,0.30949239533166495,
93.8000000000008,3.8850794754254774,5.62472322108409,-0.7428571428571447,0.375,-0.7142857142857143,2.843822767964383,5.691669038994175,0.2727937831510836,0.0,-0.33881532641256284,9.04426603897828,1.0713924986957042,-0.31539476115484627,
94.0000000000008,3.9397714651448887,5.573406288867391,-0.7714285714285731,0.375,-0.1428571428571429,2.9310127522887153,5.713930317395319,0.21195351873245727,0.45,-0.30420132209313067,9.04426603897828,1.0713924986957042,-0.2173130894497949,
94.2000000000008,3.9906226757967698,5.518359113904634,-0.9142857142857155,0.375,-0.7142857142857143,3.019400135173524,5.730819978755503,0.15023923394454108,0.45,-0.3085714239395849,9.04426603897828,1.0713924986957042,0.278231174757286,
94.4000000000008,4.033118716890141,5.456632915353833,-1.0571428571428578,0.375,-0.7142857142857143,3.1086660498110223,5.742181364323998,0.0871881953637974,0.45,-0.3152551929037223,9.04426603897828,1.0713924986957042,0.3257503698370895,
94.6000000000008,4.066393796219666,5.3894852706315035,-1.2000000000000006,0.375,-0.7142857142857143,3.1086660498110223,5.742181364323998,0.02073504984906016,0.0,-0.33226572757369,9.04426603897828,1.0713924986957042,-0.2877492432691613,
94.80000000000081,4.0897699846518485,5.318284210874464,-1.3428571428571439,0.375,-0.7142857142857143,3.198652301922159,5.741958311749879,-0.04116837773886317,0.45,-0.30951713793961816,9.04426603897828,1.0713924986957042,0.27114986430625526,
95.00000000000081,4.1113213545609435,5.220637394665916,-1.3714285714285723,0.5,-0.1428571428571429,3.288442842420361,5.736047088847457,-0.10668899355634665,0.45,-0.32760307908742153,9.04426603897828,1.0713924986957042,0.3624215116306227,
95.20000000000081,4.130074399120346,5.122414761936092,-1.4000000000000008,0.5,-0.1428571428571429,3.288442842420361,5.736047088847457,-0.17732484017500383,0.0,-0.3531792330932892,9.04426603897828,1.0713924986957042,-0.2834780225948412,
95.40000000000082,4.1388391532262165,5.04798885124898,-1.542857142857144,0.375,-0.7142857142857143,3.3765842741590206,5.717931113390794,-0.24501880022982547,0.45,-0.33846980027410667,9.04426603897828,1.0713924986957042,-0.3029036847152272,
95.60000000000082,4.140561502950393,4.948006874012818,-1.5714285714285725,0.5,-0.1428571428571429,3.4632343820678826,5.693677132359312,-0.31942883006100153,0.45,-0.37205014915587886,9.04426603897828,1.0713924986957042,-0.23537358738938158,
95.80000000000082,4.139426910442468,4.848016499673756,-1.600000000000001,0.5,-0.1428571428571429,3.5476881229383257,5.662648668540851,-0.40653256055203,0.45,-0.4355186524551444,9.04426603897828,1.0713924986957042,-0.24016328551331345,
96.00000000000082,4.135436301837402,4.748099347474618,-1.6285714285714294,0.5,-0.1428571428571429,3.5476881229383257,5.662648668540851,-0.5021063694463006,0.0,-0.4778690444713542,9.04426603897828,1.0713924986957042,-0.4066588024095613,
96.20000000000083,4.128592934553269,4.648336976889116,-1.657142857142858,0.5,-0.1428571428571429,3.625141028770942,5.616861116345087,-0.5868863296200857,0.45,-0.42389980086892487,9.04426603897828,1.0713924986957042,-0.4216299945906717,
96.40000000000083,4.118902394632325,4.548810821047221,-1.6857142857142864,0.5,-0.1428571428571429,3.698300209227437,5.564493004139868,-0.6785452839491342,0.45,-0.458294771645247,9.04426603897828,1.0713924986957042,-0.4433668995694238,
96.60000000000083,4.1063725921812795,4.449602120263658,-1.7142857142857149,0.5,-0.1428571428571429,3.7662766659566747,5.505556979217549,-0.7738503721064163,0.45,-0.47652544078641096,9.04426603897828,1.0713924986957042,-0.4697192208328265,
96.80000000000084,4.091013754914504,4.350791855723796,-1.7428571428571433,0.5,-0.1428571428571429,3.8283147620322295,5.440400061851713,-0.870018040252555,0.45,-0.4808383407306969,9.04426603897828,1.0713924986957042,-0.4989008943037111,
97.00000000000084,4.072838419805448,4.252460683381054,-1.7714285714285718,0.5,-0.1428571428571429,3.883847967711096,5.369616003525864,-0.9647728849876707,0.45,-0.47377422367557526,9.04426603897828,1.0713924986957042,-0.5295323225156385,
97.20000000000084,4.051861422853073,4.15468886811978,-1.8000000000000003,0.5,-0.1428571428571429,3.932525831012537,5.293951228679582,-1.056365689323684,0.45,-0.45796402168006617,9.04426603897828,1.0713924986957042,-0.5606179276899416,
97.40000000000084,4.028099886971651,4.057556218237361,-1.8285714285714287,0.5,-0.1428571428571429,3.9742121285428644,5.21421764987942,-1.1435503684052508,0.45,-0.4359233954078375,9.04426603897828,1.0713924986957042,-0.591488865991028,
97.60000000000085,4.01518088977013,4.009254379517829,-1.85,0.5,-0.1428571428571429,4.008960598260243,5.13122191641114,-1.2255302318502779,0.45,-0.40989931722513384,9.04426603897828,1.0713924986957042,-0.5232711533502656,
97.80000000000085,4.01518088977013,4.009254379517829,-1.8571428571428572,0.5,-0.1428571428571429,4.036977338898102,5.045715347273523,-1.3018870612986826,0.45,-0.3817841472420257,9.04426603897828,1.0713924986957042,-0.35336847998658005,
98.00000000000085,4.01518088977013,4.009254379517829,-1.8642857142857143,0.5,-0.1428571428571429,4.058578524812686,4.958364139569883,-1.372504851933414,0.45,-0.3530889531736552,9.04426603897828,1.0713924986957042,0.31912378273448166,
98.20000000000086,4.01518088977013,4.009254379517829,-1.8714285714285714,0.5,-0.1428571428571429,4.07414992524911,4.869736497853229,-1.4374965906215371,0.45,-0.3249586934406176,9.04426603897828,1.0713924986957042,0.3436437209649962,
98.40000000000086,4.01518088977013,4.009254379517829,-1.85,0.5,0.4285714285714284,4.0842182367057935,4.7803127288705305,-1.4939790260105454,0.45,-0.2824121769450425,9.04426603897828,1.0713924986957042,-20.34734242540233,
98.60000000000086,4.0134584507274775,4.0032464094992335,-1.8357142857142859,0.125,0.1428571428571428,4.0842182367057935,4.7803127288705305,-1.5404912295012771,0.0,-0.2325610174536593,9.04426603897828,1.0713924986957042,-20.297997559835107,
98.80000000000086,4.0134584507274775,4.0032464094992335,-1.8285714285714287,0.125,0.1428571428571428,4.0842182367057935,4.7803127288705305,-1.5739800160146038,0.0,-0.16744393256663492,9.04426603897828,1.0713924986957042,-20.297825001408253,
99.00000000000087,4.0134584507274775,4.0032464094992335,-1.8214285714285716,0.125,0.1428571428571428,4.0842182367057935,4.7803127288705305,-1.5980919423041995,0.0,-0.12055963144797763,9.04426603897828,1.0713924986957042,-20.2976521222339,
99.20000000000087,4.0134584507274775,4.0032464094992335,-1.8142857142857145,0.125,0.1428571428571428,4.0842182367057935,4.7803127288705305,-1.615452529232708,0.0,-0.08680293464254367,9.04426603897828,1.0713924986957042,-20.297478924919755,
99.40000000000087,4.0134584507274775,4.0032464094992335,-1.8071428571428574,0.125,0.1428571428571428,4.0842182367057935,4.7803127288705305,-1.6283755139553044,0.0,-0.06461492361298209,9.04426603897828,1.0713924986957042,-20.297305424366982,
99.60000000000088,4.0134584507274775,4.0032464094992335,-1.8000000000000003,0.125,0.1428571428571428,4.0842182367057935,4.7803127288705305,-1.637680062955574,0.0,-0.04652274500134705,9.04426603897828,1.0713924986957042,-20.29713162355581,
99.80000000000088,4.0134584507274775,4.0032464094992335,-1.7928571428571431,0.125,0.1428571428571428,4.0842182367057935,4.7803127288705305,-1.6443793382357674,0.0,-0.03349637640096983,9.04426603897828,1.0713924986957042,-20.29695753440717,
100.00000000000088,4.0134584507274775,4.0032464094992335,-1.785714285714286,0.125,0.1428571428571428,4.0842182367057935,4.7803127288705305,-1.649202816437507,0.0,-0.024117391008698873,9.04426603897828,1.0713924986957042,-20.29678316846946,
100.20000000000088,4.0134584507274775,4.0032464094992335,-1.778571428571429,0.125,0.1428571428571428,4.0842182367057935,4.7803127288705305,-1.6526757207427594,0.0,-0.017364521526263485,9.04426603897828,1.0713924986957042,-20.296608529095444,
100.40000000000089,4.0134584507274775,4.0032464094992335,-1.7714285714285718,0.125,0.1428571428571428,4.0842182367057935,4.7803127288705305,-1.655176211842541,0.0,-0.012502455498910159,9.04426603897828,1.0713924986957042,-20.29643362783352,
100.60000000000089,4.0134584507274775,4.0032464094992335,-1.7642857142857147,0.125,0.1428571428571428,4.0842182367057935,4.7803127288705305,-1.6569765654343842,0.0,-0.009001767959215812,9.04426603897828,1.0713924986957042,-20.29625847697714,
100.80000000000089,4.0134584507274775,4.0032464094992335,-1.7571428571428576,0.125,0.1428571428571428,4.0842182367057935,4.7803127288705305,-1.6582728200205115,0.0,-0.0064812729306353845,9.04426603897828,1.0713924986957042,-20.29608307876149,
101.0000000000009,4.0134584507274775,4.0032464094992335,-1.7500000000000004,0.125,0.1428571428571428,4.0842182367057935,4.7803127288705305,-1.6592061233225233,0.0,-0.004666516510057228,9.04426603897828,1.0713924986957042,-20.29590744622508,
101.2000000000009,4.0134584507274775,4.0032464094992335,-1.7428571428571433,0.125,0.1428571428571428,4.0842182367057935,4.7803127288705305,-1.6598781016999713,0.0,-0.0033598918872407065,9.04426603897828,1.0713924986957042,-20.29573159017125,
101.4000000000009,4.0134584507274775,4.0032464094992335,-1.7357142857142862,0.125,0.1428571428571428,4.0842182367057935,4.7803127288705305,-1.6603619261317342,0.0,-0.002419122158813458,9.04426603897828,1.0713924986957042,-20.295555514325294,
101.6000000000009,4.0134584507274775,4.0032464094992335,-1.728571428571429,0.125,0.1428571428571428,4.0842182367057935,4.7803127288705305,-1.6607102797226034,0.0,-0.001741767954345441,9.04426603897828,1.0713924986957042,-20.29537923321584,
101.8000000000009,4.0134584507274775,4.0032464094992335,-1.721428571428572,0.125,0.1428571428571428,4.0842182367057935,4.7803127288705305,-1.6609610943080295,0.0,-0.0012540729271284688,9.04426603897828,1.0713924986957042,-20.295202750195653,
102.00000000000091,4.0134584507274775,4.0032464094992335,-1.7142857142857149,0.125,0.1428571428571428,4.0842182367057935,4.7803127288705305,-1.6611416808095358,0.0,-0.0009029325075319504,9.04426603897828,1.0713924986957042,-20.295026077185664,
102.20000000000091,4.0134584507274775,4.0032464094992335,-1.7071428571428577,0.125,0.1428571428571428,4.0842182367057935,4.7803127288705305,-1.6612717030906208,0.0,-0.0006501114054231038,9.04426603897828,1.0713924986957042,-20.294849226106795,
102.40000000000092,4.0134584507274775,4.0032464094992335,-1.7000000000000006,0.125,0.1428571428571428,4.0842182367057935,4.7803127288705305,-1.661365319133002,0.0,-0.0004680802119041871,9.04426603897828,1.0713924986957042,-20.294672200311812,
102.60000000000092,4.0134584507274775,4.0032464094992335,-1.6928571428571435,0.125,0.1428571428571428,4.0842182367057935,4.7803127288705305,-1.6614327226835164,0.0,-0.0003370177525704676,9.04426603897828,1.0713924986957042,-20.294495011349113,
102.80000000000092,4.0134584507274775,4.0032464094992335,-1.6857142857142864,0.125,0.1428571428571428,4.0842182367057935,4.7803127288705305,-1.6614812532398864,0.0,-0.00024265278185033878,9.04426603897828,1.0713924986957042,-20.294317671325896,
103.00000000000092,4.0134584507274775,4.0032464094992335,-1.6785714285714293,0.125,0.1428571428571428,4.0842182367057935,4.7803127288705305,-1.6615161952404727,0.0,-0.0001747100029323434,9.04426603897828,1.0713924986957042,-20.294140183594916,
103.20000000000093,4.0134584507274775,4.0032464094992335,-1.6714285714285722,0.125,0.1428571428571428,4.0842182367057935,4.7803127288705305,-1.6615413534808952,0.0,-0.00012579120211153594,9.04426603897828,1.0713924986957042,-20.29396256287107,
103.40000000000093,4.0134584507274775,4.0032464094992335,-1.664285714285715,0.125,0.1428571428571428,4.0842182367057935,4.7803127288705305,-1.6615594674139988,0.0,-9.056966552005717e-05,9.04426603897828,1.0713924986957042,-20.293784812507123,
103.60000000000093,4.0134584507274775,4.0032464094992335,-1.657142857142858,0.125,0.1428571428571428,4.0842182367057935,4.7803127288705305,-1.6615725094458338,0.0,-6.521015917488881e-05,9.04426603897828,1.0713924986957042,-20.293606944424006,
103.80000000000094,4.0134584507274775,4.0032464094992335,-1.6500000000000008,0.125,0.1428571428571428,4.0842182367057935,4.7803127288705305,-1.6615818997087548,0.0,-4.6951314605969685e-05,9.04426603897828,1.0713924986957042,-20.293428970728908,
104.00000000000094,4.0134584507274775,4.0032464094992335,-1.6428571428571437,0.125,0.1428571428571428,4.0842182367057935,4.7803127288705305,-1.6615886606980583,0.0,-3.380494651654686e-05,9.04426603897828,1.0713924986957042,-20.293250894588322,
104.20000000000094,4.0134584507274775,4.0032464094992335,-1.6357142857142866,0.125,0.1428571428571428,4.0842182367057935,4.7803127288705305,-1.6615935286103565,0.0,-2.4339561491615314e-05,9.04426603897828,1.0713924986957042,-20.293072727736924,
104.40000000000094,4.0134584507274775,4.0032464094992335,-1.6285714285714294,0.125,0.1428571428571428,4.0842182367057935,4.7803127288705305,-1.661597033507211,0.0,-1.7524484274211715e-05,9.04426603897828,1.0713924986957042,-20.292894482747556,
104.60000000000095,4.0134584507274775,4.0032464094992335,-1.6214285714285723,0.125,0.1428571428571428,4.0842182367057935,4.7803127288705305,-1.661599557032947,0.0,-1.2617628677880077e-05,9.04426603897828,1.0713924986957042,-20.292716162414195,
104.80000000000095,4.0134584507274775,4.0032464094992335,-1.6142857142857152,0.125,0.1428571428571428,4.0842182367057935,4.7803127288705305,-1.6616013739714763,0.0,-9.084692647576274e-06,9.04426603897828,1.0713924986957042,-20.292537781917396,
105.00000000000095,4.0134584507274775,4.0032464094992335,-1.607142857142858,0.125,0.1428571428571428,4.0842182367057935,4.7803127288705305,-1.6616026821672174,0.0,-6.540978706404132e-06,9.04426603897828,1.0713924986957042,-20.292359344423655,
105.20000000000095,4.0134584507274775,4.0032464094992335,-1.600000000000001,0.125,0.1428571428571428,4.0842182367057935,4.7803127288705305,-1.6616036240681515,0.0,-4.709504668909403e-06,9.04426603897828,1.0713924986957042,-20.2921808618539,
105.40000000000096,4.0134584507274775,4.0032464094992335,-1.5928571428571439,0.125,0.1428571428571428,4.0842182367057935,4.7803127288705305,-1.6616043022368239,0.0,-3.39084336111739e-06,9.04426603897828,1.0713924986957042,-20.292002346455025,
105.60000000000096,4.0134584507274775,4.0032464094992335,-1.5857142857142867,0.125,0.1428571428571428,4.0842182367057935,4.7803127288705305,-1.6616047905182676,0.0,-2.441407219855307e-06,9.04426603897828,1.0713924986957042,-20.291823801393527,
105.80000000000096,4.0134584507274775,4.0032464094992335,-1.5785714285714296,0.125,0.1428571428571428,4.0842182367057935,4.7803127288705305,-1.661605142080907,0.0,-1.757813198643987e-06,9.04426603897828,1.0713924986957042,-20.291645238625257,
106.00000000000097,4.0134584507274775,4.0032464094992335,-1.5714285714285725,0.125,0.1428571428571428,4.0842182367057935,4.7803127288705305,-1.6616053952060075,0.0,-1.2656255034215745e-06,9.04426603897828,1.0713924986957042,-20.29146667031489,
106.20000000000097,4.0134584507274775,4.0032464094992335,-1.5642857142857154,0.125,0.1428571428571428,4.0842182367057935,4.7803127288705305,-1.6616055774560803,0.0,-9.112503628116996e-07,9.04426603897828,1.0713924986957042,-20.291288099607822,
106.40000000000097,4.0134584507274775,4.0032464094992335,-1.5571428571428583,0.125,0.1428571428571428,4.0842182367057935,4.7803127288705305,-1.6616057086761329,0.0,-6.561002608762578e-07,9.04426603897828,1.0713924986957042,-20.291109541566016,
106.60000000000097,4.0134584507274775,4.0032464094992335,-1.5500000000000012,0.125,0.1428571428571428,4.0842182367057935,4.7803127288705305,-1.6616058031545704,0.0,-4.723921872340497e-07,9.04426603897828,1.0713924986957042,-20.29093099934505,
106.80000000000098,4.0134584507274775,4.0032464094992335,-1.542857142857144,0.125,0.1428571428571428,4.0842182367057935,4.7803127288705305,-1.6616058711790453,0.0,-3.4012237470903983e-07,9.04426603897828,1.0713924986957042,-20.290752485017197,
107.00000000000098,4.0134584507274775,4.0032464094992335,-1.535714285714287,0.125,0.1428571428571428,4.0842182367057935,4.7803127288705305,-1.6616059201566673,0.0,-2.448881097905087e-07,9.04426603897828,1.0713924986957042,-20.29057401078278,
107.20000000000098,4.0134584507274775,4.0032464094992335,-1.5285714285714298,0.125,0.1428571428571428,4.0842182367057935,4.7803127288705305,-1.6616059554205551,0.0,-1.7631943904916625e-07,9.04426603897828,1.0713924986957042,-20.290395579622032,
107.40000000000099,4.0134584507274775,4.0032464094992335,-1.5214285714285727,0.125,0.1428571428571428,4.0842182367057935,4.7803127288705305,-1.6616059808105546,0.0,-1.2694999611539968e-07,9.04426603897828,1.0713924986957042,-20.290217203688712,
107.60000000000099,4.0134584507274775,4.0032464094992335,-1.5142857142857156,0.125,0.1428571428571428,4.0842182367057935,4.7803127288705305,-1.6616059990913536,0.0,-9.140399690465983e-08,9.04426603897828,1.0713924986957042,-20.290038894996883,
107.80000000000099,4.0134584507274775,4.0032464094992335,-1.5071428571428584,0.125,0.1428571428571428,4.0842182367057935,4.7803127288705305,-1.661606012253529,0.0,-6.581087816925901e-08,9.04426603897828,1.0713924986957042,-20.289860656899304,
108.000000000001,4.0134584507274775,4.0032464094992335,-1.5000000000000013,0.125,0.1428571428571428,4.0842182367057935,4.7803127288705305,-1.661606021730296,0.0,-4.738383267977042e-08,9.04426603897828,1.0713924986957042,-20.289682501223776,
108.200000000001,4.0134584507274775,4.0032464094992335,-1.4928571428571442,0.125,0.1428571428571428,4.0842182367057935,4.7803127288705305,-1.6616060285535676,0.0,-3.4116358982316795e-08,9.04426603897828,1.0713924986957042,-20.289504440170617,
108.400000000001,4.0134584507274775,4.0032464094992335,-1.485714285714287,0.125,0.1428571428571428,4.0842182367057935,4.7803127288705305,-1.6616060334663232,0.0,-2.4563778566744077e-08,9.04426603897828,1.0713924986957042,-20.289326476720067,
108.600000000001,4.0134584507274775,4.0032464094992335,-1.47857142857143,0.125,0.1428571428571428,4.0842182367057935,4.7803127288705305,-1.661606037003507,0.0,-1.768592081674569e-08,9.04426603897828,1.0713924986957042,-20.289148626145813,
108.800000000001,4.0134584507274775,4.0032464094992335,-1.4714285714285729,0.125,0.1428571428571428,4.0842182367057935,4.7803127288705305,-1.6616060395502796,0.0,-1.273386338596083e-08,9.04426603897828,1.0713924986957042,-20.288970891428086,
109.00000000000101,4.0134584507274775,4.0032464094992335,-1.4642857142857157,0.125,0.1428571428571428,4.0842182367057935,4.7803127288705305,-1.661606041383956,0.0,-9.168381787105772e-09,9.04426603897828,1.0713924986957042,-20.288793284487816,
109.20000000000101,4.0134584507274775,4.0032464094992335,-1.4571428571428586,0.125,0.1428571428571428,4.0842182367057935,4.7803127288705305,-1.661606042704203,0.0,-6.601234936454148e-09,9.04426603897828,1.0713924986957042,-20.28861581761846,
109.40000000000101,4.0134584507274775,4.0032464094992335,-1.4500000000000015,0.125,0.1428571428571428,4.0842182367057935,4.7803127288705305,-1.6616060436547804,0.0,-4.7528891045089944e-09,9.04426603897828,1.0713924986957042,-20.288438493800253,
109.60000000000102,4.0134584507274775,4.0032464094992335,-1.4428571428571444,0.125,0.1428571428571428,4.0842182367057935,4.7803127288705305,-1.6616060443391965,0.0,-3.4220807521023743e-09,9.04426603897828,1.0713924986957042,-20.28826132514039,
109.80000000000102,4.0134584507274775,4.0032464094992335,-1.4357142857142873,0.125,0.1428571428571428,4.0842182367057935,4.7803127288705305,-1.6616060448319765,0.0,-2.4638982409896924e-09,9.04426603897828,1.0713924986957042,-20.288084323559794,
110.00000000000102,4.0134584507274775,4.0032464094992335,-1.4285714285714302,0.125,0.1428571428571428,4.0842182367057935,4.7803127288705305,-1.661606045186778,0.0,-1.774006186394672e-09,9.04426603897828,1.0713924986957042,-20.287907491852433,
110.20000000000103,4.0134584507274775,4.0032464094992335,-1.421428571428573,0.125,0.1428571428571428,4.0842182367057935,4.7803127288705305,-1.661606045442235,0.0,-1.2772840563002319e-09,9.04426603897828,1.0713924986957042,-20.287730845664534,
110.40000000000103,4.0134584507274775,4.0032464094992335,-1.414285714285716,0.125,0.1428571428571428,4.0842182367057935,4.7803127288705305,-1.6616060456261634,0.0,-9.196442718462094e-10,9.04426603897828,1.0713924986957042,-20.28755438760379,
110.60000000000103,4.0134584507274775,4.0032464094992335,-1.4071428571428588,0.125,0.1428571428571428,4.0842182367057935,4.7803127288705305,-1.6616060457585926,0.0,-6.621444725851688e-10,9.04426603897828,1.0713924986957042,-20.28737812959114,
110.80000000000103,4.0134584507274775,4.0032464094992335,-1.4000000000000017,0.125,0.1428571428571428,4.0842182367057935,4.7803127288705305,-1.6616060458539412,0.0,-4.767436223573895e-10,9.04426603897828,1.0713924986957042,-20.287202083920032,
111.00000000000104,4.0134584507274775,4.0032464094992335,-1.3928571428571446,0.125,0.1428571428571428,4.0842182367057935,4.7803127288705305,-1.661606045922592,0.0,-3.4325555731129495e-10,9.04426603897828,1.0713924986957042,-20.287026253198178,
111.20000000000104,4.0134584507274775,4.0032464094992335,-1.3857142857142875,0.125,0.1428571428571428,4.0842182367057935,4.7803127288705305,-1.661606045972021,0.0,-2.471443494300729e-10,9.04426603897828,1.0713924986957042,-20.28685064971903,
111.40000000000104,4.0134584507274775,4.0032464094992335,-1.3785714285714303,0.125,0.1428571428571428,4.0842182367057935,4.7803127288705305,-1.6616060460076094,0.0,-1.77943881851661e-10,9.04426603897828,1.0713924986957042,-20.286675285403522,
111.60000000000105,4.0134584507274775,4.0032464094992335,-1.3714285714285732,0.125,0.1428571428571428,4.0842182367057935,4.7803127288705305,-1.6616060460332334,0.0,-1.2812009231311094e-10,9.04426603897828,1.0713924986957042,-20.28650016285935,
111.80000000000105,4.0134584507274775,4.0032464094992335,-1.364285714285716,0.125,0.1428571428571428,4.0842182367057935,4.7803127288705305,-1.6616060460516826,0.0,-9.224656594142288e-11,9.04426603897828,1.0713924986957042,-20.28632529773274,
112.00000000000105,4.0134584507274775,4.0032464094992335,-1.357142857142859,0.125,0.1428571428571428,4.0842182367057935,4.7803127288705305,-1.6616060460649662,0.0,-6.641762695380748e-11,9.04426603897828,1.0713924986957042,-20.286150692258868,
112.20000000000105,4.0134584507274775,4.0032464094992335,-1.3500000000000019,0.125,0.1428571428571428,4.0842182367057935,4.7803127288705305,-1.66160604607453,0.0,-4.782059193075838e-11,9.04426603897828,1.0713924986957042,-20.285976358358653,
112.40000000000106,4.0134584507274775,4.0032464094992335,-1.3428571428571447,0.125,0.1428571428571428,4.0842182367057935,4.7803127288705305,-1.6616060460814162,0.0,-3.4431124618095055e-11,9.04426603897828,1.0713924986957042,-20.28580230832556,
112.60000000000106,4.0134584507274775,4.0032464094992335,-1.3357142857142876,0.125,0.1428571428571428,4.0842182367057935,4.7803127288705305,-1.661606046086374,0.0,-2.4790658414985955e-11,9.04426603897828,1.0713924986957042,-20.285628545139822,
112.80000000000106,4.0134584507274775,4.0032464094992335,-1.3285714285714305,0.125,0.1428571428571428,4.0842182367057935,4.7803127288705305,-1.6616060460899436,0.0,-1.7849721700713417e-11,9.04426603897828,1.0713924986957042,-20.285455079977307,
113.00000000000107,4.0134584507274775,4.0032464094992335,-1.3214285714285734,0.125,0.1428571428571428,4.0842182367057935,4.7803127288705305,-1.661606046092514,0.0,-1.2852297004428692e-11,9.04426603897828,1.0713924986957042,-20.28528192513147,
113.20000000000107,4.0134584507274775,4.0032464094992335,-1.3142857142857163,0.125,0.1428571428571428,4.0842182367057935,4.7803127288705305,-1.661606046094365,0.0,-9.253753319171664e-12,9.04426603897828,1.0713924986957042,-20.28510908358255,
113.40000000000107,4.0134584507274775,4.0032464094992335,-1.3071428571428592,0.125,0.1428571428571428,4.0842182367057935,4.7803127288705305,-1.6616060460956972,0.0,-6.662403961854579e-12,9.04426603897828,1.0713924986957042,-20.28493656985918,
113.60000000000107,4.0134584507274775,4.0032464094992335,-1.300000000000002,0.125,0.1428571428571428,4.0842182367057935,4.7803127288705305,-1.6616060460966564,0.0,-4.797229280484316e-12,9.04426603897828,1.0713924986957042,-20.284764386941585,
113.80000000000108,4.0134584507274775,4.0032464094992335,-1.292857142857145,0.125,0.1428571428571428,4.0842182367057935,4.7803127288705305,-1.6616060460973474,0.0,-3.454303509897727e-12,9.04426603897828,1.0713924986957042,-20.284592546750698,
114.00000000000108,4.0134584507274775,4.0032464094992335,-1.2857142857142878,0.125,0.1428571428571428,4.0842182367057935,4.7803127288705305,-1.6616060460978448,0.0,-2.4868995751603507e-12,9.04426603897828,1.0713924986957042,-20.28442106046239,
114.20000000000108,4.0134584507274775,4.0032464094992335,-1.2785714285714307,0.125,0.1428571428571428,4.0842182367057935,4.7803127288705305,-1.6616060460982027,0.0,-1.7905676941154523e-12,9.04426603897828,1.0713924986957042,-20.28424993180195,
114.40000000000109,4.0134584507274775,4.0032464094992335,-1.2714285714285736,0.125,0.1428571428571428,4.0842182367057935,4.7803127288705305,-1.6616060460984603,0.0,-1.2894574297206418e-12,9.04426603897828,1.0713924986957042,-20.284079171945248,
114.60000000000109,4.0134584507274775,4.0032464094992335,-1.2642857142857165,0.125,0.1428571428571428,4.0842182367057935,4.7803127288705305,-1.661606046098646,0.0,-9.28856991322391e-13,9.04426603897828,1.0713924986957042,-20.283908792068157,
114.80000000000109,4.0134584507274775,4.0032464094992335,-1.2571428571428593,0.125,0.1428571428571428,4.0842182367057935,4.7803127288705305,-1.66160604609878,0.0,-6.689759857181343e-13,9.04426603897828,1.0713924986957042,-20.283738795150906,
115.0000000000011,4.0134584507274775,4.0032464094992335,-1.2500000000000022,0.125,0.1428571428571428,4.0842182367057935,4.7803127288705305,-1.661606046098876,0.0,-4.812150677935278e-13,9.04426603897828,1.0713924986957042,-20.28356919385949,
115.2000000000011,4.0134584507274775,4.0032464094992335,-1.242857142857145,0.125,0.1428571428571428,4.0842182367057935,4.7803127288705305,-1.6616060460989452,0.0,-3.469224907348689e-13,9.04426603897828,1.0713924986957042,-20.283399998624713,
115.4000000000011,4.0134584507274775,4.0032464094992335,-1.235714285714288,0.125,0.1428571428571428,4.0842182367057935,4.7803127288705305,-1.661606046098995,0.0,-2.499334073036152e-13,9.04426603897828,1.0713924986957042,-20.283231212426813,
115.6000000000011,4.0134584507274775,4.0032464094992335,-1.2285714285714309,0.125,0.1428571428571428,4.0842182367057935,4.7803127288705305,-1.6616060460990314,0.0,-1.8030021919912542e-13,9.04426603897828,1.0713924986957042,-20.28306285016695,
115.8000000000011,4.0134584507274775,4.0032464094992335,-1.2214285714285738,0.125,0.1428571428571428,4.0842182367057935,4.7803127288705305,-1.6616060460990572,0.0,-1.2931877790833823e-13,9.04426603897828,1.0713924986957042,-20.282894914080295,
116.00000000000111,4.0134584507274775,4.0032464094992335,-1.2142857142857166,0.125,0.1428571428571428,4.0842182367057935,4.7803127288705305,-1.6616060460990758,0.0,-9.325873406851315e-14,9.04426603897828,1.0713924986957042,-20.282727416087777,
116.20000000000111,4.0134584507274775,4.0032464094992335,-1.2071428571428595,0.125,0.1428571428571428,4.0842182367057935,4.7803127288705305,-1.6616060460990891,0.0,-6.714628852932946e-14,9.04426603897828,1.0713924986957042,-20.28256036811033,
116.40000000000111,4.0134584507274775,4.0032464094992335,-1.2000000000000024,0.125,0.1428571428571428,4.0842182367057935,4.7803127288705305,-1.661606046099099,0.0,-4.849454171562683e-14,9.04426603897828,1.0713924986957042,-20.282393771638066,
116.60000000000112,4.0134584507274775,4.0032464094992335,-1.1928571428571453,0.125,0.1428571428571428,4.0842182367057935,4.7803127288705305,-1.661606046099106,0.0,-3.4816594052244905e-14,9.04426603897828,1.0713924986957042,-20.282227638591916,
116.80000000000112,4.0134584507274775,4.0032464094992335,-1.1857142857142882,0.125,0.1428571428571428,4.0842182367057935,4.7803127288705305,-1.6616060460991113,0.0,-2.4868995751603507e-14,9.04426603897828,1.0713924986957042,-20.282061980147752,
117.00000000000112,4.0134584507274775,4.0032464094992335,-1.178571428571431,0.125,0.1428571428571428,4.0842182367057935,4.7803127288705305,-1.6616060460991149,0.0,-1.7408297026122453e-14,9.04426603897828,1.0713924986957042,-20.2818967992858,
117.20000000000113,4.0134584507274775,4.0032464094992335,-1.171428571428574,0.125,0.1428571428571428,4.0842182367057935,4.7803127288705305,-1.6616060460991176,0.0,-1.2434497875801753e-14,9.04426603897828,1.0713924986957042,-20.28173211016217,
117.40000000000113,4.0134584507274775,4.0032464094992335,-1.1642857142857168,0.125,0.1428571428571428,4.0842182367057935,4.7803127288705305,-1.6616060460991193,0.0,-8.704148513061226e-15,9.04426603897828,1.0713924986957042,-20.28156791575709,
117.60000000000113,4.0134584507274775,4.0032464094992335,-1.1571428571428597,0.125,0.1428571428571428,4.0842182367057935,4.7803127288705305,-1.6616060460991202,0.0,-6.217248937900877e-15,9.04426603897828,1.0713924986957042,-20.281404227246437,
117.80000000000113,4.0134584507274775,4.0032464094992335,-1.1500000000000026,0.125,0.1428571428571428,4.0842182367057935,4.7803127288705305,-1.661606046099121,0.0,-4.973799150320701e-15,9.04426603897828,1.0713924986957042,-20.281241055061013,
118.00000000000114,4.0134584507274775,4.0032464094992335,-1.1428571428571455,0.125,0.1428571428571428,4.0842182367057935,4.7803127288705305,-1.661606046099122,0.0,-3.730349362740525e-15,9.04426603897828,1.0713924986957042,-20.281078402181063,
118.20000000000114,4.0134584507274775,4.0032464094992335,-1.1357142857142883,0.125,0.1428571428571428,4.0842182367057935,4.7803127288705305,-1.6616060460991229,0.0,-2.4868995751603505e-15,9.04426603897828,1.0713924986957042,-20.280916279782446,
118.40000000000114,4.0134584507274775,4.0032464094992335,-1.1285714285714312,0.125,0.1428571428571428,4.0842182367057935,4.7803127288705305,-1.6616060460991229,0.0,-1.2434497875801752e-15,9.04426603897828,1.0713924986957042,-20.280754699786097,
118.60000000000115,4.0134584507274775,4.0032464094992335,-1.121428571428574,0.125,0.1428571428571428,4.0842182367057935,4.7803127288705305,-1.6616060460991229,0.0,-1.2434497875801752e-15,9.04426603897828,1.0713924986957042,-20.280593663682136,
118.80000000000115,4.0134584507274775,4.0032464094992335,-1.114285714285717,0.125,0.1428571428571428,4.0842182367057935,4.7803127288705305,-1.6616060460991229,0.0,-1.2434497875801752e-15,9.04426603897828,1.0713924986957042,-20.28043318562666,
119.00000000000115,4.0134584507274775,4.0032464094992335,-1.1071428571428599,0.125,0.1428571428571428,4.0842182367057935,4.7803127288705305,-1.6616060460991229,0.0,-1.2434497875801752e-15,9.04426603897828,1.0713924986957042,-20.28027326785484,
119.20000000000115,4.0134584507274775,4.0032464094992335,-1.1000000000000028,0.125,0.1428571428571428,4.0842182367057935,4.7803127288705305,-1.6616060460991229,0.0,-1.2434497875801752e-15,9.04426603897828,1.0713924986957042,-20.280113922287615,
119.40000000000116,4.0134584507274775,4.0032464094992335,-1.0928571428571456,0.125,0.1428571428571428,4.0842182367057935,4.7803127288705305,-1.6616060460991229,0.0,-1.2434497875801752e-15,9.04426603897828,1.0713924986957042,-20.27995515935579,
119.60000000000116,4.0134584507274775,4.0032464094992335,-1.0857142857142885,0.125,0.1428571428571428,4.0842182367057935,4.7803127288705305,-1.6616060460991229,0.0,-1.2434497875801752e-15,9.04426603897828,1.0713924986957042,-20.279796981294545,
119.80000000000116,4.0134584507274775,4.0032464094992335,-1.0785714285714314,0.125,0.1428571428571428,4.0842182367057935,4.7803127288705305,-1.6616060460991229,0.0,-1.2434497875801752e-15,9.04426603897828,1.0713924986957042,-20.279639400024802,
120.00000000000117,4.0134584507274775,4.0032464094992335,-1.0714285714285743,0.125,0.1428571428571428,4.0842182367057935,4.7803127288705305,-1.6616060460991229,0.0,-1.2434497875801752e-15,9.04426603897828,1.0713924986957042,-20.279482425232324,
120.20000000000117,4.0134584507274775,4.0032464094992335,-1.0642857142857172,0.125,0.1428571428571428,4.0842182367057935,4.7803127288705305,-1.6616060460991229,0.0,-1.2434497875801752e-15,9.04426603897828,1.0713924986957042,-20.27932605915228,
120.40000000000117,4.0134584507274775,4.0032464094992335,-1.05714285714286,0.125,0.1428571428571428,4.0842182367057935,4.7803127288705305,-1.6616060460991229,0.0,-1.2434497875801752e-15,9.04426603897828,1.0713924986957042,-20.27917031594077,
120.60000000000117,4.0134584507274775,4.0032464094992335,-1.050000000000003,0.125,0.1428571428571428,4.0842182367057935,4.7803127288705305,-1.6616060460991229,0.0,-1.2434497875801752e-15,9.04426603897828,1.0713924986957042,-20.279015197832972,
120.80000000000118,4.0134584507274775,4.0032464094992335,-1.0428571428571458,0.125,0.1428571428571428,4.0842182367057935,4.7803127288705305,-1.6616060460991229,0.0,-1.2434497875801752e-15,9.04426603897828,1.0713924986957042,-20.27886071600476,
121.00000000000118,4.0134584507274775,4.0032464094992335,-1.0357142857142887,0.125,0.1428571428571428,4.0842182367057935,4.7803127288705305,-1.6616060460991229,0.0,-1.2434497875801752e-15,9.04426603897828,1.0713924986957042,-20.278706880886944,
121.20000000000118,4.0134584507274775,4.0032464094992335,-1.0285714285714316,0.125,0.1428571428571428,4.0842182367057935,4.7803127288705305,-1.6616060460991229,0.0,-1.2434497875801752e-15,9.04426603897828,1.0713924986957042,-20.278553693969638,
121.40000000000119,4.0134584507274775,4.0032464094992335,-1.0214285714285745,0.125,0.1428571428571428,4.0842182367057935,4.7803127288705305,-1.6616060460991229,0.0,-1.2434497875801752e-15,9.04426603897828,1.0713924986957042,-20.278401165683658,
121.60000000000119,4.0134584507274775,4.0032464094992335,-1.0142857142857173,0.125,0.1428571428571428,4.0842182367057935,4.7803127288705305,-1.6616060460991229,0.0,-1.2434497875801752e-15,9.04426603897828,1.0713924986957042,-20.27824930944005,
121.80000000000119,4.0134584507274775,4.0032464094992335,-1.0071428571428602,0.125,0.1428571428571428,4.0842182367057935,4.7803127288705305,-1.6616060460991229,0.0,-1.2434497875801752e-15,9.04426603897828,1.0713924986957042,-20.27809812374869,
122.0000000000012,4.0134584507274775,4.0032464094992335,-1.000000000000003,0.125,0.1428571428571428,4.0842182367057935,4.7803127288705305,-1.6616060460991229,0.0,-1.2434497875801752e-15,9.04426603897828,1.0713924986957042,-20.277947622020633,
122.2000000000012,4.0134584507274775,4.0032464094992335,-0.992857142857146,0.125,0.1428571428571428,4.0842182367057935,4.7803127288705305,-1.6616060460991229,0.0,-1.2434497875801752e-15,9.04426603897828,1.0713924986957042,-20.277797811706456,
122.4000000000012,4.0134584507274775,4.0032464094992335,-0.9857142857142889,0.125,0.1428571428571428,4.0842182367057935,4.7803127288705305,-1.6616060460991229,0.0,-1.2434497875801752e-15,9.04426603897828,1.0713924986957042,-20.277648697276504,
122.6000000000012,4.0134584507274775,4.0032464094992335,-0.9785714285714318,0.125,0.1428571428571428,4.0842182367057935,4.7803127288705305,-1.6616060460991229,0.0,-1.2434497875801752e-15,9.04426603897828,1.0713924986957042,-20.277500289161594,
122.8000000000012,4.0134584507274775,4.0032464094992335,-0.9714285714285746,0.125,0.1428571428571428,4.0842182367057935,4.7803127288705305,-1.6616060460991229,0.0,-1.2434497875801752e-15,9.04426603897828,1.0713924986957042,-20.277352594812307,
123.00000000000121,4.0134584507274775,4.0032464094992335,-0.9642857142857175,0.125,0.1428571428571428,4.0842182367057935,4.7803127288705305,-1.6616060460991229,0.0,-1.2434497875801752e-15,9.04426603897828,1.0713924986957042,-20.27720562167922,
123.20000000000121,4.0134584507274775,4.0032464094992335,-0.9571428571428604,0.125,0.1428571428571428,4.0842182367057935,4.7803127288705305,-1.6616060460991229,0.0,-1.2434497875801752e-15,9.04426603897828,1.0713924986957042,-20.277059375722796,
123.40000000000121,4.0134584507274775,4.0032464094992335,-0.9500000000000033,0.125,0.1428571428571428,4.0842182367057935,4.7803127288705305,-1.6616060460991229,0.0,-1.2434497875801752e-15,9.04426603897828,1.0713924986957042,-20.27691386588374,
123.60000000000122,4.0134584507274775,4.0032464094992335,-0.9428571428571462,0.125,0.1428571428571428,4.0842182367057935,4.7803127288705305,-1.6616060460991229,0.0,-1.2434497875801752e-15,9.04426603897828,1.0713924986957042,-20.27676909812251,
123.80000000000122,4.0134584507274775,4.0032464094992335,-0.935714285714289,0.125,0.1428571428571428,4.0842182367057935,4.7803127288705305,-1.6616060460991229,0.0,-1.2434497875801752e-15,9.04426603897828,1.0713924986957042,-20.27662508286992,
124.00000000000122,4.0134584507274775,4.0032464094992335,-0.9285714285714319,0.125,0.1428571428571428,4.0842182367057935,4.7803127288705305,-1.6616060460991229,0.0,-1.2434497875801752e-15,9.04426603897828,1.0713924986957042,-20.276481823106202,
124.20000000000122,4.0134584507274775,4.0032464094992335,-0.9214285714285748,0.125,0.1428571428571428,4.0842182367057935,4.7803127288705305,-1.6616060460991229,0.0,-1.2434497875801752e-15,9.04426603897828,1.0713924986957042,-20.276339329262168,
124.40000000000123,4.0134584507274775,4.0032464094992335,-0.9142857142857177,0.125,0.1428571428571428,4.0842182367057935,4.7803127288705305,-1.6616060460991229,0.0,-1.2434497875801752e-15,9.04426603897828,1.0713924986957042,-20.276197608788404,
124.60000000000123,4.0134584507274775,4.0032464094992335,-0.9071428571428606,0.125,0.1428571428571428,4.0842182367057935,4.7803127288705305,-1.6616060460991229,0.0,-1.2434497875801752e-15,9.04426603897828,1.0713924986957042,-20.276056667645367,
124.80000000000123,4.0134584507274775,4.0032464094992335,-0.9000000000000035,0.125,0.1428571428571428,4.0842182367057935,4.7803127288705305,-1.6616060460991229,0.0,-1.2434497875801752e-15,9.04426603897828,1.0713924986957042,-20.275916511793525,
125.00000000000124,4.0134584507274775,4.0032464094992335,-0.8928571428571463,0.125,0.1428571428571428,4.0842182367057935,4.7803127288705305,-1.6616060460991229,0.0,-1.2434497875801752e-15,9.04426603897828,1.0713924986957042,-20.275777150173578,
125.20000000000124,4.0134584507274775,4.0032464094992335,-0.8857142857142892,0.125,0.1428571428571428,4.0842182367057935,4.7803127288705305,-1.6616060460991229,0.0,-1.2434497875801752e-15,9.04426603897828,1.0713924986957042,-20.275638591726217,
125.40000000000124,4.0134584507274775,4.0032464094992335,-0.8785714285714321,0.125,0.1428571428571428,4.0842182367057935,4.7803127288705305,-1.6616060460991229,0.0,-1.2434497875801752e-15,9.04426603897828,1.0713924986957042,-20.275500839431675,
125.60000000000124,4.0134584507274775,4.0032464094992335,-0.871428571428575,0.125,0.1428571428571428,4.0842182367057935,4.7803127288705305,-1.6616060460991229,0.0,-1.2434497875801752e-15,9.04426603897828,1.0713924986957042,-20.27536390223065,
125.80000000000125,4.0134584507274775,4.0032464094992335,-0.8642857142857179,0.125,0.1428571428571428,4.0842182367057935,4.7803127288705305,-1.6616060460991229,0.0,-1.2434497875801752e-15,9.04426603897828,1.0713924986957042,-20.275227789063845,
126.00000000000125,4.0134584507274775,4.0032464094992335,-0.8571428571428608,0.125,0.1428571428571428,4.0842182367057935,4.7803127288705305,-1.6616060460991229,0.0,-1.2434497875801752e-15,9.04426603897828,1.0713924986957042,-20.27509250291148,
126.20000000000125,4.0134584507274775,4.0032464094992335,-0.8500000000000036,0.125,0.1428571428571428,4.0842182367057935,4.7803127288705305,-1.6616060460991229,0.0,-1.2434497875801752e-15,9.04426603897828,1.0713924986957042,-20.274958054204376,
126.40000000000126,4.0134584507274775,4.0032464094992335,-0.8428571428571465,0.125,0.1428571428571428,4.0842182367057935,4.7803127288705305,-1.6616060460991229,0.0,-1.2434497875801752e-15,9.04426603897828,1.0713924986957042,-20.27482444741288,
126.60000000000126,4.0134584507274775,4.0032464094992335,-0.8357142857142894,0.125,0.1428571428571428,4.0842182367057935,4.7803127288705305,-1.6616060460991229,0.0,-1.2434497875801752e-15,9.04426603897828,1.0713924986957042,-20.274691689987574,
126.80000000000126,4.0134584507274775,4.0032464094992335,-0.8285714285714323,0.125,0.1428571428571428,4.0842182367057935,4.7803127288705305,-1.6616060460991229,0.0,-1.2434497875801752e-15,9.04426603897828,1.0713924986957042,-20.274559790869148,
127.00000000000126,4.0134584507274775,4.0032464094992335,-0.8214285714285752,0.125,0.1428571428571428,4.0842182367057935,4.7803127288705305,-1.6616060460991229,0.0,-1.2434497875801752e-15,9.04426603897828,1.0713924986957042,-20.274428753037842,
127.20000000000127,4.0134584507274775,4.0032464094992335,-0.814285714285718,0.125,0.1428571428571428,4.0842182367057935,4.7803127288705305,-1.6616060460991229,0.0,-1.2434497875801752e-15,9.04426603897828,1.0713924986957042,-20.274298585434348,
127.40000000000127,4.0134584507274775,4.0032464094992335,-0.8071428571428609,0.125,0.1428571428571428,4.0842182367057935,4.7803127288705305,-1.6616060460991229,0.0,-1.2434497875801752e-15,9.04426603897828,1.0713924986957042,-20.27416929550925,
127.60000000000127,4.0134584507274775,4.0032464094992335,-0.8000000000000038,0.125,0.1428571428571428,4.0842182367057935,4.7803127288705305,-1.6616060460991229,0.0,-1.2434497875801752e-15,9.04426603897828,1.0713924986957042,-20.274040887732895,
127.80000000000128,4.0134584507274775,4.0032464094992335,-0.7928571428571467,0.125,0.1428571428571428,4.0842182367057935,4.7803127288705305,-1.6616060460991229,0.0,-1.2434497875801752e-15,9.04426603897828,1.0713924986957042,-20.273913368065745,
128.00000000000128,4.0134584507274775,4.0032464094992335,-0.7857142857142896,0.125,0.1428571428571428,4.0842182367057935,4.7803127288705305,-1.6616060460991229,0.0,-1.2434497875801752e-15,9.04426603897828,1.0713924986957042,-20.27378674693862,
128.20000000000127,4.0134584507274775,4.0032464094992335,-0.7785714285714325,0.125,0.1428571428571428,4.0842182367057935,4.7803127288705305,-1.6616060460991229,0.0,-1.2434497875801752e-15,9.04426603897828,1.0713924986957042,-20.27366102733174,
128.40000000000126,4.0134584507274775,4.0032464094992335,-0.7714285714285753,0.125,0.1428571428571428,4.0842182367057935,4.7803127288705305,-1.6616060460991229,0.0,-1.2434497875801752e-15,9.04426603897828,1.0713924986957042,-20.273536218185814,
128.60000000000124,4.0134584507274775,4.0032464094992335,-0.7642857142857182,0.125,0.1428571428571428,4.0842182367057935,4.7803127288705305,-1.6616060460991229,0.0,-1.2434497875801752e-15,9.04426603897828,1.0713924986957042,-20.273412322481068,
128.80000000000123,4.0134584507274775,4.0032464094992335,-0.7571428571428611,0.125,0.1428571428571428,4.0842182367057935,4.7803127288705305,-1.6616060460991229,0.0,-1.2434497875801752e-15,9.04426603897828,1.0713924986957042,-20.2732893491582,
129.00000000000122,4.0134584507274775,4.0032464094992335,-0.750000000000004,0.125,0.1428571428571428,4.0842182367057935,4.7803127288705305,-1.6616060460991229,0.0,-1.2434497875801752e-15,9.04426603897828,1.0713924986957042,-20.273167304177672,
129.2000000000012,4.0134584507274775,4.0032464094992335,-0.7428571428571469,0.125,0.1428571428571428,4.0842182367057935,4.7803127288705305,-1.6616060460991229,0.0,-1.2434497875801752e-15,9.04426603897828,1.0713924986957042,-20.273046193499955,
129.4000000000012,4.0134584507274775,4.0032464094992335,-0.7357142857142898,0.125,0.1428571428571428,4.0842182367057935,4.7803127288705305,-1.6616060460991229,0.0,-1.2434497875801752e-15,9.04426603897828,1.0713924986957042,-20.272926023085507,
129.6000000000012,4.0134584507274775,4.0032464094992335,-0.7285714285714326,0.125,0.1428571428571428,4.0842182367057935,4.7803127288705305,-1.6616060460991229,0.0,-1.2434497875801752e-15,9.04426603897828,1.0713924986957042,-20.272806798894795,
129.80000000000118,4.0134584507274775,4.0032464094992335,-0.7214285714285755,0.125,0.1428571428571428,4.0842182367057935,4.7803127288705305,-1.6616060460991229,0.0,-1.2434497875801752e-15,9.04426603897828,1.0713924986957042,-20.272688526888285,
130.00000000000117,4.0134584507274775,4.0032464094992335,-0.7142857142857184,0.125,0.1428571428571428,4.0842182367057935,4.7803127288705305,-1.6616060460991229,0.0,-1.2434497875801752e-15,9.04426603897828,1.0713924986957042,-20.272571214516553,
130.20000000000115,4.0134584507274775,4.0032464094992335,-0.7071428571428613,0.125,0.1428571428571428,4.0842182367057935,4.7803127288705305,-1.6616060460991229,0.0,-1.2434497875801752e-15,9.04426603897828,1.0713924986957042,-20.27245486624995,
130.40000000000114,4.0134584507274775,4.0032464094992335,-0.7000000000000042,0.125,0.1428571428571428,4.0842182367057935,4.7803127288705305,-1.6616060460991229,0.0,-1.2434497875801752e-15,9.04426603897828,1.0713924986957042,-20.272339488048942,
130.60000000000113,4.0134584507274775,4.0032464094992335,-0.6928571428571471,0.125,0.1428571428571428,4.0842182367057935,4.7803127288705305,-1.6616060460991229,0.0,-1.2434497875801752e-15,9.04426603897828,1.0713924986957042,-20.27222508736411,
130.80000000000112,4.0134584507274775,4.0032464094992335,-0.6857142857142899,0.125,0.1428571428571428,4.0842182367057935,4.7803127288705305,-1.6616060460991229,0.0,-1.2434497875801752e-15,9.04426603897828,1.0713924986957042,-20.272111668665797,
131.0000000000011,4.0134584507274775,4.0032464094992335,-0.6785714285714328,0.125,0.1428571428571428,4.0842182367057935,4.7803127288705305,-1.6616060460991229,0.0,-1.2434497875801752e-15,9.04426603897828,1.0713924986957042,-20.271999237914475,
131.2000000000011,4.0134584507274775,4.0032464094992335,-0.6714285714285757,0.125,0.1428571428571428,4.0842182367057935,4.7803127288705305,-1.6616060460991229,0.0,-1.2434497875801752e-15,9.04426603897828,1.0713924986957042,-20.2718878010706,
131.40000000000109,4.0134584507274775,4.0032464094992335,-0.6642857142857186,0.125,0.1428571428571428,4.0842182367057935,4.7803127288705305,-1.6616060460991229,0.0,-1.2434497875801752e-15,9.04426603897828,1.0713924986957042,-20.271777364094646,
131.60000000000107,4.0134584507274775,4.0032464094992335,-0.6571428571428615,0.125,0.1428571428571428,4.0842182367057935,4.7803127288705305,-1.6616060460991229,0.0,-1.2434497875801752e-15,9.04426603897828,1.0713924986957042,-20.271667931456957,
131.80000000000106,4.0134584507274775,4.0032464094992335,-0.6500000000000044,0.125,0.1428571428571428,4.0842182367057935,4.7803127288705305,-1.6616060460991229,0.0,-1.2434497875801752e-15,9.04426603897828,1.0713924986957042,-20.271559509117992,
132.00000000000105,4.0134584507274775,4.0032464094992335,-0.6428571428571472,0.125,0.1428571428571428,4.0842182367057935,4.7803127288705305,-1.6616060460991229,0.0,-1.2434497875801752e-15,9.04426603897828,1.0713924986957042,-20.27145210452834,
132.20000000000104,4.0134584507274775,4.0032464094992335,-0.6357142857142901,0.125,0.1428571428571428,4.0842182367057935,4.7803127288705305,-1.6616060460991229,0.0,-1.2434497875801752e-15,9.04426603897828,1.0713924986957042,-20.27134572066823,
132.40000000000103,4.0134584507274775,4.0032464094992335,-0.628571428571433,0.125,0.1428571428571428,4.0842182367057935,4.7803127288705305,-1.6616060460991229,0.0,-1.2434497875801752e-15,9.04426603897828,1.0713924986957042,-20.271240363498123,
132.60000000000102,4.0134584507274775,4.0032464094992335,-0.6214285714285759,0.125,0.1428571428571428,4.0842182367057935,4.7803127288705305,-1.6616060460991229,0.0,-1.2434497875801752e-15,9.04426603897828,1.0713924986957042,-20.271136040468605,
132.800000000001,4.0134584507274775,4.0032464094992335,-0.6142857142857188,0.125,0.1428571428571428,4.0842182367057935,4.7803127288705305,-1.6616060460991229,0.0,-1.2434497875801752e-15,9.04426603897828,1.0713924986957042,-20.271032754559908,
133.000000000001,4.0134584507274775,4.0032464094992335,-0.6071428571428616,0.125,0.1428571428571428,4.0842182367057935,4.7803127288705305,-1.6616060460991229,0.0,-1.2434497875801752e-15,9.04426603897828,1.0713924986957042,-20.27093051173249,
133.20000000000098,4.0134584507274775,4.0032464094992335,-0.6000000000000045,0.125,0.1428571428571428,4.0842182367057935,4.7803127288705305,-1.6616060460991229,0.0,-1.2434497875801752e-15,9.04426603897828,1.0713924986957042,-20.27082931645671,
133.40000000000097,4.0134584507274775,4.0032464094992335,-0.5928571428571474,0.125,0.1428571428571428,4.0842182367057935,4.7803127288705305,-1.6616060460991229,0.0,-1.2434497875801752e-15,9.04426603897828,1.0713924986957042,-20.27072917469302,
133.60000000000096,4.0134584507274775,4.0032464094992335,-0.5857142857142903,0.125,0.1428571428571428,4.0842182367057935,4.7803127288705305,-1.6616060460991229,0.0,-1.2434497875801752e-15,9.04426603897828,1.0713924986957042,-20.270630092401895,
133.80000000000095,4.0134584507274775,4.0032464094992335,-0.5785714285714332,0.125,0.1428571428571428,4.0842182367057935,4.7803127288705305,-1.6616060460991229,0.0,-1.2434497875801752e-15,9.04426603897828,1.0713924986957042,-20.270532074053676,
134.00000000000094,4.0134584507274775,4.0032464094992335,-0.5714285714285761,0.125,0.1428571428571428,4.0842182367057935,4.7803127288705305,-1.6616060460991229,0.0,-1.2434497875801752e-15,9.04426603897828,1.0713924986957042,-20.270435124118716,
134.20000000000093,4.0134584507274775,4.0032464094992335,-0.5642857142857189,0.125,0.1428571428571428,4.0842182367057935,4.7803127288705305,-1.6616060460991229,0.0,-1.2434497875801752e-15,9.04426603897828,1.0713924986957042,-20.270339247067366,
134.40000000000092,4.0134584507274775,4.0032464094992335,-0.5571428571428618,0.125,0.1428571428571428,4.0842182367057935,4.7803127288705305,-1.6616060460991229,0.0,-1.2434497875801752e-15,9.04426603897828,1.0713924986957042,-20.27024444886008,
134.6000000000009,4.0134584507274775,4.0032464094992335,-0.5500000000000047,0.125,0.1428571428571428,4.0842182367057935,4.7803127288705305,-1.6616060460991229,0.0,-1.2434497875801752e-15,9.04426603897828,1.0713924986957042,-20.270150733967217,
134.8000000000009,4.0134584507274775,4.0032464094992335,-0.5428571428571476,0.125,0.1428571428571428,4.0842182367057935,4.7803127288705305,-1.6616060460991229,0.0,-1.2434497875801752e-15,9.04426603897828,1.0713924986957042,-20.27005810685912,
135.00000000000088,4.018809927118333,4.000017756461492,-0.5285714285714334,0.125,0.1428571428571428,4.0842182367057935,4.7803127288705305,-1.6616060460991229,0.0,-1.2434497875801752e-15,9.04426603897828,1.0713924986957042,-20.26438931771079,
135.20000000000087,4.018809927118333,4.000017756461492,-0.5214285714285762,0.125,0.1428571428571428,4.0842182367057935,4.7803127288705305,-1.6616060460991229,0.0,-1.2434497875801752e-15,9.04426603897828,1.0713924986957042,-20.26429981686631,
135.40000000000086,4.018809927118333,4.000017756461492,-0.5142857142857191,0.125,0.1428571428571428,4.0842182367057935,4.7803127288705305,-1.6616060460991229,0.0,-1.2434497875801752e-15,9.04426603897828,1.0713924986957042,-20.264211421687992,
135.60000000000085,4.018809927118333,4.000017756461492,-0.507142857142862,0.125,0.1428571428571428,4.0842182367057935,4.7803127288705305,-1.6616060460991229,0.0,-1.2434497875801752e-15,9.04426603897828,1.0713924986957042,-20.264124136646185,
135.80000000000084,4.018809927118333,4.000017756461492,-0.5000000000000049,0.125,0.1428571428571428,4.0842182367057935,4.7803127288705305,-1.6595956110534307,0.0,0.010052175228461024,9.04426603897828,1.0713924986957042,-20.26403796770135,
136.00000000000082,4.018809927118333,4.000017756461492,-0.49285714285714777,0.125,0.1428571428571428,4.0842182367057935,4.7803127288705305,-1.658148097820532,0.0,0.007237566164491937,9.04426603897828,1.0713924986957042,-20.263952917833716,
136.2000000000008,4.018809927118333,4.000017756461492,-0.48571428571429065,0.125,0.1428571428571428,4.0842182367057935,4.7803127288705305,-1.6571058882928453,0.0,0.005211047638433896,9.04426603897828,1.0713924986957042,-20.263868990023525,
136.4000000000008,4.018809927118333,4.000017756461492,-0.47857142857143353,0.125,0.1428571428571428,4.0842182367057935,4.7803127288705305,-1.6563554974329107,0.0,0.003751954299672455,9.04426603897828,1.0713924986957042,-20.26378619172135,
136.6000000000008,4.018809927118333,4.000017756461492,-0.4714285714285764,0.125,0.1428571428571428,4.0842182367057935,4.7803127288705305,-1.6558152160137578,0.0,0.002701407095763919,9.04426603897828,1.0713924986957042,-20.26370452590743,
136.80000000000078,4.018809927118333,4.000017756461492,-0.4642857142857193,0.125,0.1428571428571428,4.0842182367057935,4.7803127288705305,-1.6554262133919677,0.0,0.0019450131089499222,9.04426603897828,1.0713924986957042,-20.26362399556199,
137.00000000000077,4.018809927118333,4.000017756461492,-0.4571428571428622,0.125,0.1428571428571428,4.0842182367057935,4.7803127288705305,-1.655146131504279,0.0,0.0014004094384437948,9.04426603897828,1.0713924986957042,-20.26354460515538,
137.20000000000076,4.018809927118333,4.000017756461492,-0.45000000000000506,0.125,0.1428571428571428,4.0842182367057935,4.7803127288705305,-1.6549444725451432,0.0,0.0010082947956796316,9.04426603897828,1.0713924986957042,-20.263466360648067,
137.40000000000074,4.018809927118333,4.000017756461492,-0.44285714285714795,0.125,0.1428571428571428,4.0842182367057935,4.7803127288705305,-1.654799278094565,0.0,0.0007259722528894841,9.04426603897828,1.0713924986957042,-20.26338926353017,
137.60000000000073,4.018809927118333,4.000017756461492,-0.4357142857142908,0.125,0.1428571428571428,4.0842182367057935,4.7803127288705305,-1.6546947380901493,0.0,0.0005227000220800804,9.04426603897828,1.0713924986957042,-20.263313319762144,
137.80000000000072,4.018809927118333,4.000017756461492,-0.4285714285714337,0.125,0.1428571428571428,4.0842182367057935,4.7803127288705305,-1.6546194692869698,0.0,0.00037634401589805574,9.04426603897828,1.0713924986957042,-20.263238532324227,
138.0000000000007,4.018809927118333,4.000017756461492,-0.4214285714285766,0.125,0.1428571428571428,4.0842182367057935,4.7803127288705305,-1.6545652757486808,0.0,0.0002709676914466996,9.04426603897828,1.0713924986957042,-20.263164904196653,
138.2000000000007,4.018809927118333,4.000017756461492,-0.4142857142857195,0.125,0.1428571428571428,4.0842182367057935,4.7803127288705305,-1.6545262564011127,0.0,0.00019509673784217084,9.04426603897828,1.0713924986957042,-20.263092441339882,
138.4000000000007,4.018809927118333,4.000017756461492,-0.40714285714286236,0.125,0.1428571428571428,4.0842182367057935,4.7803127288705305,-1.654498162470863,0.0,0.00014046965124681066,9.04426603897828,1.0713924986957042,-20.263021145244036,
138.60000000000068,4.018809927118333,4.000017756461492,-0.40000000000000524,0.125,0.1428571428571428,4.0842182367057935,4.7803127288705305,-1.6544779348410839,0.0,0.00010113814889720628,9.04426603897828,1.0713924986957042,-20.262951020379457,
138.80000000000067,4.018809927118333,4.000017756461492,-0.3928571428571481,0.125,0.1428571428571428,4.0842182367057935,4.7803127288705305,-1.6544633709476424,0.0,7.281946720638643e-05,9.04426603897828,1.0713924986957042,-20.26288206972638,
139.00000000000065,4.018809927118333,4.000017756461492,-0.385714285714291,0.125,0.1428571428571428,4.0842182367057935,4.7803127288705305,-1.6544528849443652,0.0,5.243001638834954e-05,9.04426603897828,1.0713924986957042,-20.262814297755153,
139.20000000000064,4.018809927118333,4.000017756461492,-0.3785714285714339,0.125,0.1428571428571428,4.0842182367057935,4.7803127288705305,-1.654445335022005,0.0,3.7749611800208524e-05,9.04426603897828,1.0713924986957042,-20.26274770893613,
139.40000000000063,4.018809927118333,4.000017756461492,-0.37142857142857677,0.125,0.1428571428571428,4.0842182367057935,4.7803127288705305,-1.6544398990779057,0.0,2.7179720495951185e-05,9.04426603897828,1.0713924986957042,-20.262682303269298,
139.60000000000062,4.018809927118333,4.000017756461492,-0.36428571428571965,0.125,0.1428571428571428,4.0842182367057935,4.7803127288705305,-1.6544359851981547,0.0,1.956939875693564e-05,9.04426603897828,1.0713924986957042,-20.26261808820525,
139.8000000000006,4.018809927118333,4.000017756461492,-0.35714285714286254,0.125,0.1428571428571428,4.0842182367057935,4.7803127288705305,-1.6544331672047339,0.0,1.4089967105590516e-05,9.04426603897828,1.0713924986957042,-20.26255506374398,
140.0000000000006,4.018809927118333,4.000017756461492,-0.3500000000000054,0.125,0.1428571428571428,4.0842182367057935,4.7803127288705305,-1.6544311382494705,0.0,1.0144776316423075e-05,9.04426603897828,1.0713924986957042,-20.26249323435584,
140.20000000000059,4.018809927118333,4.000017756461492,-0.3428571428571483,0.125,0.1428571428571428,4.0842182367057935,4.7803127288705305,-1.6544296774016811,0.0,7.304238947725138e-06,9.04426603897828,1.0713924986957042,-20.262432603021058,
140.40000000000057,4.018809927118333,4.000017756461492,-0.3357142857142912,0.125,0.1428571428571428,4.0842182367057935,4.7803127288705305,-1.6544286255912726,0.0,5.259052042561051e-06,9.04426603897828,1.0713924986957042,-20.26237317271987,
140.60000000000056,4.018809927118333,4.000017756461492,-0.32857142857143407,0.125,0.1428571428571428,4.0842182367057935,4.7803127288705305,-1.6544278682877789,0.0,3.786517470594219e-06,9.04426603897828,1.0713924986957042,-20.26231494792262,
140.80000000000055,4.018809927118333,4.000017756461492,-0.32142857142857695,0.125,0.1428571428571428,4.0842182367057935,4.7803127288705305,-1.6544273230292632,0.0,2.7262925794246938e-06,9.04426603897828,1.0713924986957042,-20.26225792862931,
141.00000000000054,4.018809927118333,4.000017756461492,-0.31428571428571983,0.125,0.1428571428571428,4.0842182367057935,4.7803127288705305,-1.6544269304431316,0.0,1.9629306574842077e-06,9.04426603897828,1.0713924986957042,-20.262202120800406,
141.20000000000053,4.018809927118333,4.000017756461492,-0.3071428571428627,0.125,0.1428571428571428,4.0842182367057935,4.7803127288705305,-1.654426647781117,0.0,1.4133100732394154e-06,9.04426603897828,1.0713924986957042,-20.262147525926025,
141.40000000000052,4.018809927118333,4.000017756461492,-0.3000000000000056,0.125,0.1428571428571428,4.0842182367057935,4.7803127288705305,-1.6544264442644663,0.0,1.017583252682641e-06,9.04426603897828,1.0713924986957042,-20.262094146986396,
141.6000000000005,4.018809927118333,4.000017756461492,-0.2928571428571485,0.125,0.1428571428571428,4.0842182367057935,4.7803127288705305,-1.654426297732478,0.0,7.326599417822876e-07,9.04426603897828,1.0713924986957042,-20.262041985471637,
141.8000000000005,4.018809927118333,4.000017756461492,-0.28571428571429136,0.125,0.1428571428571428,4.0842182367057935,4.7803127288705305,-1.6544261922294468,0.0,5.275151581329851e-07,9.04426603897828,1.0713924986957042,-20.261991045852096,
142.00000000000048,4.018809927118333,4.000017756461492,-0.27857142857143424,0.125,0.1428571428571428,4.0842182367057935,4.7803127288705305,-1.6544261162672635,0.0,3.7981091445260516e-07,9.04426603897828,1.0713924986957042,-20.261941331108005,
142.20000000000047,4.018809927118333,4.000017756461492,-0.2714285714285771,0.125,0.1428571428571428,4.0842182367057935,4.7803127288705305,-1.6544260615744923,0.0,2.734638579582338e-07,9.04426603897828,1.0713924986957042,-20.261892841239366,
142.40000000000046,4.018809927118333,4.000017756461492,-0.26428571428572,0.125,0.1428571428571428,4.0842182367057935,4.7803127288705305,-1.654426022195697,0.0,1.9689397827704623e-07,9.04426603897828,1.0713924986957042,-20.26184558071652,
142.60000000000045,4.018809927118333,4.000017756461492,-0.2571428571428629,0.125,0.1428571428571428,4.0842182367057935,4.7803127288705305,-1.6544259938429644,0.0,1.4176366480711522e-07,9.04426603897828,1.0713924986957042,-20.261799551029593,
142.80000000000044,4.018809927118333,4.000017756461492,-0.2500000000000058,0.125,0.1428571428571428,4.0842182367057935,4.7803127288705305,-1.654425973428997,0.0,1.0206983915850287e-07,9.04426603897828,1.0713924986957042,-20.261754755158815,
143.00000000000043,4.018809927118333,4.000017756461492,-0.24285714285714866,0.125,0.1428571428571428,4.0842182367057935,4.7803127288705305,-1.65442595873094,0.0,7.349028479097796e-08,9.04426603897828,1.0713924986957042,-20.261711196084413,
143.20000000000041,4.018809927118333,4.000017756461492,-0.23571428571429154,0.125,0.1428571428571428,4.0842182367057935,4.7803127288705305,-1.6544259481483394,0.0,5.291300499976614e-08,9.04426603897828,1.0713924986957042,-20.26166887380639,
143.4000000000004,4.018809927118333,4.000017756461492,-0.22857142857143442,0.125,0.1428571428571428,4.0842182367057935,4.7803127288705305,-1.6544259405288664,0.0,3.809736419668752e-08,9.04426603897828,1.0713924986957042,-20.261627792795093,
143.6000000000004,4.018809927118333,4.000017756461492,-0.2214285714285773,0.125,0.1428571428571428,4.0842182367057935,4.7803127288705305,-1.6544259350428459,0.0,2.7430101923187066e-08,9.04426603897828,1.0713924986957042,-20.261587953050526,
143.80000000000038,4.018809927118333,4.000017756461492,-0.21428571428572019,0.125,0.1428571428571428,4.0842182367057935,4.7803127288705305,-1.6544259310929113,0.0,1.974967318574272e-08,9.04426603897828,1.0713924986957042,-20.26154935755292,
144.00000000000037,4.018809927118333,4.000017756461492,-0.20714285714286307,0.125,0.1428571428571428,4.0842182367057935,4.7803127288705305,-1.6544259282489586,0.0,1.421976474347275e-08,9.04426603897828,1.0713924986957042,-20.2615120092825,
144.20000000000036,4.018809927118333,4.000017756461492,-0.20000000000000595,0.125,0.1428571428571428,4.0842182367057935,4.7803127288705305,-1.6544259262013121,0.0,1.0238231062942303e-08,9.04426603897828,1.0713924986957042,-20.261475908239277,
144.40000000000035,4.018809927118333,4.000017756461492,-0.19285714285714883,0.125,0.1428571428571428,4.0842182367057935,4.7803127288705305,-1.654425924727007,0.0,7.371525967414527e-09,9.04426603897828,1.0713924986957042,-20.261441058893592,
144.60000000000034,4.018809927118333,4.000017756461492,-0.18571428571429172,0.125,0.1428571428571428,4.0842182367057935,4.7803127288705305,-1.6544259236655077,0.0,5.307498796014442e-09,9.04426603897828,1.0713924986957042,-20.261407459755333,
144.80000000000032,4.018809927118333,4.000017756461492,-0.1785714285714346,0.125,0.1428571428571428,4.0842182367057935,4.7803127288705305,-1.6544259229012275,0.0,3.821399729986296e-09,9.04426603897828,1.0713924986957042,-20.261375115294847,
145.0000000000003,4.018809927118333,4.000017756461492,-0.17142857142857748,0.125,0.1428571428571428,4.0842182367057935,4.7803127288705305,-1.6544259223509459,0.0,2.751407457424193e-09,9.04426603897828,1.0713924986957042,-20.26134402551213,
145.2000000000003,4.018809927118333,4.000017756461492,-0.16428571428572036,0.125,0.1428571428571428,4.0842182367057935,4.7803127288705305,-1.6544259219547428,0.0,1.9810132201314442e-09,9.04426603897828,1.0713924986957042,-20.26131419338742,
145.4000000000003,4.018809927118333,4.000017756461492,-0.15714285714286325,0.125,0.1428571428571428,4.0842182367057935,4.7803127288705305,-1.6544259216694768,0.0,1.426328921638742e-09,9.04426603897828,1.0713924986957042,-20.261285618920716,
145.60000000000028,4.018809927118333,4.000017756461492,-0.15000000000000613,0.125,0.1428571428571428,4.0842182367057935,4.7803127288705305,-1.6544259214640855,0.0,1.0269564754139537e-09,9.04426603897828,1.0713924986957042,-20.26125830360213,
145.80000000000027,4.018809927118333,4.000017756461492,-0.142857142857149,0.125,0.1428571428571428,4.0842182367057935,4.7803127288705305,-1.6544259213162038,0.0,7.394087120360382e-10,9.04426603897828,1.0713924986957042,-20.2612322504119,
146.00000000000026,4.018809927118333,4.000017756461492,-0.1357142857142919,0.125,0.1428571428571428,4.0842182367057935,4.7803127288705305,-1.654425921209729,0.0,5.32374322403939e-10,9.04426603897828,1.0713924986957042,-20.26120745935002,
146.20000000000024,4.018809927118333,4.000017756461492,-0.12857142857143478,0.125,0.1428571428571428,4.0842182367057935,4.7803127288705305,-1.6544259211330667,0.0,3.8330956186882754e-10,9.04426603897828,1.0713924986957042,-20.26118393190661,
146.40000000000023,4.018809927118333,4.000017756461492,-0.12142857142857766,0.125,0.1428571428571428,4.0842182367057935,4.7803127288705305,-1.65442592107787,0.0,2.759824369036323e-10,9.04426603897828,1.0713924986957042,-20.261161669571788,
146.60000000000022,4.018809927118333,4.000017756461492,-0.11428571428572054,0.125,0.1428571428571428,4.0842182367057935,4.7803127288705305,-1.6544259210381285,0.0,1.9870700640467474e-10,9.04426603897828,1.0713924986957042,-20.261140673835666,
146.8000000000002,4.018809927118333,4.000017756461492,-0.10714285714286342,0.125,0.1428571428571428,4.0842182367057935,4.7803127288705305,-1.654425921009515,0.0,1.430688456593998e-10,9.04426603897828,1.0713924986957042,-20.261120944698245,
147.0000000000002,4.018809927118333,4.000017756461492,-0.1000000000000063,0.125,0.1428571428571428,4.0842182367057935,4.7803127288705305,-1.6544259209889127,0.0,1.0300986730271687e-10,9.04426603897828,1.0713924986957042,-20.261102483649644,
147.2000000000002,4.018809927118333,4.000017756461492,-0.09285714285714919,0.125,0.1428571428571428,4.0842182367057935,4.7803127288705305,-1.6544259209740793,0.0,7.416680603000713e-11,9.04426603897828,1.0713924986957042,-20.261085292179974,
147.40000000000018,4.018809927118333,4.000017756461492,-0.08571428571429207,0.125,0.1428571428571428,4.0842182367057935,4.7803127288705305,-1.654425920963399,0.0,5.339995112763062e-11,9.04426603897828,1.0713924986957042,-20.26106937028924,
147.60000000000016,4.018809927118333,4.000017756461492,-0.07857142857143495,0.125,0.1428571428571428,4.0842182367057935,4.7803127288705305,-1.654425920955709,0.0,3.844746743197902e-11,9.04426603897828,1.0713924986957042,-20.261054719467552,
147.80000000000015,4.018809927118333,4.000017756461492,-0.07142857142857784,0.125,0.1428571428571428,4.0842182367057935,4.7803127288705305,-1.654425920950173,0.0,2.7681679171109862e-11,9.04426603897828,1.0713924986957042,-20.261041341205033,
148.00000000000014,4.018809927118333,4.000017756461492,-0.06428571428572072,0.125,0.1428571428571428,4.0842182367057935,4.7803127288705305,-1.654425920946187,0.0,1.993125664512263e-11,9.04426603897828,1.0713924986957042,-20.261029234011563,
148.20000000000013,4.018809927118333,4.000017756461492,-0.0571428571428636,0.125,0.1428571428571428,4.0842182367057935,4.7803127288705305,-1.6544259209433172,0.0,1.4350653998462803e-11,9.04426603897828,1.0713924986957042,-20.26101839937726,
148.40000000000012,4.018809927118333,4.000017756461492,-0.050000000000006484,0.125,0.1428571428571428,4.0842182367057935,4.7803127288705305,-1.6544259209412504,0.0,1.0333067734791257e-11,9.04426603897828,1.0713924986957042,-20.261008838792236,
148.6000000000001,4.018809927118333,4.000017756461492,-0.042857142857149366,0.125,0.1428571428571428,4.0842182367057935,4.7803127288705305,-1.6544259209397627,0.0,7.439560079092188e-12,9.04426603897828,1.0713924986957042,-20.261000552256498,
148.8000000000001,4.018809927118333,4.000017756461492,-0.03571428571429225,0.125,0.1428571428571428,4.0842182367057935,4.7803127288705305,-1.6544259209386916,0.0,5.356781684895395e-12,9.04426603897828,1.0713924986957042,-20.260993539770038,
149.00000000000009,4.018809927118333,4.000017756461492,-0.02857142857143513,0.125,0.1428571428571428,4.0842182367057935,4.7803127288705305,-1.6544259209379197,0.0,3.857181241073703e-12,9.04426603897828,1.0713924986957042,-20.260987802822978,
149.20000000000007,4.018809927118333,4.000017756461492,-0.021428571428578014,0.125,0.1428571428571428,4.0842182367057935,4.7803127288705305,-1.6544259209373646,0.0,2.7766233756665313e-12,9.04426603897828,1.0713924986957042,-20.2609833399252,
149.40000000000006,4.018809927118333,4.000017756461492,-0.014285714285720896,0.125,0.1428571428571428,4.0842182367057935,4.7803127288705305,-1.654425920936965,0.0,1.9994672584289218e-12,9.04426603897828,1.0713924986957042,-20.260980152566823,
149.60000000000005,4.018809927118333,4.000017756461492,-0.007142857142863779,0.125,0.1428571428571428,4.0842182367057935,4.7803127288705305,-1.6544259209366772,0.0,1.4399148540178429e-12,9.04426603897828,1.0713924986957042,-20.260978239257724,
149.80000000000004,4.018809927118333,4.000017756461492,-6.661338147750939e-15,0.125,0.1428571428571428,4.0842182367057935,4.7803127288705305,-1.6544259209364693,0.0,1.0370371228418661e-12,9.04426603897828,1.0713924986957042,-20.26097760297814,
150.00000000000003,4.043807695041908,4.000285599938436,0.02857142857142181,0.125,0.1428571428571428,4.0842182367057935,4.7803127288705305,-1.6544259209363201,0.0,7.460698725481052e-13,9.04426603897828,1.0713924986957042,-20.26490461625615,
150.20000000000002,4.068787608859344,4.001267458870535,0.05714285714285028,0.125,0.1428571428571428,4.0842182367057935,4.7803127288705305,-1.6544259209362127,0.0,5.371703082346357e-13,9.04426603897828,1.0713924986957042,-20.268686092873008,
150.4,4.093729278191415,4.002962531794817,0.08571428571427875,0.125,0.1428571428571428,4.0842182367057935,4.7803127288705305,-1.6544259209361354,0.0,3.867128839374345e-13,9.04426603897828,1.0713924986957042,-20.272318021436128,
150.6,4.118612343876763,4.005369435072411,0.11428571428570722,0.125,0.1428571428571428,4.0842182367057935,4.7803127288705305,-1.6544259209360794,0.0,2.7853275241795924e-13,9.04426603897828,1.0713924986957042,-20.275796867390067,
150.79999999999998,4.143416494590485,4.0084862040179745,0.1428571428571357,0.125,0.1428571428571428,4.0842182367057935,4.7803127288705305,-1.6455025216825334,0.0,0.044616996267730434,9.04426603897828,1.0713924986957042,-20.27911934055844,
150.99999999999997,4.16812148342368,4.012310294503402,0.17142857142856416,0.125,0.1428571428571428,4.0842182367057935,4.7803127288705305,-1.6301300501153444,0.0,0.07686235783594436,9.04426603897828,1.0713924986957042,-20.282282027085216,
151.19999999999996,4.1927071444104165,4.016838585034532,0.19999999999999263,0.125,0.1428571428571428,4.0842182367057935,4.7803127288705305,-1.6100909202321303,0.0,0.10019564941606908,9.04426603897828,1.0713924986957042,-20.285281985481173,
151.39999999999995,4.217153408988622,4.0220673792991235,0.2285714285714211,0.125,0.1428571428571428,4.0842182367057935,4.7803127288705305,-1.5866694168701756,0.0,0.11710751680977295,9.04426603897828,1.0713924986957042,-20.28811627574721,
151.59999999999994,4.290378287204979,4.038277206003967,0.19999999999999263,0.375,-0.1428571428571429,4.0842182367057935,4.7803127288705305,-1.560791218982451,0.0,0.1293909894386214,9.04426603897828,1.0713924986957042,-20.238469536085518,
151.79999999999993,4.364036354645528,4.052388562158671,0.17142857142856416,0.375,-0.1428571428571429,4.0842182367057935,4.7803127288705305,-1.5331238551410717,0.0,0.13833681920689633,9.04426603897828,1.0713924986957042,-20.21870152898589,
151.99999999999991,4.4627445302727216,4.068390384710363,0.1428571428571357,0.5,-0.1428571428571429,4.0842182367057935,4.7803127288705305,-1.5041490300351221,0.0,0.1448741255297488,9.04426603897828,1.0713924986957042,0.35911584399184404,
152.1999999999999,4.5618695523185115,4.08156582645045,0.11428571428570722,0.5,-0.1428571428571429,4.0842182367057935,4.7803127288705305,-1.4742146978756259,0.0,0.1496716607974796,9.04426603897828,1.0713924986957042,0.4396760513587874,
152.3999999999999,4.661330507902056,4.091904132647931,0.08571428571427875,0.5,-0.1428571428571429,4.0842182367057935,4.7803127288705305,-1.4253787487659528,0.0,0.24417974554836483,9.04426603897828,1.0713924986957042,0.5438036432071608,
152.59999999999988,4.7610462099297095,4.099396864443272,0.05714285714285028,0.5,-0.1428571428571429,4.0842182367057935,4.7803127288705305,-1.3633381736068124,0.0,0.3102028757957007,9.04426603897828,1.0713924986957042,0.42729589245757277,
152.79999999999987,4.8609352633656915,4.104037905736799,0.02857142857142181,0.5,-0.1428571428571429,4.105342829050146,4.692849430032777,-1.2845955656523913,0.45,0.39371303977210564,9.04426603897828,1.0713924986957042,0.4318129112525862,
152.99999999999986,4.960916131672494,4.105823468181095,-6.661338147750939e-15,0.5,-0.1428571428571429,4.105342829050146,4.692849430032777,-1.1851198709841582,0.0,0.49737847334116503,9.04426603897828,1.0713924986957042,-0.22736699678459946,
153.19999999999985,5.060907203366794,4.104752094273319,-0.02857142857143513,0.5,-0.1428571428571429,4.142319581298948,4.610835647877314,-1.0840729282064618,0.45,0.5052347138884843,9.04426603897828,1.0713924986957042,-0.24961802460709398,
153.39999999999984,5.160826858636535,4.100824658544923,-0.0571428571428636,0.5,-0.1428571428571429,4.187642433974177,4.533130006734437,-0.9739427048898244,0.45,0.5506511165831831,9.04426603897828,1.0713924986957042,-0.2818071315483171,
153.59999999999982,5.260593535964823,4.094044366847793,-0.08571428571429207,0.5,-0.1428571428571429,4.187642433974177,4.533130006734437,-0.8601102243258141,0.0,0.5691624028200533,9.04426603897828,1.0713924986957042,-0.47072895266571824,
153.7999999999998,5.360125798706215,4.084416753737414,-0.11428571428572054,0.5,-0.1428571428571429,4.248833791433087,4.467180348284224,-0.7606325218667553,0.45,0.4973885122952963,9.04426603897828,1.0713924986957042,-0.5029639790252763,
153.9999999999998,5.459342401561102,4.071949677955161,-0.142857142857149,0.5,-0.1428571428571429,4.316184183735941,4.407530017260345,-0.6651917532248195,0.45,0.4772038432096743,9.04426603897828,1.0713924986957042,-0.5352956125930864,
154.1999999999998,5.558162356893884,4.05665331601345,-0.17142857142857748,0.5,-0.1428571428571429,4.388782416049737,4.354383839897101,-0.5764658481616785,0.45,0.44362952531570227,9.04426603897828,1.0713924986957042,-0.5662863264278489,
154.39999999999978,5.656505000840829,4.038540153888932,-0.20000000000000595,0.5,-0.1428571428571429,4.465658858549991,4.307629723220787,-0.49630845805175916,0.45,0.4007869505495991,9.04426603897828,1.0713924986957042,-0.5952448675827104,
154.59999999999977,5.75429005915365,4.017624976830564,-0.22857142857143442,0.5,-0.1428571428571429,4.5458895556176016,4.266887960142613,-0.4258171447307131,0.45,0.35245656660523217,9.04426603897828,1.0713924986957042,-0.6220130691722948,
154.79999999999976,5.827214902182275,4.000109956272193,-0.2571428571428629,0.5,-0.1428571428571429,4.628661287445234,4.2315816533442705,-0.3654595050017715,0.45,0.3017881986447062,9.04426603897828,1.0713924986957042,-0.5967276702121812,
154.99999999999974,5.827214902182275,4.000109956272193,-0.26428571428572,0.5,-0.1428571428571429,4.713300360972516,4.201009935898425,-0.3152164939109028,0.45,0.25121505545434,9.04426603897828,1.0713924986957042,-0.41928296782532515,
155.19999999999973,5.827214902182275,4.000109956272193,-0.2714285714285771,0.5,-0.1428571428571429,4.799274350415354,4.174412280041453,-0.27471799779748807,0.45,0.20249248056707758,9.04426603897828,1.0713924986957042,-0.24092671372452562,
155.39999999999972,5.827214902182275,4.000109956272193,-0.27857142857143424,0.5,-0.1428571428571429,4.886177282524588,4.151018731728074,-0.24335881881811794,0.45,0.1567958948968469,9.04426603897828,1.0713924986957042,0.43798466823538956,
155.5999999999997,5.827214902182275,4.000109956272193,-0.28571428571429136,0.5,-0.1428571428571429,4.973712086245443,4.130106888971023,-0.219741256706536,0.45,0.11808781055791123,9.04426603897828,1.0713924986957042,0.47059989474257646,
155.7999999999997,5.827214902182275,4.000109956272193,-0.2928571428571485,0.5,-0.1428571428571429,5.0616856822620475,4.111122343158811,-0.2005352159992686,0.45,0.09603020353633562,9.04426603897828,1.0713924986957042,-20.20922275878945,
155.9999999999997,5.827214902182275,4.000109956272193,-0.28571428571429136,0.125,0.1428571428571428,5.0616856822620475,4.111122343158811,-0.18470816872109097,0.0,0.07913523639088521,9.04426603897828,1.0713924986957042,-20.280980586488635,
156.19999999999968,5.827214902182275,4.000109956272193,-0.27857142857143424,0.125,0.1428571428571428,5.0616856822620475,4.111122343158811,-0.1733126946808028,0.0,0.056977370201436534,9.04426603897828,1.0713924986957042,-20.280930886645706,
156.39999999999966,5.827214902182275,4.000109956272193,-0.2714285714285771,0.125,0.1428571428571428,5.0616856822620475,4.111122343158811,-0.1651079533717965,0.0,0.04102370654503309,9.04426603897828,1.0713924986957042,-20.280882411678228,
156.59999999999965,5.827214902182275,4.000109956272193,-0.26428571428572,0.125,0.1428571428571428,5.0616856822620475,4.111122343158811,-0.15920053962931213,0.0,0.029537068712424296,9.04426603897828,1.0713924986957042,-20.280835166056544,
156.79999999999964,5.827214902182275,4.000109956272193,-0.2571428571428629,0.125,0.1428571428571428,5.0616856822620475,4.111122343158811,-0.1549472017347231,0.0,0.021266689472946163,9.04426603897828,1.0713924986957042,-20.280789152760896,
156.99999999999963,5.827214902182275,4.000109956272193,-0.2500000000000058,0.125,0.1428571428571428,5.0616856822620475,4.111122343158811,-0.15188479845061842,0.0,0.015312016420521511,9.04426603897828,1.0713924986957042,-20.280744371791275,
157.19999999999962,5.827214902182275,4.000109956272193,-0.24285714285714866,0.125,0.1428571428571428,5.0616856822620475,4.111122343158811,-0.14967986808606248,0.0,0.011024651822774966,9.04426603897828,1.0713924986957042,-20.280700827618034,
157.3999999999996,5.827214902182275,4.000109956272193,-0.23571428571429154,0.125,0.1428571428571428,5.0616856822620475,4.111122343158811,-0.1480923182235827,0.0,0.007937749312396658,9.04426603897828,1.0713924986957042,-20.28065852024117,
157.5999999999996,5.827214902182275,4.000109956272193,-0.22857142857143442,0.125,0.1428571428571428,5.0616856822620475,4.111122343158811,-0.1469492823225984,0.0,0.0057151795049249715,9.04426603897828,1.0713924986957042,-20.28061745413104,
157.79999999999959,5.827214902182275,4.000109956272193,-0.2214285714285773,0.125,0.1428571428571428,5.0616856822620475,4.111122343158811,-0.14612629647388964,0.0,0.00411492924354695,9.04426603897828,1.0713924986957042,-20.28057762928763,
157.99999999999957,5.827214902182275,4.000109956272193,-0.20000000000000595,0.25,0.4285714285714284,5.0616856822620475,4.111122343158811,-0.14553374666281904,0.0,0.002962749055354674,9.04426603897828,1.0713924986957042,-20.27229003291957,
158.19999999999956,5.827214902182275,4.000109956272193,-0.1785714285714346,0.25,0.4285714285714284,5.0616856822620475,4.111122343158811,-0.14510711079884864,0.0,0.002133179319855838,9.04426603897828,1.0713924986957042,-20.27208853643768,
158.39999999999955,5.827214902182275,4.000109956272193,-0.15714285714286325,0.25,0.4285714285714284,5.0616856822620475,4.111122343158811,-0.14479993297678995,0.0,0.0015358891102972725,9.04426603897828,1.0713924986957042,-20.271909636076614,
158.59999999999954,5.827214902182275,4.000109956272193,-0.1357142857142919,0.25,0.4285714285714284,5.0616856822620475,4.111122343158811,-0.14457876494490662,0.0,0.0011058401594151055,9.04426603897828,1.0713924986957042,-20.271753412302658,
158.79999999999953,5.827214902182275,4.000109956272193,-0.11428571428572054,0.25,0.4285714285714284,5.0616856822620475,4.111122343158811,-0.14441952396195035,0.0,0.0007962049147784533,9.04426603897828,1.0713924986957042,-20.27161993366115,
158.99999999999952,5.827214902182275,4.000109956272193,-0.12142857142857766,0.5,-0.1428571428571429,5.0616856822620475,4.111122343158811,-0.14430487045422247,0.0,0.0005732675386396657,9.04426603897828,1.0713924986957042,-20.20570296742478,
159.1999999999995,5.827214902182275,4.000109956272193,-0.12857142857143478,0.5,-0.1428571428571429,5.0616856822620475,4.111122343158811,-0.14422231992865875,0.0,0.0004127526278206339,9.04426603897828,1.0713924986957042,-20.205791951198968,
159.3999999999995,5.827214902182275,4.000109956272193,-0.10714285714286342,0.25,0.4285714285714284,5.0616856822620475,4.111122343158811,-0.14416288355025308,0.0,0.0002971818920314284,9.04426603897828,1.0713924986957042,-20.271580508168864,
159.59999999999948,5.827214902182275,4.000109956272193,-0.11428571428572054,0.5,-0.1428571428571429,5.0616856822620475,4.111122343158811,-0.1441200893578003,0.0,0.00021397096226349885,9.04426603897828,1.0713924986957042,-20.205619044084937,
159.79999999999947,5.827214902182275,4.000109956272193,-0.12142857142857766,0.5,-0.1428571428571429,5.0616856822620475,4.111122343158811,-0.14408927753923528,0.0,0.00015405909282959482,9.04426603897828,1.0713924986957042,-20.20570296742478,
159.99999999999946,5.827214902182275,4.000109956272193,-0.12857142857143478,0.5,-0.1428571428571429,5.0616856822620475,4.111122343158811,-0.14406709302986798,0.0,0.0001109225468385766,9.04426603897828,1.0713924986957042,-20.205791951198968,
160.19999999999945,5.827214902182275,4.000109956272193,-0.10714285714286342,0.25,0.4285714285714284,5.0616856822620475,4.111122343158811,-0.14405112018312316,0.0,7.986423372434713e-05,9.04426603897828,1.0713924986957042,-20.271580508168864,
160.39999999999944,5.827214902182275,4.000109956272193,-0.11428571428572054,0.5,-0.1428571428571429,5.0616856822620475,4.111122343158811,-0.14403961973346746,0.0,5.7502248281604544e-05,9.04426603897828,1.0713924986957042,-20.205619044084937,
160.59999999999943,5.827214902182275,4.000109956272193,-0.12142857142857766,0.5,-0.1428571428571429,5.0616856822620475,4.111122343158811,-0.14403133940971458,0.0,4.140161876362569e-05,9.04426603897828,1.0713924986957042,-20.20570296742478,
160.79999999999941,5.827214902182275,4.000109956272193,-0.12857142857143478,0.5,-0.1428571428571429,5.0616856822620475,4.111122343158811,-0.1440253775766127,0.0,2.9809165509586676e-05,9.04426603897828,1.0713924986957042,-20.205791951198968,
160.9999999999994,5.827214902182275,4.000109956272193,-0.10714285714286342,0.25,0.4285714285714284,5.0616856822620475,4.111122343158811,-0.1440210850567798,0.0,2.1462599166977012e-05,9.04426603897828,1.0713924986957042,-20.271580508168864,
161.1999999999994,5.827214902182275,4.000109956272193,-0.11428571428572054,0.5,-0.1428571428571429,5.0616856822620475,4.111122343158811,-0.14401799444249974,0.0,1.5453071400894914e-05,9.04426603897828,1.0713924986957042,-20.205619044084937,
161.39999999999938,5.827214902182275,4.000109956272193,-0.12142857142857766,0.5,-0.1428571428571429,5.0616856822620475,4.111122343158811,-0.14401576920021775,0.0,1.112621140881842e-05,9.04426603897828,1.0713924986957042,-20.20570296742478,
161.59999999999937,5.827214902182275,4.000109956272193,-0.12857142857143478,0.5,-0.1428571428571429,5.0616856822620475,4.111122343158811,-0.14401416702577485,0.0,8.010872214025966e-06,9.04426603897828,1.0713924986957042,-20.205791951198968,
161.79999999999936,5.827214902182275,4.000109956272193,-0.10714285714286342,0.25,0.4285714285714284,5.0616856822620475,4.111122343158811,-0.14401301346017625,0.0,5.76782799397435e-06,9.04426603897828,1.0713924986957042,-20.271580508168864,
161.99999999999935,5.827214902182275,4.000109956272193,-0.11428571428572054,0.5,-0.1428571428571429,5.0616856822620475,4.111122343158811,-0.14401218289294526,0.0,4.152836155935091e-06,9.04426603897828,1.0713924986957042,-20.205619044084937,
162.19999999999933,5.827214902182275,4.000109956272193,-0.12142857142857766,0.5,-0.1428571428571429,5.0616856822620475,4.111122343158811,-0.14401158488453802,0.0,2.9900420325468243e-06,9.04426603897828,1.0713924986957042,-20.20570296742478,
162.39999999999932,5.827214902182275,4.000109956272193,-0.12857142857143478,0.5,-0.1428571428571429,5.0616856822620475,4.111122343158811,-0.14401115431848588,0.0,2.1528302624140846e-06,9.04426603897828,1.0713924986957042,-20.205791951198968,
162.5999999999993,5.827214902182275,4.000109956272193,-0.10714285714286342,0.25,0.4285714285714284,5.0616856822620475,4.111122343158811,-0.14401084431092848,0.0,1.550037789410652e-06,9.04426603897828,1.0713924986957042,-20.271580508168864,
162.7999999999993,5.827214902182275,4.000109956272193,-0.11428571428572054,0.5,-0.1428571428571429,5.0616856822620475,4.111122343158811,-0.1440106211054868,0.0,1.1160272090471322e-06,9.04426603897828,1.0713924986957042,-20.205619044084937,
162.9999999999993,5.827214902182275,4.000109956272193,-0.12142857142857766,0.5,-0.1428571428571429,5.0616856822620475,4.111122343158811,-0.1440104603975687,0.0,8.035395906880182e-07,9.04426603897828,1.0713924986957042,-20.20570296742478,
163.19999999999928,5.827214902182275,4.000109956272193,-0.12857142857143478,0.5,-0.1428571428571429,5.0616856822620475,4.111122343158811,-0.14401034468786733,0.0,5.785485053699801e-07,9.04426603897828,1.0713924986957042,-20.205791951198968,
163.39999999999927,5.827214902182275,4.000109956272193,-0.10714285714286342,0.25,0.4285714285714284,5.0616856822620475,4.111122343158811,-0.14401026137688255,0.0,4.165549234436128e-07,9.04426603897828,1.0713924986957042,-20.271580508168864,
163.59999999999926,5.827214902182275,4.000109956272193,-0.11428571428572054,0.5,-0.1428571428571429,5.0616856822620475,4.111122343158811,-0.14401020139297316,0.0,2.999195447550562e-07,9.04426603897828,1.0713924986957042,-20.205619044084937,
163.79999999999924,5.827214902182275,4.000109956272193,-0.12142857142857766,0.5,-0.1428571428571429,5.0616856822620475,4.111122343158811,-0.14401015820455854,0.0,2.1594207160191557e-07,9.04426603897828,1.0713924986957042,-20.20570296742478,
163.99999999999923,5.827214902182275,4.000109956272193,-0.12857142857143478,0.5,-0.1428571428571429,5.0616856822620475,4.111122343158811,-0.14401012710890093,0.0,1.554782911306063e-07,9.04426603897828,1.0713924986957042,-20.205791951198968,
164.19999999999922,5.827214902182275,4.000109956272193,-0.10714285714286342,0.25,0.4285714285714284,5.0616856822620475,4.111122343158811,-0.14401010472002618,0.0,1.1194437048445138e-07,9.04426603897828,1.0713924986957042,-20.271580508168864,
164.3999999999992,5.827214902182275,4.000109956272193,-0.11428571428572054,0.5,-0.1428571428571429,5.0616856822620475,4.111122343158811,-0.14401008860003728,0.0,8.059994582865215e-08,9.04426603897828,1.0713924986957042,-20.205619044084937,
164.5999999999992,5.827214902182275,4.000109956272193,-0.12142857142857766,0.5,-0.1428571428571429,5.0616856822620475,4.111122343158811,-0.144010076993645,0.0,5.8031961369664485e-08,9.04426603897828,1.0713924986957042,-20.20570296742478,
164.7999999999992,5.827214902182275,4.000109956272193,-0.12857142857143478,0.5,-0.1428571428571429,5.0616856822620475,4.111122343158811,-0.14401006863704247,0.0,4.1783012161289435e-08,9.04426603897828,1.0713924986957042,-20.205791951198968,
164.99999999999918,5.827214902182275,4.000109956272193,-0.10714285714286342,0.25,0.4285714285714284,5.0616856822620475,4.111122343158811,-0.14401006262028915,0.0,3.008376863178341e-08,9.04426603897828,1.0713924986957042,-20.271580508168864,
165.19999999999916,5.827214902182275,4.000109956272193,-0.11428571428572054,0.5,-0.1428571428571429,5.0616856822620475,4.111122343158811,-0.14401005828822555,0.0,2.166031398687096e-08,9.04426603897828,1.0713924986957042,-20.205619044084937,
165.39999999999915,5.827214902182275,4.000109956272193,-0.12142857142857766,0.5,-0.1428571428571429,5.0616856822620475,4.111122343158811,-0.14401005516914012,0.0,1.5595424951442283e-08,9.04426603897828,1.0713924986957042,-20.20570296742478,
165.59999999999914,5.827214902182275,4.000109956272193,-0.12857142857143478,0.5,-0.1428571428571429,5.0616856822620475,4.111122343158811,-0.14401005292339875,0.0,1.1228705343313549e-08,9.04426603897828,1.0713924986957042,-20.205791951198968,
165.79999999999913,5.827214902182275,4.000109956272193,-0.10714285714286342,0.25,0.4285714285714284,5.0616856822620475,4.111122343158811,-0.1440100513064646,0.0,8.084667424412827e-09,9.04426603897828,1.0713924986957042,-20.271580508168864,
165.99999999999912,5.827214902182275,4.000109956272193,-0.11428571428572054,0.5,-0.1428571428571429,5.0616856822620475,4.111122343158811,-0.1440100501422723,0.0,5.820959625424393e-09,9.04426603897828,1.0713924986957042,-20.205619044084937,
166.1999999999991,5.827214902182275,4.000109956272193,-0.12142857142857766,0.5,-0.1428571428571429,5.0616856822620475,4.111122343158811,-0.14401004930405392,0.0,4.191090408056652e-09,9.04426603897828,1.0713924986957042,-20.20570296742478,
166.3999999999991,5.827214902182275,4.000109956272193,-0.12857142857143478,0.5,-0.1428571428571429,5.0616856822620475,4.111122343158811,-0.14401004870053669,0.0,3.017584671027862e-09,9.04426603897828,1.0713924986957042,-20.205791951198968,
166.59999999999908,5.827214902182275,4.000109956272193,-0.10714285714286342,0.25,0.4285714285714284,5.0616856822620475,4.111122343158811,-0.14401004826600428,0.0,2.1726605403671327e-09,9.04426603897828,1.0713924986957042,-20.271580508168864,
166.79999999999907,5.827214902182275,4.000109956272193,-0.11428571428572054,0.5,-0.1428571428571429,5.0616856822620475,4.111122343158811,-0.14401004795314165,0.0,1.5643151662914077e-09,9.04426603897828,1.0713924986957042,-20.205619044084937,
166.99999999999906,5.827214902182275,4.000109956272193,-0.12142857142857766,0.5,-0.1428571428571429,5.0616856822620475,4.111122343158811,-0.14401004772788006,0.0,1.126307491716716e-09,9.04426603897828,1.0713924986957042,-20.20570296742478,
167.19999999999905,5.827214902182275,4.000109956272193,-0.12857142857143478,0.5,-0.1428571428571429,5.0616856822620475,4.111122343158811,-0.14401004756569158,0.0,8.109412696910567e-10,9.04426603897828,1.0713924986957042,-20.205791951198968,
167.39999999999904,5.827214902182275,4.000109956272193,-0.10714285714286342,0.25,0.4285714285714284,5.0616856822620475,4.111122343158811,-0.14401004744891566,0.0,5.838773908806161e-10,9.04426603897828,1.0713924986957042,-20.271580508168864,
167.59999999999903,5.827214902182275,4.000109956272193,-0.11428571428572054,0.5,-0.1428571428571429,5.0616856822620475,4.111122343158811,-0.14401004736483713,0.0,4.203910997091498e-10,9.04426603897828,1.0713924986957042,-20.205619044084937,
167.79999999999902,5.827214902182275,4.000109956272193,-0.12142857142857766,0.5,-0.1428571428571429,5.0616856822620475,4.111122343158811,-0.14401004730430067,0.0,3.0268116901766003e-10,9.04426603897828,1.0713924986957042,-20.20570296742478,
167.999999999999,5.827214902182275,4.000109956272193,-0.12857142857143478,0.5,-0.1428571428571429,5.0616856822620475,4.111122343158811,-0.1440100472607142,0.0,2.1793011839577045e-10,9.04426603897828,1.0713924986957042,-20.205791951198968,
168.199999999999,5.827214902182275,4.000109956272193,-0.10714285714286342,0.25,0.4285714285714284,5.0616856822620475,4.111122343158811,-0.14401004722933308,0.0,1.5690906352006095e-10,9.04426603897828,1.0713924986957042,-20.271580508168864,
168.39999999999898,5.827214902182275,4.000109956272193,-0.11428571428572054,0.5,-0.1428571428571429,5.0616856822620475,4.111122343158811,-0.14401004720673782,0.0,1.1297549562527819e-10,9.04426603897828,1.0713924986957042,-20.205619044084937,
168.59999999999897,5.827214902182275,4.000109956272193,-0.12142857142857766,0.5,-0.1428571428571429,5.0616856822620475,4.111122343158811,-0.14401004719046995,0.0,8.134213302923853e-11,9.04426603897828,1.0713924986957042,-20.20570296742478,
168.79999999999896,5.827214902182275,4.000109956272193,-0.12857142857143478,0.5,-0.1428571428571429,5.0616856822620475,4.111122343158811,-0.14401004717875665,0.0,5.856710671992005e-11,9.04426603897828,1.0713924986957042,-20.205791951198968,
168.99999999999895,5.827214902182275,4.000109956272193,-0.10714285714286342,0.25,0.4285714285714284,5.0616856822620475,4.111122343158811,-0.1440100471703225,0.0,4.2168490921312696e-11,9.04426603897828,1.0713924986957042,-20.271580508168864,
169.19999999999894,5.827214902182275,4.000109956272193,-0.11428571428572054,0.5,-0.1428571428571429,5.0616856822620475,4.111122343158811,-0.14401004716425092,0.0,3.036069173845135e-11,9.04426603897828,1.0713924986957042,-20.205619044084937,
169.39999999999893,5.827214902182275,4.000109956272193,-0.12142857142857766,0.5,-0.1428571428571429,5.0616856822620475,4.111122343158811,-0.1440100471598793,0.0,2.186046899055327e-11,9.04426603897828,1.0713924986957042,-20.20570296742478,
169.59999999999891,5.827214902182275,4.000109956272193,-0.12857142857143478,0.5,-0.1428571428571429,5.0616856822620475,4.111122343158811,-0.1440100471567316,0.0,1.5740209136083647e-11,9.04426603897828,1.0713924986957042,-20.205791951198968,
169.7999999999989,5.827214902182275,4.000109956272193,-0.10714285714286342,0.25,0.4285714285714284,5.0616856822620475,4.111122343158811,-0.14401004715446497,0.0,1.1333423088899507e-11,9.04426603897828,1.0713924986957042,-20.271580508168864,
169.9999999999989,5.827214902182275,4.000109956272193,-0.11428571428572054,0.5,-0.1428571428571429,5.0616856822620475,4.111122343158811,-0.1440100471528325,0.0,8.1601392309949e-12,9.04426603897828,1.0713924986957042,-20.205619044084937,
170.19999999999888,5.827214902182275,4.000109956272193,-0.12142857142857766,0.5,-0.1428571428571429,5.0616856822620475,4.111122343158811,-0.14401004715165833,0.0,5.874678521422538e-12,9.04426603897828,1.0713924986957042,-20.20570296742478,
170.39999999999887,5.827214902182275,4.000109956272193,-0.12857142857143478,0.5,-0.1428571428571429,5.0616856822620475,4.111122343158811,-0.14401004715081278,0.0,4.2308379022415465e-12,9.04426603897828,1.0713924986957042,-20.205791951198968,
170.59999999999886,5.827214902182275,4.000109956272193,-0.10714285714286342,0.25,0.4285714285714284,5.0616856822620475,4.111122343158811,-0.1440100471502035,0.0,3.0470737044652195e-12,9.04426603897828,1.0713924986957042,-20.271580508168864,
170.79999999999885,5.827214902182275,4.000109956272193,-0.11428571428572054,0.5,-0.1428571428571429,5.0616856822620475,4.111122343158811,-0.14401004714976473,0.0,2.194067150185219e-12,9.04426603897828,1.0713924986957042,-20.205619044084937,
170.99999999999883,5.827214902182275,4.000109956272193,-0.12142857142857766,0.5,-0.1428571428571429,5.0616856822620475,4.111122343158811,-0.14401004714944854,0.0,1.5798029551206126e-12,9.04426603897828,1.0713924986957042,-20.20570296742478,
171.19999999999882,5.827214902182275,4.000109956272193,-0.12857142857143478,0.5,-0.1428571428571429,5.0616856822620475,4.111122343158811,-0.14401004714922117,0.0,1.1371348307420703e-12,9.04426603897828,1.0713924986957042,-20.205791951198968,
171.3999999999988,5.827214902182275,4.000109956272193,-0.10714285714286342,0.25,0.4285714285714284,5.0616856822620475,4.111122343158811,-0.14401004714905774,0.0,8.188116851215454e-13,9.04426603897828,1.0713924986957042,-20.271580508168864,
171.5999999999988,5.827214902182275,4.000109956272193,-0.11428571428572054,0.5,-0.1428571428571429,5.0616856822620475,4.111122343158811,-0.1440100471489405,0.0,5.900169242067932e-13,9.04426603897828,1.0713924986957042,-20.205619044084937,
171.7999999999988,5.827214902182275,4.000109956272193,-0.12142857142857766,0.5,-0.1428571428571429,5.0616856822620475,4.111122343158811,-0.14401004714885524,0.0,4.2588155224621e-13,9.04426603897828,1.0713924986957042,-20.20570296742478,
171.99999999999878,5.827214902182275,4.000109956272193,-0.12857142857143478,0.5,-0.1428571428571429,5.0616856822620475,4.111122343158811,-0.14401004714879484,0.0,3.065103726385132e-13,9.04426603897828,1.0713924986957042,-20.205791951198968,
172.19999999999877,5.827214902182275,4.000109956272193,-0.10714285714286342,0.25,0.4285714285714284,5.0616856822620475,4.111122343158811,-0.14401004714875043,0.0,2.2195578708306128e-13,9.04426603897828,1.0713924986957042,-20.271580508168864,
172.39999999999876,5.827214902182275,4.000109956272193,-0.11428571428572054,0.5,-0.1428571428571429,5.0616856822620475,4.111122343158811,-0.14401004714871846,0.0,1.597832977040525e-13,9.04426603897828,1.0713924986957042,-20.205619044084937,
172.59999999999874,5.827214902182275,4.000109956272193,-0.12142857142857766,0.5,-0.1428571428571429,5.0616856822620475,4.111122343158811,-0.14401004714869536,0.0,1.1501910535116622e-13,9.04426603897828,1.0713924986957042,-20.20570296742478,
172.79999999999873,5.827214902182275,4.000109956272193,-0.12857142857143478,0.5,-0.1428571428571429,5.0616856822620475,4.111122343158811,-0.14401004714867938,0.0,8.268941087408165e-14,9.04426603897828,1.0713924986957042,-20.205791951198968,
172.99999999999872,5.827214902182275,4.000109956272193,-0.10714285714286342,0.25,0.4285714285714284,5.0616856822620475,4.111122343158811,-0.14401004714866694,0.0,6.03073146976385e-14,9.04426603897828,1.0713924986957042,-20.271580508168864,
173.1999999999987,5.827214902182275,4.000109956272193,-0.11428571428572054,0.5,-0.1428571428571429,5.0616856822620475,4.111122343158811,-0.14401004714865806,0.0,4.2899017671516046e-14,9.04426603897828,1.0713924986957042,-20.205619044084937,
173.3999999999987,5.827214902182275,4.000109956272193,-0.12142857142857766,0.5,-0.1428571428571429,5.0616856822620475,4.111122343158811,-0.14401004714865273,0.0,3.046451979571429e-14,9.04426603897828,1.0713924986957042,-20.20570296742478,
173.5999999999987,5.827214902182275,4.000109956272193,-0.12857142857143478,0.5,-0.1428571428571429,5.0616856822620475,4.111122343158811,-0.1440100471486474,0.0,2.3003821070233242e-14,9.04426603897828,1.0713924986957042,-20.205791951198968,
173.79999999999868,5.827214902182275,4.000109956272193,-0.10714285714286342,0.25,0.4285714285714284,5.0616856822620475,4.111122343158811,-0.14401004714864385,0.0,1.554312234475219e-14,9.04426603897828,1.0713924986957042,-20.271580508168864,
173.99999999999866,5.827214902182275,4.000109956272193,-0.11428571428572054,0.5,-0.1428571428571429,5.0616856822620475,4.111122343158811,-0.14401004714864207,0.0,1.0569323194431489e-14,9.04426603897828,1.0713924986957042,-20.205619044084937,
174.19999999999865,5.827214902182275,4.000109956272193,-0.12142857142857766,0.5,-0.1428571428571429,5.0616856822620475,4.111122343158811,-0.1440100471486403,0.0,8.08242361927114e-15,9.04426603897828,1.0713924986957042,-20.20570296742478,
174.39999999999864,5.827214902182275,4.000109956272193,-0.12857142857143478,0.5,-0.1428571428571429,5.0616856822620475,4.111122343158811,-0.14401004714863852,0.0,5.595524044110789e-15,9.04426603897828,1.0713924986957042,-20.205791951198968,
174.59999999999863,5.827214902182275,4.000109956272193,-0.10714285714286342,0.25,0.4285714285714284,5.0616856822620475,4.111122343158811,-0.14401004714863852,0.0,3.1086244689504383e-15,9.04426603897828,1.0713924986957042,-20.271580508168864,
174.79999999999862,5.827214902182275,4.000109956272193,-0.11428571428572054,0.5,-0.1428571428571429,5.0616856822620475,4.111122343158811,-0.14401004714863852,0.0,3.1086244689504383e-15,9.04426603897828,1.0713924986957042,-20.205619044084937,
174.9999999999986,5.827214902182275,4.000109956272193,-0.12142857142857766,0.5,-0.1428571428571429,5.0616856822620475,4.111122343158811,-0.14401004714863852,0.0,3.1086244689504383e-15,9.04426603897828,1.0713924986957042,-20.20570296742478,
175.1999999999986,5.827214902182275,4.000109956272193,-0.12857142857143478,0.5,-0.1428571428571429,5.0616856822620475,4.111122343158811,-0.14401004714863852,0.0,3.1086244689504383e-15,9.04426603897828,1.0713924986957042,-20.205791951198968,
175.39999999999858,5.827214902182275,4.000109956272193,-0.10714285714286342,0.25,0.4285714285714284,5.0616856822620475,4.111122343158811,-0.14401004714863852,0.0,3.1086244689504383e-15,9.04426603897828,1.0713924986957042,-20.271580508168864,
175.59999999999857,5.827214902182275,4.000109956272193,-0.11428571428572054,0.5,-0.1428571428571429,5.0616856822620475,4.111122343158811,-0.14401004714863852,0.0,3.1086244689504383e-15,9.04426603897828,1.0713924986957042,-20.205619044084937,
175.79999999999856,5.827214902182275,4.000109956272193,-0.12142857142857766,0.5,-0.1428571428571429,5.0616856822620475,4.111122343158811,-0.14401004714863852,0.0,3.1086244689504383e-15,9.04426603897828,1.0713924986957042,-20.20570296742478,
175.99999999999855,5.827214902182275,4.000109956272193,-0.12857142857143478,0.5,-0.1428571428571429,5.0616856822620475,4.111122343158811,-0.14401004714863852,0.0,3.1086244689504383e-15,9.04426603897828,1.0713924986957042,-20.205791951198968,
176.19999999999854,5.827214902182275,4.000109956272193,-0.10714285714286342,0.25,0.4285714285714284,5.0616856822620475,4.111122343158811,-0.14401004714863852,0.0,3.1086244689504383e-15,9.04426603897828,1.0713924986957042,-20.271580508168864,
176.39999999999853,5.827214902182275,4.000109956272193,-0.11428571428572054,0.5,-0.1428571428571429,5.0616856822620475,4.111122343158811,-0.14401004714863852,0.0,3.1086244689504383e-15,9.04426603897828,1.0713924986957042,-20.205619044084937,
176.59999999999852,5.827214902182275,4.000109956272193,-0.12142857142857766,0.5,-0.1428571428571429,5.0616856822620475,4.111122343158811,-0.14401004714863852,0.0,3.1086244689504383e-15,9.04426603897828,1.0713924986957042,-20.20570296742478,
176.7999999999985,5.827214902182275,4.000109956272193,-0.12857142857143478,0.5,-0.1428571428571429,5.0616856822620475,4.111122343158811,-0.14401004714863852,0.0,3.1086244689504383e-15,9.04426603897828,1.0713924986957042,-20.205791951198968,
176.9999999999985,5.827214902182275,4.000109956272193,-0.10714285714286342,0.25,0.4285714285714284,5.0616856822620475,4.111122343158811,-0.14401004714863852,0.0,3.1086244689504383e-15,9.04426603897828,1.0713924986957042,-20.271580508168864,
177.19999999999848,5.827214902182275,4.000109956272193,-0.11428571428572054,0.5,-0.1428571428571429,5.0616856822620475,4.111122343158811,-0.14401004714863852,0.0,3.1086244689504383e-15,9.04426603897828,1.0713924986957042,-20.205619044084937,
177.39999999999847,5.827214902182275,4.000109956272193,-0.12142857142857766,0.5,-0.1428571428571429,5.0616856822620475,4.111122343158811,-0.14401004714863852,0.0,3.1086244689504383e-15,9.04426603897828,1.0713924986957042,-20.20570296742478,
177.59999999999846,5.827214902182275,4.000109956272193,-0.12857142857143478,0.5,-0.1428571428571429,5.0616856822620475,4.111122343158811,-0.14401004714863852,0.0,3.1086244689504383e-15,9.04426603897828,1.0713924986957042,-20.205791951198968,
177.79999999999845,5.827214902182275,4.000109956272193,-0.10714285714286342,0.25,0.4285714285714284,5.0616856822620475,4.111122343158811,-0.14401004714863852,0.0,3.1086244689504383e-15,9.04426603897828,1.0713924986957042,-20.271580508168864,
177.99999999999844,5.827214902182275,4.000109956272193,-0.11428571428572054,0.5,-0.1428571428571429,5.0616856822620475,4.111122343158811,-0.14401004714863852,0.0,3.1086244689504383e-15,9.04426603897828,1.0713924986957042,-20.205619044084937,
178.19999999999843,5.827214902182275,4.000109956272193,-0.12142857142857766,0.5,-0.1428571428571429,5.0616856822620475,4.111122343158811,-0.14401004714863852,0.0,3.1086244689504383e-15,9.04426603897828,1.0713924986957042,-20.20570296742478,
178.3999999999984,5.827214902182275,4.000109956272193,-0.12857142857143478,0.5,-0.1428571428571429,5.0616856822620475,4.111122343158811,-0.14401004714863852,0.0,3.1086244689504383e-15,9.04426603897828,1.0713924986957042,-20.205791951198968,
178.5999999999984,5.827214902182275,4.000109956272193,-0.10714285714286342,0.25,0.4285714285714284,5.0616856822620475,4.111122343158811,-0.14401004714863852,0.0,3.1086244689504383e-15,9.04426603897828,1.0713924986957042,-20.271580508168864,
178.7999999999984,5.827214902182275,4.000109956272193,-0.11428571428572054,0.5,-0.1428571428571429,5.0616856822620475,4.111122343158811,-0.14401004714863852,0.0,3.1086244689504383e-15,9.04426603897828,1.0713924986957042,-20.205619044084937,
178.99999999999838,5.827214902182275,4.000109956272193,-0.12142857142857766,0.5,-0.1428571428571429,5.0616856822620475,4.111122343158811,-0.14401004714863852,0.0,3.1086244689504383e-15,9.04426603897828,1.0713924986957042,-20.20570296742478,
179.19999999999837,5.827214902182275,4.000109956272193,-0.12857142857143478,0.5,-0.1428571428571429,5.0616856822620475,4.111122343158811,-0.14401004714863852,0.0,3.1086244689504383e-15,9.04426603897828,1.0713924986957042,-20.205791951198968,
179.39999999999836,5.827214902182275,4.000109956272193,-0.10714285714286342,0.25,0.4285714285714284,5.0616856822620475,4.111122343158811,-0.14401004714863852,0.0,3.1086244689504383e-15,9.04426603897828,1.0713924986957042,-20.271580508168864,
179.59999999999835,5.827214902182275,4.000109956272193,-0.11428571428572054,0.5,-0.1428571428571429,5.0616856822620475,4.111122343158811,-0.14401004714863852,0.0,3.1086244689504383e-15,9.04426603897828,1.0713924986957042,-20.205619044084937,
179.79999999999833,5.827214902182275,4.000109956272193,-0.12142857142857766,0.5,-0.1428571428571429,5.0616856822620475,4.111122343158811,-0.14401004714863852,0.0,3.1086244689504383e-15,9.04426603897828,1.0713924986957042,-20.20570296742478,
179.99999999999832,5.827214902182275,4.000109956272193,-0.12857142857143478,0.5,-0.1428571428571429,5.0616856822620475,4.111122343158811,-0.14401004714863852,0.0,3.1086244689504383e-15,9.04426603897828,1.0713924986957042,-20.205791951198968,
180.1999999999983,5.827214902182275,4.000109956272193,-0.10714285714286342,0.25,0.4285714285714284,5.0616856822620475,4.111122343158811,-0.14401004714863852,0.0,3.1086244689504383e-15,9.04426603897828,1.0713924986957042,-20.271580508168864,
180.3999999999983,5.827214902182275,4.000109956272193,-0.11428571428572054,0.5,-0.1428571428571429,5.0616856822620475,4.111122343158811,-0.14401004714863852,0.0,3.1086244689504383e-15,9.04426603897828,1.0713924986957042,-20.205619044084937,
180.5999999999983,5.827214902182275,4.000109956272193,-0.12142857142857766,0.5,-0.1428571428571429,5.0616856822620475,4.111122343158811,-0.14401004714863852,0.0,3.1086244689504383e-15,9.04426603897828,1.0713924986957042,-20.20570296742478,
180.79999999999828,5.827214902182275,4.000109956272193,-0.12857142857143478,0.5,-0.1428571428571429,5.0616856822620475,4.111122343158811,-0.14401004714863852,0.0,3.1086244689504383e-15,9.04426603897828,1.0713924986957042,-20.205791951198968,
180.99999999999827,5.827214902182275,4.000109956272193,-0.10714285714286342,0.25,0.4285714285714284,5.0616856822620475,4.111122343158811,-0.14401004714863852,0.0,3.1086244689504383e-15,9.04426603897828,1.0713924986957042,-20.271580508168864,
181.19999999999825,5.827214902182275,4.000109956272193,-0.11428571428572054,0.5,-0.1428571428571429,5.0616856822620475,4.111122343158811,-0.14401004714863852,0.0,3.1086244689504383e-15,9.04426603897828,1.0713924986957042,-20.205619044084937,
181.39999999999824,5.827214902182275,4.000109956272193,-0.12142857142857766,0.5,-0.1428571428571429,5.0616856822620475,4.111122343158811,-0.14401004714863852,0.0,3.1086244689504383e-15,9.04426603897828,1.0713924986957042,-20.20570296742478,
181.59999999999823,5.827214902182275,4.000109956272193,-0.12857142857143478,0.5,-0.1428571428571429,5.0616856822620475,4.111122343158811,-0.14401004714863852,0.0,3.1086244689504383e-15,9.04426603897828,1.0713924986957042,-20.205791951198968,
181.79999999999822,5.827214902182275,4.000109956272193,-0.10714285714286342,0.25,0.4285714285714284,5.0616856822620475,4.111122343158811,-0.14401004714863852,0.0,3.1086244689504383e-15,9.04426603897828,1.0713924986957042,-20.271580508168864,
181.9999999999982,5.827214902182275,4.000109956272193,-0.11428571428572054,0.5,-0.1428571428571429,5.0616856822620475,4.111122343158811,-0.14401004714863852,0.0,3.1086244689504383e-15,9.04426603897828,1.0713924986957042,-20.205619044084937,
182.1999999999982,5.827214902182275,4.000109956272193,-0.12142857142857766,0.5,-0.1428571428571429,5.0616856822620475,4.111122343158811,-0.14401004714863852,0.0,3.1086244689504383e-15,9.04426603897828,1.0713924986957042,-20.20570296742478,
182.3999999999982,5.827214902182275,4.000109956272193,-0.12857142857143478,0.5,-0.1428571428571429,5.0616856822620475,4.111122343158811,-0.14401004714863852,0.0,3.1086244689504383e-15,9.04426603897828,1.0713924986957042,-20.205791951198968,
182.59999999999818,5.827214902182275,4.000109956272193,-0.10714285714286342,0.25,0.4285714285714284,5.0616856822620475,4.111122343158811,-0.14401004714863852,0.0,3.1086244689504383e-15,9.04426603897828,1.0713924986957042,-20.271580508168864,
182.79999999999816,5.827214902182275,4.000109956272193,-0.11428571428572054,0.5,-0.1428571428571429,5.0616856822620475,4.111122343158811,-0.14401004714863852,0.0,3.1086244689504383e-15,9.04426603897828,1.0713924986957042,-20.205619044084937,
182.99999999999815,5.827214902182275,4.000109956272193,-0.12142857142857766,0.5,-0.1428571428571429,5.0616856822620475,4.111122343158811,-0.14401004714863852,0.0,3.1086244689504383e-15,9.04426603897828,1.0713924986957042,-20.20570296742478,
183.19999999999814,5.827214902182275,4.000109956272193,-0.12857142857143478,0.5,-0.1428571428571429,5.0616856822620475,4.111122343158811,-0.14401004714863852,0.0,3.1086244689504383e-15,9.04426603897828,1.0713924986957042,-20.205791951198968,
183.39999999999813,5.827214902182275,4.000109956272193,-0.10714285714286342,0.25,0.4285714285714284,5.0616856822620475,4.111122343158811,-0.14401004714863852,0.0,3.1086244689504383e-15,9.04426603897828,1.0713924986957042,-20.271580508168864,
183.59999999999812,5.827214902182275,4.000109956272193,-0.11428571428572054,0.5,-0.1428571428571429,5.0616856822620475,4.111122343158811,-0.14401004714863852,0.0,3.1086244689504383e-15,9.04426603897828,1.0713924986957042,-20.205619044084937,
183.7999999999981,5.827214902182275,4.000109956272193,-0.12142857142857766,0.5,-0.1428571428571429,5.0616856822620475,4.111122343158811,-0.14401004714863852,0.0,3.1086244689504383e-15,9.04426603897828,1.0713924986957042,-20.20570296742478,
183.9999999999981,5.827214902182275,4.000109956272193,-0.12857142857143478,0.5,-0.1428571428571429,5.0616856822620475,4.111122343158811,-0.14401004714863852,0.0,3.1086244689504383e-15,9.04426603897828,1.0713924986957042,-20.205791951198968,
184.19999999999808,5.827214902182275,4.000109956272193,-0.10714285714286342,0.25,0.4285714285714284,5.0616856822620475,4.111122343158811,-0.14401004714863852,0.0,3.1086244689504383e-15,9.04426603897828,1.0713924986957042,-20.271580508168864,
184.39999999999807,5.827214902182275,4.000109956272193,-0.11428571428572054,0.5,-0.1428571428571429,5.0616856822620475,4.111122343158811,-0.14401004714863852,0.0,3.1086244689504383e-15,9.04426603897828,1.0713924986957042,-20.205619044084937,
184.59999999999806,5.827214902182275,4.000109956272193,-0.12142857142857766,0.5,-0.1428571428571429,5.0616856822620475,4.111122343158811,-0.14401004714863852,0.0,3.1086244689504383e-15,9.04426603897828,1.0713924986957042,-20.20570296742478,
184.79999999999805,5.827214902182275,4.000109956272193,-0.12857142857143478,0.5,-0.1428571428571429,5.0616856822620475,4.111122343158811,-0.14401004714863852,0.0,3.1086244689504383e-15,9.04426603897828,1.0713924986957042,-20.205791951198968,
184.99999999999804,5.827214902182275,4.000109956272193,-0.10714285714286342,0.25,0.4285714285714284,5.0616856822620475,4.111122343158811,-0.14401004714863852,0.0,3.1086244689504383e-15,9.04426603897828,1.0713924986957042,-20.271580508168864,
185.19999999999803,5.827214902182275,4.000109956272193,-0.11428571428572054,0.5,-0.1428571428571429,5.0616856822620475,4.111122343158811,-0.14401004714863852,0.0,3.1086244689504383e-15,9.04426603897828,1.0713924986957042,-20.205619044084937,
185.39999999999802,5.827214902182275,4.000109956272193,-0.12142857142857766,0.5,-0.1428571428571429,5.0616856822620475,4.111122343158811,-0.14401004714863852,0.0,3.1086244689504383e-15,9.04426603897828,1.0713924986957042,-20.20570296742478,
185.599999999998,5.827214902182275,4.000109956272193,-0.12857142857143478,0.5,-0.1428571428571429,5.0616856822620475,4.111122343158811,-0.14401004714863852,0.0,3.1086244689504383e-15,9.04426603897828,1.0713924986957042,-20.205791951198968,
185.799999999998,5.827214902182275,4.000109956272193,-0.10714285714286342,0.25,0.4285714285714284,5.0616856822620475,4.111122343158811,-0.14401004714863852,0.0,3.1086244689504383e-15,9.04426603897828,1.0713924986957042,-20.271580508168864,
185.99999999999798,5.827214902182275,4.000109956272193,-0.11428571428572054,0.5,-0.1428571428571429,5.0616856822620475,4.111122343158811,-0.14401004714863852,0.0,3.1086244689504383e-15,9.04426603897828,1.0713924986957042,-20.205619044084937,
186.19999999999797,5.827214902182275,4.000109956272193,-0.12142857142857766,0.5,-0.1428571428571429,5.0616856822620475,4.111122343158811,-0.14401004714863852,0.0,3.1086244689504383e-15,9.04426603897828,1.0713924986957042,-20.20570296742478,
186.39999999999796,5.827214902182275,4.000109956272193,-0.12857142857143478,0.5,-0.1428571428571429,5.0616856822620475,4.111122343158811,-0.14401004714863852,0.0,3.1086244689504383e-15,9.04426603897828,1.0713924986957042,-20.205791951198968,
186.59999999999795,5.827214902182275,4.000109956272193,-0.10714285714286342,0.25,0.4285714285714284,5.0616856822620475,4.111122343158811,-0.14401004714863852,0.0,3.1086244689504383e-15,9.04426603897828,1.0713924986957042,-20.271580508168864,
186.79999999999794,5.827214902182275,4.000109956272193,-0.11428571428572054,0.5,-0.1428571428571429,5.0616856822620475,4.111122343158811,-0.14401004714863852,0.0,3.1086244689504383e-15,9.04426603897828,1.0713924986957042,-20.205619044084937,
186.99999999999793,5.827214902182275,4.000109956272193,-0.12142857142857766,0.5,-0.1428571428571429,5.0616856822620475,4.111122343158811,-0.14401004714863852,0.0,3.1086244689504383e-15,9.04426603897828,1.0713924986957042,-20.20570296742478,
187.1999999999979,5.827214902182275,4.000109956272193,-0.12857142857143478,0.5,-0.1428571428571429,5.0616856822620475,4.111122343158811,-0.14401004714863852,0.0,3.1086244689504383e-15,9.04426603897828,1.0713924986957042,-20.205791951198968,
187.3999999999979,5.827214902182275,4.000109956272193,-0.10714285714286342,0.25,0.4285714285714284,5.0616856822620475,4.111122343158811,-0.14401004714863852,0.0,3.1086244689504383e-15,9.04426603897828,1.0713924986957042,-20.271580508168864,
187.5999999999979,5.827214902182275,4.000109956272193,-0.11428571428572054,0.5,-0.1428571428571429,5.0616856822620475,4.111122343158811,-0.14401004714863852,0.0,3.1086244689504383e-15,9.04426603897828,1.0713924986957042,-20.205619044084937,
187.79999999999788,5.827214902182275,4.000109956272193,-0.12142857142857766,0.5,-0.1428571428571429,5.0616856822620475,4.111122343158811,-0.14401004714863852,0.0,3.1086244689504383e-15,9.04426603897828,1.0713924986957042,-20.20570296742478,
187.99999999999787,5.827214902182275,4.000109956272193,-0.12857142857143478,0.5,-0.1428571428571429,5.0616856822620475,4.111122343158811,-0.14401004714863852,0.0,3.1086244689504383e-15,9.04426603897828,1.0713924986957042,-20.205791951198968,
188.19999999999786,5.827214902182275,4.000109956272193,-0.10714285714286342,0.25,0.4285714285714284,5.0616856822620475,4.111122343158811,-0.14401004714863852,0.0,3.1086244689504383e-15,9.04426603897828,1.0713924986957042,-20.271580508168864,
188.39999999999785,5.827214902182275,4.000109956272193,-0.11428571428572054,0.5,-0.1428571428571429,5.0616856822620475,4.111122343158811,-0.14401004714863852,0.0,3.1086244689504383e-15,9.04426603897828,1.0713924986957042,-20.205619044084937,
188.59999999999783,5.827214902182275,4.000109956272193,-0.12142857142857766,0.5,-0.1428571428571429,5.0616856822620475,4.111122343158811,-0.14401004714863852,0.0,3.1086244689504383e-15,9.04426603897828,1.0713924986957042,-20.20570296742478,
188.79999999999782,5.827214902182275,4.000109956272193,-0.12857142857143478,0.5,-0.1428571428571429,5.0616856822620475,4.111122343158811,-0.14401004714863852,0.0,3.1086244689504383e-15,9.04426603897828,1.0713924986957042,-20.205791951198968,
188.9999999999978,5.827214902182275,4.000109956272193,-0.10714285714286342,0.25,0.4285714285714284,5.0616856822620475,4.111122343158811,-0.14401004714863852,0.0,3.1086244689504383e-15,9.04426603897828,1.0713924986957042,-20.271580508168864,
189.1999999999978,5.827214902182275,4.000109956272193,-0.11428571428572054,0.5,-0.1428571428571429,5.0616856822620475,4.111122343158811,-0.14401004714863852,0.0,3.1086244689504383e-15,9.04426603897828,1.0713924986957042,-20.205619044084937,
189.3999999999978,5.827214902182275,4.000109956272193,-0.12142857142857766,0.5,-0.1428571428571429,5.0616856822620475,4.111122343158811,-0.14401004714863852,0.0,3.1086244689504383e-15,9.04426603897828,1.0713924986957042,-20.20570296742478,
189.59999999999778,5.827214902182275,4.000109956272193,-0.12857142857143478,0.5,-0.1428571428571429,5.0616856822620475,4.111122343158811,-0.14401004714863852,0.0,3.1086244689504383e-15,9.04426603897828,1.0713924986957042,-20.205791951198968,
189.79999999999777,5.827214902182275,4.000109956272193,-0.10714285714286342,0.25,0.4285714285714284,5.0616856822620475,4.111122343158811,-0.14401004714863852,0.0,3.1086244689504383e-15,9.04426603897828,1.0713924986957042,-20.271580508168864,
189.99999999999775,5.827214902182275,4.000109956272193,-0.11428571428572054,0.5,-0.1428571428571429,5.0616856822620475,4.111122343158811,-0.14401004714863852,0.0,3.1086244689504383e-15,9.04426603897828,1.0713924986957042,-20.205619044084937,
190.19999999999774,5.827214902182275,4.000109956272193,-0.12142857142857766,0.5,-0.1428571428571429,5.0616856822620475,4.111122343158811,-0.14401004714863852,0.0,3.1086244689504383e-15,9.04426603897828,1.0713924986957042,-20.20570296742478,
190.39999999999773,5.827214902182275,4.000109956272193,-0.12857142857143478,0.5,-0.1428571428571429,5.0616856822620475,4.111122343158811,-0.14401004714863852,0.0,3.1086244689504383e-15,9.04426603897828,1.0713924986957042,-20.205791951198968,
190.59999999999772,5.827214902182275,4.000109956272193,-0.10714285714286342,0.25,0.4285714285714284,5.0616856822620475,4.111122343158811,-0.14401004714863852,0.0,3.1086244689504383e-15,9.04426603897828,1.0713924986957042,-20.271580508168864,
190.7999999999977,5.827214902182275,4.000109956272193,-0.11428571428572054,0.5,-0.1428571428571429,5.0616856822620475,4.111122343158811,-0.14401004714863852,0.0,3.1086244689504383e-15,9.04426603897828,1.0713924986957042,-20.205619044084937,
190.9999999999977,5.827214902182275,4.000109956272193,-0.12142857142857766,0.5,-0.1428571428571429,5.0616856822620475,4.111122343158811,-0.14401004714863852,0.0,3.1086244689504383e-15,9.04426603897828,1.0713924986957042,-20.20570296742478,
191.1999999999977,5.827214902182275,4.000109956272193,-0.12857142857143478,0.5,-0.1428571428571429,5.0616856822620475,4.111122343158811,-0.14401004714863852,0.0,3.1086244689504383e-15,9.04426603897828,1.0713924986957042,-20.205791951198968,
191.39999999999768,5.827214902182275,4.000109956272193,-0.10714285714286342,0.25,0.4285714285714284,5.0616856822620475,4.111122343158811,-0.14401004714863852,0.0,3.1086244689504383e-15,9.04426603897828,1.0713924986957042,-20.271580508168864,
191.59999999999766,5.827214902182275,4.000109956272193,-0.11428571428572054,0.5,-0.1428571428571429,5.0616856822620475,4.111122343158811,-0.14401004714863852,0.0,3.1086244689504383e-15,9.04426603897828,1.0713924986957042,-20.205619044084937,
191.79999999999765,5.827214902182275,4.000109956272193,-0.12142857142857766,0.5,-0.1428571428571429,5.0616856822620475,4.111122343158811,-0.14401004714863852,0.0,3.1086244689504383e-15,9.04426603897828,1.0713924986957042,-20.20570296742478,
191.99999999999764,5.827214902182275,4.000109956272193,-0.12857142857143478,0.5,-0.1428571428571429,5.0616856822620475,4.111122343158811,-0.14401004714863852,0.0,3.1086244689504383e-15,9.04426603897828,1.0713924986957042,-20.205791951198968,
192.19999999999763,5.827214902182275,4.000109956272193,-0.10714285714286342,0.25,0.4285714285714284,5.0616856822620475,4.111122343158811,-0.14401004714863852,0.0,3.1086244689504383e-15,9.04426603897828,1.0713924986957042,-20.271580508168864,
192.39999999999762,5.827214902182275,4.000109956272193,-0.11428571428572054,0.5,-0.1428571428571429,5.0616856822620475,4.111122343158811,-0.14401004714863852,0.0,3.1086244689504383e-15,9.04426603897828,1.0713924986957042,-20.205619044084937,
192.5999999999976,5.827214902182275,4.000109956272193,-0.12142857142857766,0.5,-0.1428571428571429,5.0616856822620475,4.111122343158811,-0.14401004714863852,0.0,3.1086244689504383e-15,9.04426603897828,1.0713924986957042,-20.20570296742478,
192.7999999999976,5.827214902182275,4.000109956272193,-0.12857142857143478,0.5,-0.1428571428571429,5.0616856822620475,4.111122343158811,-0.14401004714863852,0.0,3.1086244689504383e-15,9.04426603897828,1.0713924986957042,-20.205791951198968,
192.99999999999758,5.827214902182275,4.000109956272193,-0.10714285714286342,0.25,0.4285714285714284,5.0616856822620475,4.111122343158811,-0.14401004714863852,0.0,3.1086244689504383e-15,9.04426603897828,1.0713924986957042,-20.271580508168864,
193.19999999999757,5.827214902182275,4.000109956272193,-0.11428571428572054,0.5,-0.1428571428571429,5.0616856822620475,4.111122343158811,-0.14401004714863852,0.0,3.1086244689504383e-15,9.04426603897828,1.0713924986957042,-20.205619044084937,
193.39999999999756,5.827214902182275,4.000109956272193,-0.12142857142857766,0.5,-0.1428571428571429,5.0616856822620475,4.111122343158811,-0.14401004714863852,0.0,3.1086244689504383e-15,9.04426603897828,1.0713924986957042,-20.20570296742478,
193.59999999999755,5.827214902182275,4.000109956272193,-0.12857142857143478,0.5,-0.1428571428571429,5.0616856822620475,4.111122343158811,-0.14401004714863852,0.0,3.1086244689504383e-15,9.04426603897828,1.0713924986957042,-20.205791951198968,
193.79999999999754,5.827214902182275,4.000109956272193,-0.10714285714286342,0.25,0.4285714285714284,5.0616856822620475,4.111122343158811,-0.14401004714863852,0.0,3.1086244689504383e-15,9.04426603897828,1.0713924986957042,-20.271580508168864,
193.99999999999753,5.827214902182275,4.000109956272193,-0.11428571428572054,0.5,-0.1428571428571429,5.0616856822620475,4.111122343158811,-0.14401004714863852,0.0,3.1086244689504383e-15,9.04426603897828,1.0713924986957042,-20.205619044084937,
194.19999999999752,5.827214902182275,4.000109956272193,-0.12142857142857766,0.5,-0.1428571428571429,5.0616856822620475,4.111122343158811,-0.14401004714863852,0.0,3.1086244689504383e-15,9.04426603897828,1.0713924986957042,-20.20570296742478,
194.3999999999975,5.827214902182275,4.000109956272193,-0.12857142857143478,0.5,-0.1428571428571429,5.0616856822620475,4.111122343158811,-0.14401004714863852,0.0,3.1086244689504383e-15,9.04426603897828,1.0713924986957042,-20.205791951198968,
194.5999999999975,5.827214902182275,4.000109956272193,-0.10714285714286342,0.25,0.4285714285714284,5.0616856822620475,4.111122343158811,-0.14401004714863852,0.0,3.1086244689504383e-15,9.04426603897828,1.0713924986957042,-20.271580508168864,
194.79999999999748,5.827214902182275,4.000109956272193,-0.11428571428572054,0.5,-0.1428571428571429,5.0616856822620475,4.111122343158811,-0.14401004714863852,0.0,3.1086244689504383e-15,9.04426603897828,1.0713924986957042,-20.205619044084937,
194.99999999999747,5.827214902182275,4.000109956272193,-0.12142857142857766,0.5,-0.1428571428571429,5.0616856822620475,4.111122343158811,-0.14401004714863852,0.0,3.1086244689504383e-15,9.04426603897828,1.0713924986957042,-20.20570296742478,
195.19999999999746,5.827214902182275,4.000109956272193,-0.12857142857143478,0.5,-0.1428571428571429,5.0616856822620475,4.111122343158811,-0.14401004714863852,0.0,3.1086244689504383e-15,9.04426603897828,1.0713924986957042,-20.205791951198968,
195.39999999999745,5.827214902182275,4.000109956272193,-0.10714285714286342,0.25,0.4285714285714284,5.0616856822620475,4.111122343158811,-0.14401004714863852,0.0,3.1086244689504383e-15,9.04426603897828,1.0713924986957042,-20.271580508168864,
195.59999999999744,5.827214902182275,4.000109956272193,-0.11428571428572054,0.5,-0.1428571428571429,5.0616856822620475,4.111122343158811,-0.14401004714863852,0.0,3.1086244689504383e-15,9.04426603897828,1.0713924986957042,-20.205619044084937,
195.79999999999742,5.827214902182275,4.000109956272193,-0.12142857142857766,0.5,-0.1428571428571429,5.0616856822620475,4.111122343158811,-0.14401004714863852,0.0,3.1086244689504383e-15,9.04426603897828,1.0713924986957042,-20.20570296742478,
195.9999999999974,5.827214902182275,4.000109956272193,-0.12857142857143478,0.5,-0.1428571428571429,5.0616856822620475,4.111122343158811,-0.14401004714863852,0.0,3.1086244689504383e-15,9.04426603897828,1.0713924986957042,-20.205791951198968,
196.1999999999974,5.827214902182275,4.000109956272193,-0.10714285714286342,0.25,0.4285714285714284,5.0616856822620475,4.111122343158811,-0.14401004714863852,0.0,3.1086244689504383e-15,9.04426603897828,1.0713924986957042,-20.271580508168864,
196.3999999999974,5.827214902182275,4.000109956272193,-0.11428571428572054,0.5,-0.1428571428571429,5.0616856822620475,4.111122343158811,-0.14401004714863852,0.0,3.1086244689504383e-15,9.04426603897828,1.0713924986957042,-20.205619044084937,
196.59999999999738,5.827214902182275,4.000109956272193,-0.12142857142857766,0.5,-0.1428571428571429,5.0616856822620475,4.111122343158811,-0.14401004714863852,0.0,3.1086244689504383e-15,9.04426603897828,1.0713924986957042,-20.20570296742478,
196.79999999999737,5.827214902182275,4.000109956272193,-0.12857142857143478,0.5,-0.1428571428571429,5.0616856822620475,4.111122343158811,-0.14401004714863852,0.0,3.1086244689504383e-15,9.04426603897828,1.0713924986957042,-20.205791951198968,
196.99999999999736,5.827214902182275,4.000109956272193,-0.10714285714286342,0.25,0.4285714285714284,5.0616856822620475,4.111122343158811,-0.14401004714863852,0.0,3.1086244689504383e-15,9.04426603897828,1.0713924986957042,-20.271580508168864,
197.19999999999735,5.827214902182275,4.000109956272193,-0.11428571428572054,0.5,-0.1428571428571429,5.0616856822620475,4.111122343158811,-0.14401004714863852,0.0,3.1086244689504383e-15,9.04426603897828,1.0713924986957042,-20.205619044084937,
197.39999999999733,5.827214902182275,4.000109956272193,-0.12142857142857766,0.5,-0.1428571428571429,5.0616856822620475,4.111122343158811,-0.14401004714863852,0.0,3.1086244689504383e-15,9.04426603897828,1.0713924986957042,-20.20570296742478,
197.59999999999732,5.827214902182275,4.000109956272193,-0.12857142857143478,0.5,-0.1428571428571429,5.0616856822620475,4.111122343158811,-0.14401004714863852,0.0,3.1086244689504383e-15,9.04426603897828,1.0713924986957042,-20.205791951198968,
197.7999999999973,5.827214902182275,4.000109956272193,-0.10714285714286342,0.25,0.4285714285714284,5.0616856822620475,4.111122343158811,-0.14401004714863852,0.0,3.1086244689504383e-15,9.04426603897828,1.0713924986957042,-20.271580508168864,
197.9999999999973,5.827214902182275,4.000109956272193,-0.11428571428572054,0.5,-0.1428571428571429,5.0616856822620475,4.111122343158811,-0.14401004714863852,0.0,3.1086244689504383e-15,9.04426603897828,1.0713924986957042,-20.205619044084937,
198.1999999999973,5.827214902182275,4.000109956272193,-0.12142857142857766,0.5,-0.1428571428571429,5.0616856822620475,4.111122343158811,-0.14401004714863852,0.0,3.1086244689504383e-15,9.04426603897828,1.0713924986957042,-20.20570296742478,
198.39999999999728,5.827214902182275,4.000109956272193,-0.12857142857143478,0.5,-0.1428571428571429,5.0616856822620475,4.111122343158811,-0.14401004714863852,0.0,3.1086244689504383e-15,9.04426603897828,1.0713924986957042,-20.205791951198968,
198.59999999999727,5.827214902182275,4.000109956272193,-0.10714285714286342,0.25,0.4285714285714284,5.0616856822620475,4.111122343158811,-0.14401004714863852,0.0,3.1086244689504383e-15,9.04426603897828,1.0713924986957042,-20.271580508168864,
198.79999999999725,5.827214902182275,4.000109956272193,-0.11428571428572054,0.5,-0.1428571428571429,5.0616856822620475,4.111122343158811,-0.14401004714863852,0.0,3.1086244689504383e-15,9.04426603897828,1.0713924986957042,-20.205619044084937,
198.99999999999724,5.827214902182275,4.000109956272193,-0.12142857142857766,0.5,-0.1428571428571429,5.0616856822620475,4.111122343158811,-0.14401004714863852,0.0,3.1086244689504383e-15,9.04426603897828,1.0713924986957042,-20.20570296742478,
199.19999999999723,5.827214902182275,4.000109956272193,-0.12857142857143478,0.5,-0.1428571428571429,5.0616856822620475,4.111122343158811,-0.14401004714863852,0.0,3.1086244689504383e-15,9.04426603897828,1.0713924986957042,-20.205791951198968,
199.39999999999722,5.827214902182275,4.000109956272193,-0.10714285714286342,0.25,0.4285714285714284,5.0616856822620475,4.111122343158811,-0.14401004714863852,0.0,3.1086244689504383e-15,9.04426603897828,1.0713924986957042,-20.271580508168864,
199.5999999999972,5.827214902182275,4.000109956272193,-0.11428571428572054,0.5,-0.1428571428571429,5.0616856822620475,4.111122343158811,-0.14401004714863852,0.0,3.1086244689504383e-15,9.04426603897828,1.0713924986957042,-20.205619044084937,
199.7999999999972,5.827214902182275,4.000109956272193,-0.12142857142857766,0.5,-0.1428571428571429,5.0616856822620475,4.111122343158811,-0.14401004714863852,0.0,3.1086244689504383e-15,9.04426603897828,1.0713924986957042,-20.20570296742478,
199.9999999999972,5.827214902182275,4.000109956272193,-0.12857142857143478,0.5,-0.1428571428571429,5.0616856822620475,4.111122343158811,-0.14401004714863852,0.0,3.1086244689504383e-15,9.04426603897828,1.0713924986957042,-20.205791951198968,
