t,leader_x,leader_y,leader_th,v_leader,w_leader,follower_x,follower_y,follower_th,v_follower,w_follower,goal_x,goal_y,reward,reason
0.2,2.5872367768508653,5.951121507538622,-0.5285714285714285,0.5,-0.1428571428571429,1.7,6.4,-0.3000000000000007,0.0,1.0,9.14015668429045,0.9263033090691337,0.35868089697798905,
0.4,2.673041610916269,5.8997708238855955,-0.5571428571428569,0.5,-0.1428571428571429,1.7,6.4,-0.10000000000000142,0.0,1.0,9.14015668429045,0.9263033090691337,-0.3412533769802171,
0.6000000000000001,2.757344462198528,5.8459898651148,-0.5857142857142854,0.5,-0.1428571428571429,1.7,6.4,0.060926677581862876,0.0,0.8046333879093236,9.14015668429045,0.9263033090691337,-0.5409610281185228,
0.8,2.8174856493290727,5.801278851855522,-0.7285714285714278,0.375,-0.7142857142857143,1.7,6.4,0.1767938854408051,0.0,0.5793360392947142,9.14015668429045,0.9263033090691337,-0.7654133086301842,
1.0,2.870648609551399,5.74846089319995,-0.8714285714285701,0.375,-0.7142857142857143,1.7893513803592245,6.409782640369264,-0.0038545957398046227,0.45,-0.9032424059030526,9.14015668429045,0.9263033090691337,-0.7691783328749695,
1.2,2.9157502284061643,5.6886120747252145,-1.0142857142857125,0.375,-0.7142857142857143,1.8791236240772653,6.404532975770627,-0.14933852908154321,0.45,-0.7274196667086895,9.14015668429045,0.9263033090691337,-0.7597102825738946,
1.4,2.9518716290039477,5.622951725084074,-1.157142857142855,0.375,-0.7142857142857143,1.9674031924482296,6.387267721046153,-0.2661342265725235,0.45,-0.5839784874549032,9.14015668429045,0.9263033090691337,-0.7401582618453064,
1.5999999999999999,2.9782768927443644,5.5528175740380865,-1.2999999999999983,0.375,-0.7142857142857143,2.053311902140926,6.360546055077814,-0.3606050870146742,0.45,-0.47235430221075103,9.14015668429045,0.9263033090691337,-0.7122760449745217,
1.7999999999999998,2.99442805253829,5.479638498248258,-1.4428571428571415,0.375,-0.7142857142857143,2.136525423511379,6.3263179926334585,-0.43961473285125585,0.45,-0.39504822918290816,9.14015668429045,0.9263033090691337,-0.6769635123409787,
1.9999999999999998,2.999996053069112,5.404905410086245,-1.5857142857142847,0.375,-0.7142857142857143,2.2169354717352987,6.2859296719074065,-0.5085609511165732,0.45,-0.3447310913265836,9.14015668429045,0.9263033090691337,-0.6346709733106652,
2.1999999999999997,2.9974331910005265,5.304941446586182,-1.6142857142857132,0.5,-0.1428571428571429,2.2944744471596805,6.240265825577355,-0.5716749640271992,0.45,-0.31557006455312847,9.14015668429045,0.9263033090691337,-0.5652775029138642,
2.4,2.992015650255049,5.205091496596731,-1.6428571428571417,0.5,-0.1428571428571429,2.369027623435621,6.189872361211694,-0.6322619067007818,0.45,-0.3029347133679099,9.14015668429045,0.9263033090691337,-0.5608023534015734,
2.6,2.983747853014079,5.105437064736393,-1.6714285714285702,0.5,-0.1428571428571429,2.440391609307131,6.135055804403274,-0.6929005313832501,0.45,-0.303193123412347,9.14015668429045,0.9263033090691337,-0.5637145216063577,
2.8000000000000003,2.9726365480407364,5.006059496027887,-1.6999999999999986,0.5,-0.1428571428571429,2.5082558965404544,6.075963078895582,-0.755611072471261,0.45,-0.3135527054400544,9.14015668429045,0.9263033090691337,-0.573182325293215,
3.0000000000000004,2.9586908051710394,4.907039909498568,-1.728571428571427,0.5,-0.1428571428571429,2.5721092211130347,6.012562312662913,-0.8255597915086152,0.45,-0.3497435951867682,9.14015668429045,0.9263033090691337,-0.5880722778336126,
3.2000000000000006,2.941922007910463,4.808459131965328,-1.7571428571428556,0.5,-0.1428571428571429,2.6312607531939736,5.94475674895107,-0.8999547225652851,0.45,-0.37197465528335394,9.14015668429045,0.9263033090691337,-0.6070097682484407,
3.400000000000001,2.9223438441419103,4.710397632057992,-1.785714285714284,0.5,-0.1428571428571429,2.6851511927607645,5.872700402433009,-0.9764622383864126,0.45,-0.38253757910563396,9.14015668429045,0.9263033090691337,-0.6287987070576269,
3.600000000000001,2.899972294952693,4.6129354545351235,-1.8142857142857125,0.5,-0.1428571428571429,2.733370133255453,5.796731929773535,-1.0531914432664653,0.45,-0.38364602440026807,9.14015668429045,0.9263033090691337,-0.6524607630864698,
3.800000000000001,2.8748256215896326,4.516152154945802,-1.842857142857141,0.5,-0.1428571428571429,2.7756615121750667,5.717310050986033,-1.1286691473993002,0.45,-0.37738852066417267,9.14015668429045,0.9263033090691337,-0.6772344703272898,
4.000000000000001,2.8469243505529347,4.420126734690739,-1.8714285714285694,0.5,-0.1428571428571429,2.8119164782250223,5.634955978038093,-1.2018031787554229,0.45,-0.3656701567806131,9.14015668429045,0.9263033090691337,-0.702556812246235,
4.200000000000001,2.8162912568410015,4.324937576535723,-1.899999999999998,0.5,-0.1428571428571429,2.842156106300759,5.550206573103829,-1.2718363074976553,0.45,-0.3501656437111631,9.14015668429045,0.9263033090691337,-0.7280290598467904,
4.400000000000001,2.782951345359861,4.230662380630042,-1.9285714285714264,0.5,-0.1428571428571429,2.866507791958651,5.463579782789286,-1.3382949852204957,0.45,-0.33229338861420277,9.14015668429045,0.9263033090691337,-0.7533830473617632,
4.600000000000001,2.746931830512388,4.137378101082107,-1.9571428571428549,0.5,-0.1428571428571429,2.885179213973406,5.375551974066747,-1.400937196888357,0.45,-0.31321105833930873,9.14015668429045,0.9263033090691337,-0.778447375674637,
4.800000000000002,2.7082621139839773,4.04516088314404,-1.9857142857142833,0.5,-0.1428571428571429,2.8984330076553717,5.286545503379471,-1.4597028614877665,0.45,-0.29382832299704675,9.14015668429045,0.9263033090691337,-0.8031202385620195,
5.000000000000002,2.698184242686552,4.022282148255228,-1.9999999999999976,0.5,-0.1428571428571429,2.9065642438337056,5.196924237671809,-1.5146690603061455,0.45,-0.27483099409189254,9.14015668429045,0.9263033090691337,-0.6791481623844224,
5.200000000000002,2.698184242686552,4.022282148255228,-2.007142857142855,0.5,-0.1428571428571429,2.9098818036323553,5.106994677348446,-1.5660112987626436,0.45,-0.25671119228248834,9.14015668429045,0.9263033090691337,-0.5041887799696047,
5.400000000000002,2.698184242686552,4.022282148255228,-2.014285714285712,0.5,-0.1428571428571429,2.908693951549862,5.017010603507375,-1.6139711754748562,0.45,-0.23979938356106406,9.14015668429045,0.9263033090691337,-0.3279999057249147,
5.600000000000002,2.698184242686552,4.022282148255228,-2.021428571428569,0.5,-0.1428571428571429,2.903297884048888,4.927179600505107,-1.6588302642021358,0.45,-0.2242954436363969,9.14015668429045,0.9263033090691337,0.3491666426464003,
5.8000000000000025,2.698184242686552,4.022282148255228,-2.0285714285714262,0.5,-0.1428571428571429,2.8941168207470116,4.837654153464121,-1.6965938722105536,0.45,-0.18881804004208957,9.14015668429045,0.9263033090691337,0.28139463267764264,
6.000000000000003,2.6900181050059673,4.0054042118403075,-1.9999999999999978,0.125,0.1428571428571428,2.8817945498297424,4.748505059117573,-1.7274021469473126,0.45,-0.15404137368379603,9.14015668429045,0.9263033090691337,-20.327519077290685,
6.200000000000003,2.6900181050059673,4.0054042118403075,-1.9928571428571407,0.125,0.1428571428571428,2.8817945498297424,4.748505059117573,-1.7528916043609266,0.0,-0.12744728706806976,9.14015668429045,0.9263033090691337,-20.327356345434577,
6.400000000000003,2.6900181050059673,4.0054042118403075,-1.9857142857142835,0.125,0.1428571428571428,2.8817945498297424,4.748505059117573,-1.7712440136987286,0.0,-0.0917620466890102,9.14015668429045,0.9263033090691337,-20.32719309278289,
6.600000000000003,2.6900181050059673,4.0054042118403075,-1.9785714285714264,0.125,0.1428571428571428,2.8817945498297424,4.748505059117573,-1.7844577484219464,0.0,-0.06606867361608737,9.14015668429045,0.9263033090691337,-20.327029329766425,
6.800000000000003,2.6900181050059673,4.0054042118403075,-1.9714285714285693,0.125,0.1428571428571428,2.8817945498297424,4.748505059117573,-1.795350744823006,0.0,-0.05446498200529834,9.14015668429045,0.9263033090691337,-20.32686506011048,
7.0000000000000036,2.6900181050059673,4.0054042118403075,-1.9642857142857122,0.125,0.1428571428571428,2.8817945498297424,4.748505059117573,-1.803193702231769,0.0,-0.03921478704381495,9.14015668429045,0.9263033090691337,-20.326700296481047,
7.200000000000004,2.6900181050059673,4.0054042118403075,-1.957142857142855,0.125,0.1428571428571428,2.8817945498297424,4.748505059117573,-1.8088406315660785,0.0,-0.028234646671546668,9.14015668429045,0.9263033090691337,-20.326535043348464,
7.400000000000004,2.6900181050059673,4.0054042118403075,-1.949999999999998,0.125,0.1428571428571428,2.8817945498297424,4.748505059117573,-1.8129064206867813,0.0,-0.020328945603513303,9.14015668429045,0.9263033090691337,-20.32636931039849,
7.600000000000004,2.6900181050059673,4.0054042118403075,-1.9428571428571408,0.125,0.1428571428571428,2.8817945498297424,4.748505059117573,-1.8158337888536868,0.0,-0.014636840834529428,9.14015668429045,0.9263033090691337,-20.326203109552058,
7.800000000000004,2.6900181050059673,4.0054042118403075,-1.9357142857142837,0.125,0.1428571428571428,2.8817945498297424,4.748505059117573,-1.8179414939338594,0.0,-0.010538525400861686,9.14015668429045,0.9263033090691337,-20.326036443789395,
8.000000000000004,2.6900181050059673,4.0054042118403075,-1.9285714285714266,0.125,0.1428571428571428,2.8817945498297424,4.748505059117573,-1.8194590415915837,0.0,-0.007587738288620116,9.14015668429045,0.9263033090691337,-20.32586932503143,
8.200000000000003,2.6900181050059673,4.0054042118403075,-1.9214285714285695,0.125,0.1428571428571428,2.8817945498297424,4.748505059117573,-1.8205516759051452,0.0,-0.005463171567806135,9.14015668429045,0.9263033090691337,-20.325701762963924,
8.400000000000002,2.6900181050059673,4.0054042118403075,-1.9142857142857124,0.125,0.1428571428571428,2.8817945498297424,4.748505059117573,-1.8213383726109091,0.0,-0.003933483528819969,9.14015668429045,0.9263033090691337,-20.325533762057216,
8.600000000000001,2.6900181050059673,4.0054042118403075,-1.9071428571428553,0.125,0.1428571428571428,2.8817945498297424,4.748505059117573,-1.8219047942390594,0.0,-0.0028321081407504775,9.14015668429045,0.9263033090691337,-20.32536533572236,
8.8,2.6900181050059673,4.0054042118403075,-1.8999999999999981,0.125,0.1428571428571428,2.8817945498297424,4.748505059117573,-1.8223126178113276,0.0,-0.002039117861340145,9.14015668429045,0.9263033090691337,-20.325196486939582,
9.0,2.6900181050059673,4.0054042118403075,-1.892857142857141,0.125,0.1428571428571428,2.8817945498297424,4.748505059117573,-1.8226062507833607,0.0,-0.0014681648601646557,9.14015668429045,0.9263033090691337,-20.325027227629814,
9.2,2.6900181050059673,4.0054042118403075,-1.885714285714284,0.125,0.1428571428571428,2.8817945498297424,4.748505059117573,-1.8228176665232247,0.0,-0.0010570786993183033,9.14015668429045,0.9263033090691337,-20.324857568968923,
9.399999999999999,2.6900181050059673,4.0054042118403075,-1.8785714285714268,0.125,0.1428571428571428,2.8817945498297424,4.748505059117573,-1.822969885855927,0.0,-0.0007610966635086313,9.14015668429045,0.9263033090691337,-20.324687513937146,
9.599999999999998,2.6900181050059673,4.0054042118403075,-1.8714285714285697,0.125,0.1428571428571428,2.8817945498297424,4.748505059117573,-1.823079483775472,0.0,-0.0005479895977256177,9.14015668429045,0.9263033090691337,-20.324517073710354,
9.799999999999997,2.6900181050059673,4.0054042118403075,-1.8642857142857125,0.125,0.1428571428571428,2.8817945498297424,4.748505059117573,-1.8231583942775442,0.0,-0.00039455251036244474,9.14015668429045,0.9263033090691337,-20.324346260209474,
9.999999999999996,2.6900181050059673,4.0054042118403075,-1.8571428571428554,0.125,0.1428571428571428,2.8817945498297424,4.748505059117573,-1.8232152098390362,0.0,-0.0002840778074613581,9.14015668429045,0.9263033090691337,-20.324175076414736,
10.199999999999996,2.6900181050059673,4.0054042118403075,-1.8499999999999983,0.125,0.1428571428571428,2.8817945498297424,4.748505059117573,-1.8232561170433108,0.0,-0.0002045360213726255,9.14015668429045,0.9263033090691337,-20.324003534247073,
10.399999999999995,2.6900181050059673,4.0054042118403075,-1.8428571428571412,0.125,0.1428571428571428,2.8817945498297424,4.748505059117573,-1.8232855702303885,0.0,-0.00014726593538814112,9.14015668429045,0.9263033090691337,-20.323831644137297,
10.599999999999994,2.6900181050059673,4.0054042118403075,-1.835714285714284,0.125,0.1428571428571428,2.8817945498297424,4.748505059117573,-1.8233067765250848,0.0,-0.00010603147347936214,9.14015668429045,0.9263033090691337,-20.323659410555752,
10.799999999999994,2.6900181050059673,4.0054042118403075,-1.828571428571427,0.125,0.1428571428571428,2.8817945498297424,4.748505059117573,-1.8233220450572656,0.0,-7.634266090459362e-05,9.14015668429045,0.9263033090691337,-20.323486847658547,
10.999999999999993,2.6900181050059673,4.0054042118403075,-1.8214285714285698,0.125,0.1428571428571428,2.8817945498297424,4.748505059117573,-1.8233330384004356,0.0,-5.4966715851456625e-05,9.14015668429045,0.9263033090691337,-20.323313958053383,
11.199999999999992,2.6900181050059673,4.0054042118403075,-1.8142857142857127,0.125,0.1428571428571428,2.8817945498297424,4.748505059117573,-1.8233409536075182,0.0,-3.957603541344667e-05,9.14015668429045,0.9263033090691337,-20.32314075366119,
11.399999999999991,2.6900181050059673,4.0054042118403075,-1.8071428571428556,0.125,0.1428571428571428,2.8817945498297424,4.748505059117573,-1.8233466525566175,0.0,-2.8494745497731342e-05,9.14015668429045,0.9263033090691337,-20.322967246030363,
11.59999999999999,2.6900181050059673,4.0054042118403075,-1.7999999999999985,0.125,0.1428571428571428,2.8817945498297424,4.748505059117573,-1.8233507557999689,0.0,-2.051621675871473e-05,9.14015668429045,0.9263033090691337,-20.322793438513667,
11.79999999999999,2.6900181050059673,4.0054042118403075,-1.7928571428571414,0.125,0.1428571428571428,2.8817945498297424,4.748505059117573,-1.8233537101351827,0.0,-1.4771676066871463e-05,9.14015668429045,0.9263033090691337,-20.322619342659504,
11.99999999999999,2.6900181050059673,4.0054042118403075,-1.7857142857142843,0.125,0.1428571428571428,2.8817945498297424,4.748505059117573,-1.8233558372565364,0.0,-1.0635606767550598e-05,9.14015668429045,0.9263033090691337,-20.3224449703888,
12.199999999999989,2.6900181050059673,4.0054042118403075,-1.7785714285714271,0.125,0.1428571428571428,2.8817945498297424,4.748505059117573,-1.8233573687839106,0.0,-7.657636872338002e-06,9.14015668429045,0.9263033090691337,-20.322270324681792,
12.399999999999988,2.6900181050059673,4.0054042118403075,-1.77142857142857,0.125,0.1428571428571428,2.8817945498297424,4.748505059117573,-1.82335847148362,0.0,-5.51349854838179e-06,9.14015668429045,0.9263033090691337,-20.322095420439634,
12.599999999999987,2.6900181050059673,4.0054042118403075,-1.764285714285713,0.125,0.1428571428571428,2.8817945498297424,4.748505059117573,-1.8233592654274107,0.0,-3.969718955332269e-06,9.14015668429045,0.9263033090691337,-20.32192026064256,
12.799999999999986,2.6900181050059673,4.0054042118403075,-1.7571428571428558,0.125,0.1428571428571428,2.8817945498297424,4.748505059117573,-1.8233598370669402,0.0,-2.8581976483366134e-06,9.14015668429045,0.9263033090691337,-20.321744857211502,
12.999999999999986,2.6900181050059673,4.0054042118403075,-1.7499999999999987,0.125,0.1428571428571428,2.8817945498297424,4.748505059117573,-1.8233602486474014,0.0,-2.0579023070510513e-06,9.14015668429045,0.9263033090691337,-20.32156922169486,
13.199999999999985,2.6900181050059673,4.0054042118403075,-1.7428571428571416,0.125,0.1428571428571428,2.8817945498297424,4.748505059117573,-1.8233605449853334,0.0,-1.481689661275709e-06,9.14015668429045,0.9263033090691337,-20.32139335781792,
13.399999999999984,2.6900181050059673,4.0054042118403075,-1.7357142857142844,0.125,0.1428571428571428,2.8817945498297424,4.748505059117573,-1.8233607583486444,0.0,-1.0668165565164144e-06,9.14015668429045,0.9263033090691337,-20.321217277129087,
13.599999999999984,2.6900181050059673,4.0054042118403075,-1.7285714285714273,0.125,0.1428571428571428,2.8817945498297424,4.748505059117573,-1.8233609119702283,0.0,-7.681079210897223e-07,9.14015668429045,0.9263033090691337,-20.321040991176755,
13.799999999999983,2.6900181050059673,4.0054042118403075,-1.7214285714285702,0.125,0.1428571428571428,2.8817945498297424,4.748505059117573,-1.8233610225777692,0.0,-5.53037703632242e-07,9.14015668429045,0.9263033090691337,-20.32086450368622,
13.999999999999982,2.6900181050059673,4.0054042118403075,-1.714285714285713,0.125,0.1428571428571428,2.8817945498297424,4.748505059117573,-1.8233611022151983,0.0,-3.981871463665243e-07,9.14015668429045,0.9263033090691337,-20.320687829558644,
14.199999999999982,2.6900181050059673,4.0054042118403075,-1.707142857142856,0.125,0.1428571428571428,2.8817945498297424,4.748505059117573,-1.823361159554147,0.0,-2.8669474563258743e-07,9.14015668429045,0.9263033090691337,-20.320510971401724,
14.39999999999998,2.6900181050059673,4.0054042118403075,-1.6999999999999988,0.125,0.1428571428571428,2.8817945498297424,4.748505059117573,-1.8233612008381908,0.0,-2.0642021745231886e-07,9.14015668429045,0.9263033090691337,-20.32033394150892,
14.59999999999998,2.6900181050059673,4.0054042118403075,-1.6928571428571417,0.125,0.1428571428571428,2.8817945498297424,4.748505059117573,-1.8233612305627016,0.0,-1.4862255621750363e-07,9.14015668429045,0.9263033090691337,-20.3201567516149,
14.79999999999998,2.6900181050059673,4.0054042118403075,-1.6857142857142846,0.125,0.1428571428571428,2.8817945498297424,4.748505059117573,-1.82336125196435,0.0,-1.0700824102372052e-07,9.14015668429045,0.9263033090691337,-20.31997940525869,
14.999999999999979,2.6900181050059673,4.0054042118403075,-1.6785714285714275,0.125,0.1428571428571428,2.8817945498297424,4.748505059117573,-1.8233612673735369,0.0,-7.704593318891284e-08,9.14015668429045,0.9263033090691337,-20.319801914174946,
15.199999999999978,2.6900181050059673,4.0054042118403075,-1.6714285714285704,0.125,0.1428571428571428,2.8817945498297424,4.748505059117573,-1.823361278468151,0.0,-5.5473071647327284e-08,9.14015668429045,0.9263033090691337,-20.31962429047087,
15.399999999999977,2.6900181050059673,4.0054042118403075,-1.6642857142857133,0.125,0.1428571428571428,2.8817945498297424,4.748505059117573,-1.8233612864562732,0.0,-3.994061188450359e-08,9.14015668429045,0.9263033090691337,-20.31944653712669,
15.599999999999977,2.6900181050059673,4.0054042118403075,-1.6571428571428561,0.125,0.1428571428571428,2.8817945498297424,4.748505059117573,-1.8233612922077214,0.0,-2.8757240855270536e-08,9.14015668429045,0.9263033090691337,-20.3192686694161,
15.799999999999976,2.6900181050059673,4.0054042118403075,-1.649999999999999,0.125,0.1428571428571428,2.8817945498297424,4.748505059117573,-1.8233612963487644,0.0,-2.0705213366056793e-08,9.14015668429045,0.9263033090691337,-20.31909069031933,
15.999999999999975,2.6900181050059673,4.0054042118403075,-1.642857142857142,0.125,0.1428571428571428,2.8817945498297424,4.748505059117573,-1.8233612993303154,0.0,-1.4907753076442987e-08,9.14015668429045,0.9263033090691337,-20.318912611943574,
16.199999999999974,2.6900181050059673,4.0054042118403075,-1.6357142857142848,0.125,0.1428571428571428,2.8817945498297424,4.748505059117573,-1.823361301477032,0.0,-1.0733581667921044e-08,9.14015668429045,0.9263033090691337,-20.31873444620976,
16.399999999999974,2.6900181050059673,4.0054042118403075,-1.6285714285714277,0.125,0.1428571428571428,2.8817945498297424,4.748505059117573,-1.8233613030226676,0.0,-7.728178452737211e-09,9.14015668429045,0.9263033090691337,-20.318556196377518,
16.599999999999973,2.6900181050059673,4.0054042118403075,-1.6214285714285706,0.125,0.1428571428571428,2.8817945498297424,4.748505059117573,-1.823361304135525,0.0,-5.564288585446775e-09,9.14015668429045,0.9263033090691337,-20.318377874460907,
16.799999999999972,2.6900181050059673,4.0054042118403075,-1.6142857142857134,0.125,0.1428571428571428,2.8817945498297424,4.748505059117573,-1.8233613049367827,0.0,-4.006288278901593e-09,9.14015668429045,0.9263033090691337,-20.318199492660256,
16.99999999999997,2.6900181050059673,4.0054042118403075,-1.6071428571428563,0.125,0.1428571428571428,2.8817945498297424,4.748505059117573,-1.8233613055136884,0.0,-2.8845274613331637e-09,9.14015668429045,0.9263033090691337,-20.318021053955796,
17.19999999999997,2.6900181050059673,4.0054042118403075,-1.5999999999999992,0.125,0.1428571428571428,2.8817945498297424,4.748505059117573,-1.82336130592906,0.0,-2.076859573207912e-09,9.14015668429045,0.9263033090691337,-20.317842570408153,
17.39999999999997,2.6900181050059673,4.0054042118403075,-1.592857142857142,0.125,0.1428571428571428,2.8817945498297424,4.748505059117573,-1.8233613062281275,0.0,-1.4953391413996541e-09,9.14015668429045,0.9263033090691337,-20.317664054310786,
17.59999999999997,2.6900181050059673,4.0054042118403075,-1.585714285714285,0.125,0.1428571428571428,2.8817945498297424,4.748505059117573,-1.8233613064434566,0.0,-1.0766447289256575e-09,9.14015668429045,0.9263033090691337,-20.317485508690492,
17.79999999999997,2.6900181050059673,4.0054042118403075,-1.5785714285714278,0.125,0.1428571428571428,2.8817945498297424,4.748505059117573,-1.8233613065984935,0.0,-7.751840058745074e-10,9.14015668429045,0.9263033090691337,-20.31730694862306,
17.999999999999968,2.6900181050059673,4.0054042118403075,-1.5714285714285707,0.125,0.1428571428571428,2.8817945498297424,4.748505059117573,-1.8233613067101198,0.0,-5.581323847536623e-10,9.14015668429045,0.9263033090691337,-20.317128377240056,
18.199999999999967,2.6900181050059673,4.0054042118403075,-1.5642857142857136,0.125,0.1428571428571428,2.8817945498297424,4.748505059117573,-1.823361306790491,0.0,-4.0185561545058586e-10,9.14015668429045,0.9263033090691337,-20.31694980666032,
18.399999999999967,2.6900181050059673,4.0054042118403075,-1.5571428571428565,0.125,0.1428571428571428,2.8817945498297424,4.748505059117573,-1.8233613068483585,0.0,-2.893358441724558e-10,9.14015668429045,0.9263033090691337,-20.316771248956115,
18.599999999999966,2.6900181050059673,4.0054042118403075,-1.5499999999999994,0.125,0.1428571428571428,2.8817945498297424,4.748505059117573,-1.823361306890023,0.0,-2.0832136016224465e-10,9.14015668429045,0.9263033090691337,-20.316592707247377,
18.799999999999965,2.6900181050059673,4.0054042118403075,-1.5428571428571423,0.125,0.1428571428571428,2.8817945498297424,4.748505059117573,-1.8233613069200212,0.0,-1.4999113062685865e-10,9.14015668429045,0.9263033090691337,-20.31641419371115,
18.999999999999964,2.6900181050059673,4.0054042118403075,-1.5357142857142851,0.125,0.1428571428571428,2.8817945498297424,4.748505059117573,-1.82336130694162,0.0,-1.0799361405133821e-10,9.14015668429045,0.9263033090691337,-20.316235720408056,
19.199999999999964,2.6900181050059673,4.0054042118403075,-1.528571428571428,0.125,0.1428571428571428,2.8817945498297424,4.748505059117573,-1.823361306957171,0.0,-7.775540211696351e-11,9.14015668429045,0.9263033090691337,-20.316057290458026,
19.399999999999963,2.6900181050059673,4.0054042118403075,-1.521428571428571,0.125,0.1428571428571428,2.8817945498297424,4.748505059117573,-1.8233613069683674,0.0,-5.598383978622223e-11,9.14015668429045,0.9263033090691337,-20.315878918901923,
19.599999999999962,2.6900181050059673,4.0054042118403075,-1.5142857142857138,0.125,0.1428571428571428,2.8817945498297424,4.748505059117573,-1.8233613069764294,0.0,-4.030891176398654e-11,9.14015668429045,0.9263033090691337,-20.31570060890624,
19.79999999999996,2.6900181050059673,4.0054042118403075,-1.5071428571428567,0.125,0.1428571428571428,2.8817945498297424,4.748505059117573,-1.8233613069822336,0.0,-2.902211804212129e-11,9.14015668429045,0.9263033090691337,-20.315522372578176,
19.99999999999996,2.6900181050059673,4.0054042118403075,-1.4999999999999996,0.125,0.1428571428571428,2.8817945498297424,4.748505059117573,-1.8233613069864125,0.0,-2.0896173680284846e-11,9.14015668429045,0.9263033090691337,-20.315344221931788,
20.19999999999996,2.6900181050059673,4.0054042118403075,-1.4928571428571424,0.125,0.1428571428571428,2.8817945498297424,4.748505059117573,-1.8233613069894217,0.0,-1.504574242972012e-11,9.14015668429045,0.9263033090691337,-20.315166160133572,
20.39999999999996,2.6900181050059673,4.0054042118403075,-1.4857142857142853,0.125,0.1428571428571428,2.8817945498297424,4.748505059117573,-1.823361306991588,0.0,-1.0832934549398487e-11,9.14015668429045,0.9263033090691337,-20.31498819910446,
20.59999999999996,2.6900181050059673,4.0054042118403075,-1.4785714285714282,0.125,0.1428571428571428,2.8817945498297424,4.748505059117573,-1.8233613069931476,0.0,-7.800160517490439e-12,9.14015668429045,0.9263033090691337,-20.314810351137908,
20.799999999999958,2.6900181050059673,4.0054042118403075,-1.471428571428571,0.125,0.1428571428571428,2.8817945498297424,4.748505059117573,-1.8233613069942711,0.0,-5.616662690499651e-12,9.14015668429045,0.9263033090691337,-20.314632619400413,
20.999999999999957,2.6900181050059673,4.0054042118403075,-1.464285714285714,0.125,0.1428571428571428,2.8817945498297424,4.748505059117573,-1.8233613069950803,0.0,-4.0436987092107295e-12,9.14015668429045,0.9263033090691337,-20.314455018606875,
21.199999999999957,2.6900181050059673,4.0054042118403075,-1.4571428571428569,0.125,0.1428571428571428,2.8817945498297424,4.748505059117573,-1.823361306995662,0.0,-2.91091595272519e-12,9.14015668429045,0.9263033090691337,-20.31427755211005,
21.399999999999956,2.6900181050059673,4.0054042118403075,-1.4499999999999997,0.125,0.1428571428571428,2.8817945498297424,4.748505059117573,-1.8233613069960812,0.0,-2.0964563418601753e-12,9.14015668429045,0.9263033090691337,-20.314100231830867,
21.599999999999955,2.6900181050059673,4.0054042118403075,-1.4428571428571426,0.125,0.1428571428571428,2.8817945498297424,4.748505059117573,-1.8233613069963832,0.0,-1.5095480421223328e-12,9.14015668429045,0.9263033090691337,-20.313923069690258,
21.799999999999955,2.6900181050059673,4.0054042118403075,-1.4357142857142855,0.125,0.1428571428571428,2.8817945498297424,4.748505059117573,-1.8233613069966008,0.0,-1.0867751143450732e-12,9.14015668429045,0.9263033090691337,-20.31374606922725,
21.999999999999954,2.6900181050059673,4.0054042118403075,-1.4285714285714284,0.125,0.1428571428571428,2.8817945498297424,4.748505059117573,-1.8233613069967571,0.0,-7.821299163879302e-13,9.14015668429045,0.9263033090691337,-20.31356924161771,
22.199999999999953,2.6900181050059673,4.0054042118403075,-1.4214285714285713,0.125,0.1428571428571428,2.8817945498297424,4.748505059117573,-1.82336130699687,0.0,-5.632827537738194e-13,9.14015668429045,0.9263033090691337,-20.31339259990016,
22.399999999999952,2.6900181050059673,4.0054042118403075,-1.4142857142857141,0.125,0.1428571428571428,2.8817945498297424,4.748505059117573,-1.8233613069969508,0.0,-4.0536463075113714e-13,9.14015668429045,0.9263033090691337,-20.313216146309767,
22.59999999999995,2.6900181050059673,4.0054042118403075,-1.407142857142857,0.125,0.1428571428571428,2.8817945498297424,4.748505059117573,-1.8233613069970094,0.0,-2.922107000813412e-13,9.14015668429045,0.9263033090691337,-20.313039896120223,
22.79999999999995,2.6900181050059673,4.0054042118403075,-1.4,0.125,0.1428571428571428,2.8817945498297424,4.748505059117573,-1.8233613069970511,0.0,-2.1014301410104962e-13,9.14015668429045,0.9263033090691337,-20.31286385231176,
22.99999999999995,2.6900181050059673,4.0054042118403075,-1.3928571428571428,0.125,0.1428571428571428,2.8817945498297424,4.748505059117573,-1.8233613069970813,0.0,-1.5170087408478137e-13,9.14015668429045,0.9263033090691337,-20.312688026805315,
23.19999999999995,2.6900181050059673,4.0054042118403075,-1.3857142857142857,0.125,0.1428571428571428,2.8817945498297424,4.748505059117573,-1.8233613069971035,0.0,-1.0942358130705542e-13,9.14015668429045,0.9263033090691337,-20.312512431894334,
23.39999999999995,2.6900181050059673,4.0054042118403075,-1.3785714285714286,0.125,0.1428571428571428,2.8817945498297424,4.748505059117573,-1.8233613069971195,0.0,-7.833733661755104e-14,9.14015668429045,0.9263033090691337,-20.312337070186526,
23.599999999999948,2.6900181050059673,4.0054042118403075,-1.3714285714285714,0.125,0.1428571428571428,2.8817945498297424,4.748505059117573,-1.823361306997131,0.0,-5.5955240441107883e-14,9.14015668429045,0.9263033090691337,-20.31216195360282,
23.799999999999947,2.6900181050059673,4.0054042118403075,-1.3642857142857143,0.125,0.1428571428571428,2.8817945498297424,4.748505059117573,-1.823361306997139,0.0,-3.979039320256561e-14,9.14015668429045,0.9263033090691337,-20.311987094064147,
23.999999999999947,2.6900181050059673,4.0054042118403075,-1.3571428571428572,0.125,0.1428571428571428,2.8817945498297424,4.748505059117573,-1.8233613069971444,0.0,-2.859934511434403e-14,9.14015668429045,0.9263033090691337,-20.311812494923267,
24.199999999999946,2.6900181050059673,4.0054042118403075,-1.35,0.125,0.1428571428571428,2.8817945498297424,4.748505059117573,-1.8233613069971488,0.0,-2.1138646388862978e-14,9.14015668429045,0.9263033090691337,-20.311638167728574,
24.399999999999945,2.6900181050059673,4.0054042118403075,-1.342857142857143,0.125,0.1428571428571428,2.8817945498297424,4.748505059117573,-1.8233613069971515,0.0,-1.49213974509621e-14,9.14015668429045,0.9263033090691337,-20.311464124401006,
24.599999999999945,2.6900181050059673,4.0054042118403075,-1.3357142857142859,0.125,0.1428571428571428,2.8817945498297424,4.748505059117573,-1.8233613069971542,0.0,-1.1191048088221578e-14,9.14015668429045,0.9263033090691337,-20.311290367920787,
24.799999999999944,2.6900181050059673,4.0054042118403075,-1.3285714285714287,0.125,0.1428571428571428,2.8817945498297424,4.748505059117573,-1.823361306997156,0.0,-7.46069872548105e-15,9.14015668429045,0.9263033090691337,-20.311116912816555,
24.999999999999943,2.6900181050059673,4.0054042118403075,-1.3214285714285716,0.125,0.1428571428571428,2.8817945498297424,4.748505059117573,-1.8233613069971568,0.0,-4.973799150320701e-15,9.14015668429045,0.9263033090691337,-20.310943762068543,
25.199999999999942,2.6900181050059673,4.0054042118403075,-1.3142857142857145,0.125,0.1428571428571428,2.8817945498297424,4.748505059117573,-1.8233613069971577,0.0,-3.730349362740525e-15,9.14015668429045,0.9263033090691337,-20.31077092834273,
25.39999999999994,2.6900181050059673,4.0054042118403075,-1.3071428571428574,0.125,0.1428571428571428,2.8817945498297424,4.748505059117573,-1.8233613069971586,0.0,-2.4868995751603505e-15,9.14015668429045,0.9263033090691337,-20.31059842206994,
25.59999999999994,2.6900181050059673,4.0054042118403075,-1.3000000000000003,0.125,0.1428571428571428,2.8817945498297424,4.748505059117573,-1.8233613069971586,0.0,-1.2434497875801752e-15,9.14015668429045,0.9263033090691337,-20.310426247347984,
25.79999999999994,2.6900181050059673,4.0054042118403075,-1.2928571428571431,0.125,0.1428571428571428,2.8817945498297424,4.748505059117573,-1.8233613069971586,0.0,-1.2434497875801752e-15,9.14015668429045,0.9263033090691337,-20.310254415352734,
25.99999999999994,2.6900181050059673,4.0054042118403075,-1.285714285714286,0.125,0.1428571428571428,2.8817945498297424,4.748505059117573,-1.8233613069971586,0.0,-1.2434497875801752e-15,9.14015668429045,0.9263033090691337,-20.310082937260063,
26.19999999999994,2.6900181050059673,4.0054042118403075,-1.278571428571429,0.125,0.1428571428571428,2.8817945498297424,4.748505059117573,-1.8233613069971586,0.0,-1.2434497875801752e-15,9.14015668429045,0.9263033090691337,-20.30991181679526,
26.399999999999938,2.6900181050059673,4.0054042118403075,-1.2714285714285718,0.125,0.1428571428571428,2.8817945498297424,4.748505059117573,-1.8233613069971586,0.0,-1.2434497875801752e-15,9.14015668429045,0.9263033090691337,-20.30974106811443,
26.599999999999937,2.6900181050059673,4.0054042118403075,-1.2642857142857147,0.125,0.1428571428571428,2.8817945498297424,4.748505059117573,-1.8233613069971586,0.0,-1.2434497875801752e-15,9.14015668429045,0.9263033090691337,-20.309570694942863,
26.799999999999937,2.6900181050059673,4.0054042118403075,-1.2571428571428576,0.125,0.1428571428571428,2.8817945498297424,4.748505059117573,-1.8233613069971586,0.0,-1.2434497875801752e-15,9.14015668429045,0.9263033090691337,-20.309400707711372,
26.999999999999936,2.6900181050059673,4.0054042118403075,-1.2500000000000004,0.125,0.1428571428571428,2.8817945498297424,4.748505059117573,-1.8233613069971586,0.0,-1.2434497875801752e-15,9.14015668429045,0.9263033090691337,-20.309231117595825,
27.199999999999935,2.6900181050059673,4.0054042118403075,-1.2428571428571433,0.125,0.1428571428571428,2.8817945498297424,4.748505059117573,-1.8233613069971586,0.0,-1.2434497875801752e-15,9.14015668429045,0.9263033090691337,-20.30906192906657,
27.399999999999935,2.6900181050059673,4.0054042118403075,-1.2357142857142862,0.125,0.1428571428571428,2.8817945498297424,4.748505059117573,-1.8233613069971586,0.0,-1.2434497875801752e-15,9.14015668429045,0.9263033090691337,-20.308893153299483,
27.599999999999934,2.6900181050059673,4.0054042118403075,-1.228571428571429,0.125,0.1428571428571428,2.8817945498297424,4.748505059117573,-1.8233613069971586,0.0,-1.2434497875801752e-15,9.14015668429045,0.9263033090691337,-20.308724800725372,
27.799999999999933,2.6900181050059673,4.0054042118403075,-1.221428571428572,0.125,0.1428571428571428,2.8817945498297424,4.748505059117573,-1.8233613069971586,0.0,-1.2434497875801752e-15,9.14015668429045,0.9263033090691337,-20.30855687506953,
27.999999999999932,2.6900181050059673,4.0054042118403075,-1.2142857142857149,0.125,0.1428571428571428,2.8817945498297424,4.748505059117573,-1.8233613069971586,0.0,-1.2434497875801752e-15,9.14015668429045,0.9263033090691337,-20.30838939048806,
28.199999999999932,2.6900181050059673,4.0054042118403075,-1.2071428571428577,0.125,0.1428571428571428,2.8817945498297424,4.748505059117573,-1.8233613069971586,0.0,-1.2434497875801752e-15,9.14015668429045,0.9263033090691337,-20.308222349216134,
28.39999999999993,2.6900181050059673,4.0054042118403075,-1.2000000000000006,0.125,0.1428571428571428,2.8817945498297424,4.748505059117573,-1.8233613069971586,0.0,-1.2434497875801752e-15,9.14015668429045,0.9263033090691337,-20.308055763174686,
28.59999999999993,2.6900181050059673,4.0054042118403075,-1.1928571428571435,0.125,0.1428571428571428,2.8817945498297424,4.748505059117573,-1.8233613069971586,0.0,-1.2434497875801752e-15,9.14015668429045,0.9263033090691337,-20.30788964428464,
28.79999999999993,2.6900181050059673,4.0054042118403075,-1.1857142857142864,0.125,0.1428571428571428,2.8817945498297424,4.748505059117573,-1.8233613069971586,0.0,-1.2434497875801752e-15,9.14015668429045,0.9263033090691337,-20.30772399403611,
28.99999999999993,2.6900181050059673,4.0054042118403075,-1.1785714285714293,0.125,0.1428571428571428,2.8817945498297424,4.748505059117573,-1.8233613069971586,0.0,-1.2434497875801752e-15,9.14015668429045,0.9263033090691337,-20.30755882509509,
29.19999999999993,2.6900181050059673,4.0054042118403075,-1.1714285714285722,0.125,0.1428571428571428,2.8817945498297424,4.748505059117573,-1.8233613069971586,0.0,-1.2434497875801752e-15,9.14015668429045,0.9263033090691337,-20.30739414789239,
29.399999999999928,2.6900181050059673,4.0054042118403075,-1.164285714285715,0.125,0.1428571428571428,2.8817945498297424,4.748505059117573,-1.8233613069971586,0.0,-1.2434497875801752e-15,9.14015668429045,0.9263033090691337,-20.30722996466318,
29.599999999999927,2.6900181050059673,4.0054042118403075,-1.157142857142858,0.125,0.1428571428571428,2.8817945498297424,4.748505059117573,-1.8233613069971586,0.0,-1.2434497875801752e-15,9.14015668429045,0.9263033090691337,-20.307066290308626,
29.799999999999926,2.6900181050059673,4.0054042118403075,-1.1500000000000008,0.125,0.1428571428571428,2.8817945498297424,4.748505059117573,-1.8233613069971586,0.0,-1.2434497875801752e-15,9.14015668429045,0.9263033090691337,-20.306903127808962,
29.999999999999925,2.6900181050059673,4.0054042118403075,-1.1428571428571437,0.125,0.1428571428571428,2.8817945498297424,4.748505059117573,-1.8233613069971586,0.0,-1.2434497875801752e-15,9.14015668429045,0.9263033090691337,-20.306740487594993,
30.199999999999925,2.6900181050059673,4.0054042118403075,-1.1357142857142866,0.125,0.1428571428571428,2.8817945498297424,4.748505059117573,-1.8233613069971586,0.0,-1.2434497875801752e-15,9.14015668429045,0.9263033090691337,-20.30657838009754,
30.399999999999924,2.6900181050059673,4.0054042118403075,-1.1285714285714294,0.125,0.1428571428571428,2.8817945498297424,4.748505059117573,-1.8233613069971586,0.0,-1.2434497875801752e-15,9.14015668429045,0.9263033090691337,-20.30641680978695,
30.599999999999923,2.6900181050059673,4.0054042118403075,-1.1214285714285723,0.125,0.1428571428571428,2.8817945498297424,4.748505059117573,-1.8233613069971586,0.0,-1.2434497875801752e-15,9.14015668429045,0.9263033090691337,-20.306255787094027,
30.799999999999923,2.6900181050059673,4.0054042118403075,-1.1142857142857152,0.125,0.1428571428571428,2.8817945498297424,4.748505059117573,-1.8233613069971586,0.0,-1.2434497875801752e-15,9.14015668429045,0.9263033090691337,-20.30609532170454,
30.999999999999922,2.6900181050059673,4.0054042118403075,-1.107142857142858,0.125,0.1428571428571428,2.8817945498297424,4.748505059117573,-1.8233613069971586,0.0,-1.2434497875801752e-15,9.14015668429045,0.9263033090691337,-20.305935418088826,
31.19999999999992,2.6900181050059673,4.0054042118403075,-1.100000000000001,0.125,0.1428571428571428,2.8817945498297424,4.748505059117573,-1.8233613069971586,0.0,-1.2434497875801752e-15,9.14015668429045,0.9263033090691337,-20.305776085932646,
31.39999999999992,2.6900181050059673,4.0054042118403075,-1.0928571428571439,0.125,0.1428571428571428,2.8817945498297424,4.748505059117573,-1.8233613069971586,0.0,-1.2434497875801752e-15,9.14015668429045,0.9263033090691337,-20.305617336411867,
31.59999999999992,2.6900181050059673,4.0054042118403075,-1.0857142857142867,0.125,0.1428571428571428,2.8817945498297424,4.748505059117573,-1.8233613069971586,0.0,-1.2434497875801752e-15,9.14015668429045,0.9263033090691337,-20.305459172506723,
31.79999999999992,2.6900181050059673,4.0054042118403075,-1.0785714285714296,0.125,0.1428571428571428,2.8817945498297424,4.748505059117573,-1.8233613069971586,0.0,-1.2434497875801752e-15,9.14015668429045,0.9263033090691337,-20.3053016068832,
31.99999999999992,2.6900181050059673,4.0054042118403075,-1.0714285714285725,0.125,0.1428571428571428,2.8817945498297424,4.748505059117573,-1.8233613069971586,0.0,-1.2434497875801752e-15,9.14015668429045,0.9263033090691337,-20.305144644011648,
32.19999999999992,2.6900181050059673,4.0054042118403075,-1.0642857142857154,0.125,0.1428571428571428,2.8817945498297424,4.748505059117573,-1.8233613069971586,0.0,-1.2434497875801752e-15,9.14015668429045,0.9263033090691337,-20.304988292087707,
32.39999999999992,2.6900181050059673,4.0054042118403075,-1.0571428571428583,0.125,0.1428571428571428,2.8817945498297424,4.748505059117573,-1.8233613069971586,0.0,-1.2434497875801752e-15,9.14015668429045,0.9263033090691337,-20.30483256377736,
32.59999999999992,2.6900181050059673,4.0054042118403075,-1.0500000000000012,0.125,0.1428571428571428,2.8817945498297424,4.748505059117573,-1.8233613069971586,0.0,-1.2434497875801752e-15,9.14015668429045,0.9263033090691337,-20.304677460570726,
32.799999999999926,2.6900181050059673,4.0054042118403075,-1.042857142857144,0.125,0.1428571428571428,2.8817945498297424,4.748505059117573,-1.8233613069971586,0.0,-1.2434497875801752e-15,9.14015668429045,0.9263033090691337,-20.304522993643673,
32.99999999999993,2.6931665686453647,4.000005167784978,-1.0285714285714298,0.125,0.1428571428571428,2.8817945498297424,4.748505059117573,-1.8233613069971586,0.0,-1.2434497875801752e-15,9.14015668429045,0.9263033090691337,-20.29533573635379,
33.19999999999993,2.6931665686453647,4.000005167784978,-1.0214285714285727,0.125,0.1428571428571428,2.8817945498297424,4.748505059117573,-1.8233613069971586,0.0,-1.2434497875801752e-15,9.14015668429045,0.9263033090691337,-20.29518311121026,
33.399999999999935,2.6931665686453647,4.000005167784978,-1.0142857142857156,0.125,0.1428571428571428,2.8817945498297424,4.748505059117573,-1.8233613069971586,0.0,-1.2434497875801752e-15,9.14015668429045,0.9263033090691337,-20.295031149168405,
33.59999999999994,2.6931665686453647,4.000005167784978,-1.0071428571428584,0.125,0.1428571428571428,2.8817945498297424,4.748505059117573,-1.8233613069971586,0.0,-1.2434497875801752e-15,9.14015668429045,0.9263033090691337,-20.294879862149152,
33.79999999999994,2.6931665686453647,4.000005167784978,-1.0000000000000013,0.125,0.1428571428571428,2.8817945498297424,4.748505059117573,-1.8217660619831166,0.0,0.007976225070211918,9.14015668429045,0.9263033090691337,-20.294729256112966,
33.99999999999994,2.6931665686453647,4.000005167784978,-0.9928571428571442,0.125,0.1428571428571428,2.8817945498297424,4.748505059117573,-1.8206174855730062,0.0,0.0057428820505531775,9.14015668429045,0.9263033090691337,-20.294579340000542,
34.199999999999946,2.6931665686453647,4.000005167784978,-0.9857142857142871,0.125,0.1428571428571428,2.8817945498297424,4.748505059117573,-1.8197905105577261,0.0,0.0041348750763985365,9.14015668429045,0.9263033090691337,-20.294430118282232,
34.39999999999995,2.6931665686453647,4.000005167784978,-0.97857142857143,0.125,0.1428571428571428,2.8817945498297424,4.748505059117573,-1.8191950885467252,0.0,0.002977110055006449,9.14015668429045,0.9263033090691337,-20.29428160287896,
34.59999999999995,2.6931665686453647,4.000005167784978,-0.9714285714285729,0.125,0.1428571428571428,2.8817945498297424,4.748505059117573,-1.8187663846988045,0.0,0.0021435192396051404,9.14015668429045,0.9263033090691337,-20.294133799751194,
34.799999999999955,2.6931665686453647,4.000005167784978,-0.9642857142857157,0.125,0.1428571428571428,2.8817945498297424,4.748505059117573,-1.8184577179283012,0.0,0.0015433338525161489,9.14015668429045,0.9263033090691337,-20.293986716349515,
34.99999999999996,2.6931665686453647,4.000005167784978,-0.9571428571428586,0.125,0.1428571428571428,2.8817945498297424,4.748505059117573,-1.8182354778535386,0.0,0.0011112003738116272,9.14015668429045,0.9263033090691337,-20.293840358634384,
35.19999999999996,2.6931665686453647,4.000005167784978,-0.9500000000000015,0.125,0.1428571428571428,2.8817945498297424,4.748505059117573,-1.8180754649997102,0.0,0.0008000642691438741,9.14015668429045,0.9263033090691337,-20.293694737036617,
35.39999999999996,2.6931665686453647,4.000005167784978,-0.9428571428571444,0.125,0.1428571428571428,2.8817945498297424,4.748505059117573,-1.8179602557449535,0.0,0.0005760462737841365,9.14015668429045,0.9263033090691337,-20.293549857516677,
35.599999999999966,2.6931665686453647,4.000005167784978,-0.9357142857142873,0.125,0.1428571428571428,2.8817945498297424,4.748505059117573,-1.8178773050815282,0.0,0.0004147533171247275,9.14015668429045,0.9263033090691337,-20.29340572603503,
35.79999999999997,2.6931665686453647,4.000005167784978,-0.9285714285714302,0.125,0.1428571428571428,2.8817945498297424,4.748505059117573,-1.8178175806038626,0.0,0.00029862238832940586,9.14015668429045,0.9263033090691337,-20.293262351532373,
35.99999999999997,2.6931665686453647,4.000005167784978,-0.921428571428573,0.125,0.1428571428571428,2.8817945498297424,4.748505059117573,-1.817774578979943,0.0,0.00021500811959747067,9.14015668429045,0.9263033090691337,-20.293119739969168,
36.199999999999974,2.6931665686453647,4.000005167784978,-0.9142857142857159,0.125,0.1428571428571428,2.8817945498297424,4.748505059117573,-1.817743617810721,0.0,0.0001548058461102286,9.14015668429045,0.9263033090691337,-20.292977901776226,
36.39999999999998,2.6931665686453647,4.000005167784978,-0.9071428571428588,0.125,0.1428571428571428,2.8817945498297424,4.748505059117573,-1.817721325768881,0.0,0.00011146020919916565,9.14015668429045,0.9263033090691337,-20.292836841423902,
36.59999999999998,2.6931665686453647,4.000005167784978,-0.9000000000000017,0.125,0.1428571428571428,2.8817945498297424,4.748505059117573,-1.8177052754987564,0.0,8.025135062315058e-05,9.14015668429045,0.9263033090691337,-20.29269656636277,
36.79999999999998,2.6931665686453647,4.000005167784978,-0.8928571428571446,0.125,0.1428571428571428,2.8817945498297424,4.748505059117573,-1.817693719304267,0.0,5.778097244881763e-05,9.14015668429045,0.9263033090691337,-20.292557084043416,
36.999999999999986,2.6931665686453647,4.000005167784978,-0.8857142857142875,0.125,0.1428571428571428,2.8817945498297424,4.748505059117573,-1.817685398844234,0.0,4.160230016374555e-05,9.14015668429045,0.9263033090691337,-20.292418401916418,
37.19999999999999,2.6931665686453647,4.000005167784978,-0.8785714285714303,0.125,0.1428571428571428,2.8817945498297424,4.748505059117573,-1.817679408113011,0.0,2.995365611759837e-05,9.14015668429045,0.9263033090691337,-20.29228052594224,
37.39999999999999,2.6931665686453647,4.000005167784978,-0.8714285714285732,0.125,0.1428571428571428,2.8817945498297424,4.748505059117573,-1.81767509478653,0.0,2.1566632405267683e-05,9.14015668429045,0.9263033090691337,-20.292143465061578,
37.599999999999994,2.6931665686453647,4.000005167784978,-0.8642857142857161,0.125,0.1428571428571428,2.8817945498297424,4.748505059117573,-1.8176719891914637,0.0,1.552797533204142e-05,9.14015668429045,0.9263033090691337,-20.292007226725016,
37.8,2.6931665686453647,4.000005167784978,-0.857142857142859,0.125,0.1428571428571428,2.8817945498297424,4.748505059117573,-1.817669753163016,0.0,1.1180142239020085e-05,9.14015668429045,0.9263033090691337,-20.29187181391278,
38.0,2.6931665686453647,4.000005167784978,-0.8500000000000019,0.125,0.1428571428571428,2.8817945498297424,4.748505059117573,-1.8176681432225337,0.0,8.049702412193938e-06,9.14015668429045,0.9263033090691337,-20.291737237055692,
38.2,2.6931665686453647,4.000005167784978,-0.8428571428571447,0.125,0.1428571428571428,2.8817945498297424,4.748505059117573,-1.8176669840653865,0.0,5.795785737028325e-06,9.14015668429045,0.9263033090691337,-20.29160350211421,
38.400000000000006,2.6931665686453647,4.000005167784978,-0.8357142857142876,0.125,0.1428571428571428,2.8817945498297424,4.748505059117573,-1.81766614947224,0.0,4.172965731008559e-06,9.14015668429045,0.9263033090691337,-20.291470616538913,
38.60000000000001,2.6931665686453647,4.000005167784978,-0.8285714285714305,0.125,0.1428571428571428,2.8817945498297424,4.748505059117573,-1.8176655485651745,0.0,3.004535325779045e-06,9.14015668429045,0.9263033090691337,-20.291338584800155,
38.80000000000001,2.6931665686453647,4.000005167784978,-0.8214285714285734,0.125,0.1428571428571428,2.8817945498297424,4.748505059117573,-1.8176651159120878,0.0,2.1632654341630084e-06,9.14015668429045,0.9263033090691337,-20.29120741583863,
39.000000000000014,2.6931665686453647,4.000005167784978,-0.8142857142857163,0.125,0.1428571428571428,2.8817945498297424,4.748505059117573,-1.8176648044018648,0.0,1.5575511127963182e-06,9.14015668429045,0.9263033090691337,-20.291077115614804,
39.20000000000002,2.6931665686453647,4.000005167784978,-0.8071428571428592,0.125,0.1428571428571428,2.8817945498297424,4.748505059117573,-1.8176645801145046,0.0,1.121436800666231e-06,9.14015668429045,0.9263033090691337,-20.290947691579255,
39.40000000000002,2.6931665686453647,4.000005167784978,-0.800000000000002,0.125,0.1428571428571428,2.8817945498297424,4.748505059117573,-1.8176644186276052,0.0,8.074344963304724e-07,9.14015668429045,0.9263033090691337,-20.29081914969245,
39.60000000000002,2.6931665686453647,4.000005167784978,-0.7928571428571449,0.125,0.1428571428571428,2.8817945498297424,4.748505059117573,-1.8176643023570378,0.0,5.813528371589882e-07,9.14015668429045,0.9263033090691337,-20.29069149442473,
39.800000000000026,2.6931665686453647,4.000005167784978,-0.7857142857142878,0.125,0.1428571428571428,2.8817945498297424,4.748505059117573,-1.8176642186422294,0.0,4.1857404280420947e-07,9.14015668429045,0.9263033090691337,-20.29056473620692,
40.00000000000003,2.6931665686453647,4.000005167784978,-0.7785714285714307,0.125,0.1428571428571428,2.8817945498297424,4.748505059117573,-1.8176641583675668,0.0,3.0137331101798277e-07,9.14015668429045,0.9263033090691337,-20.290438879509363,
40.20000000000003,2.6931665686453647,4.000005167784978,-0.7714285714285736,0.125,0.1428571428571428,2.8817945498297424,4.748505059117573,-1.8176641149698103,0.0,2.169887833858297e-07,9.14015668429045,0.9263033090691337,-20.290313931782634,
40.400000000000034,2.6931665686453647,4.000005167784978,-0.7642857142857165,0.125,0.1428571428571428,2.8817945498297424,4.748505059117573,-1.8176640837234253,0.0,1.5623192428648736e-07,9.14015668429045,0.9263033090691337,-20.290189896006975,
40.60000000000004,2.6931665686453647,4.000005167784978,-0.7571428571428593,0.125,0.1428571428571428,2.8817945498297424,4.748505059117573,-1.8176640612260284,0.0,1.1248698523758093e-07,9.14015668429045,0.9263033090691337,-20.29006678261319,
40.80000000000004,2.6931665686453647,4.000005167784978,-0.7500000000000022,0.125,0.1428571428571428,2.8817945498297424,4.748505059117573,-1.817664045027903,0.0,8.099062966948622e-08,9.14015668429045,0.9263033090691337,-20.28994459607163,
41.00000000000004,2.6931665686453647,4.000005167784978,-0.7428571428571451,0.125,0.1428571428571428,2.8817945498297424,4.748505059117573,-1.8176640333652525,0.0,5.8313253958885976e-08,9.14015668429045,0.9263033090691337,-20.289823343832882,
41.200000000000045,2.6931665686453647,4.000005167784978,-0.735714285714288,0.125,0.1428571428571428,2.8817945498297424,4.748505059117573,-1.8176640249681437,0.0,4.198554339751581e-08,9.14015668429045,0.9263033090691337,-20.28970302887717,
41.40000000000005,2.6931665686453647,4.000005167784978,-0.7285714285714309,0.125,0.1428571428571428,2.8817945498297424,4.748505059117573,-1.8176640189222253,0.0,3.022959109699741e-08,9.14015668429045,0.9263033090691337,-20.289583660145194,
41.60000000000005,2.6931665686453647,4.000005167784978,-0.7214285714285738,0.125,0.1428571428571428,2.8817945498297424,4.748505059117573,-1.8176640145691643,0.0,2.1765305291410186e-08,9.14015668429045,0.9263033090691337,-20.28946524359742,
41.800000000000054,2.6931665686453647,4.000005167784978,-0.7142857142857166,0.125,0.1428571428571428,2.8817945498297424,4.748505059117573,-1.8176640114349603,0.0,1.5671019859553323e-08,9.14015668429045,0.9263033090691337,-20.28934778519431,
42.00000000000006,2.6931665686453647,4.000005167784978,-0.7071428571428595,0.125,0.1428571428571428,2.8817945498297424,4.748505059117573,-1.8176640091783334,0.0,1.1283134249140402e-08,9.14015668429045,0.9263033090691337,-20.289231289406214,
42.20000000000006,2.6931665686453647,4.000005167784978,-0.7000000000000024,0.125,0.1428571428571428,2.8817945498297424,4.748505059117573,-1.817664007553562,0.0,8.123856609643097e-09,9.14015668429045,0.9263033090691337,-20.289115763683707,
42.40000000000006,2.6931665686453647,4.000005167784978,-0.6928571428571453,0.125,0.1428571428571428,2.8817945498297424,4.748505059117573,-1.817664006383727,0.0,5.849176609729056e-09,9.14015668429045,0.9263033090691337,-20.289001213987262,
42.600000000000065,2.6931665686453647,4.000005167784978,-0.6857142857142882,0.125,0.1428571428571428,2.8817945498297424,4.748505059117573,-1.8176640055414452,0.0,4.211407755860818e-09,9.14015668429045,0.9263033090691337,-20.28888764627734,
42.80000000000007,2.6931665686453647,4.000005167784978,-0.678571428571431,0.125,0.1428571428571428,2.8817945498297424,4.748505059117573,-1.8176640049350024,0.0,3.0322132360538486e-09,9.14015668429045,0.9263033090691337,-20.28877506502429,
43.00000000000007,2.6931665686453647,4.000005167784978,-0.6714285714285739,0.125,0.1428571428571428,2.8817945498297424,4.748505059117573,-1.817664004498364,0.0,2.1831931817928307e-09,9.14015668429045,0.9263033090691337,-20.28866347618857,
43.200000000000074,2.6931665686453647,4.000005167784978,-0.6642857142857168,0.125,0.1428571428571428,2.8817945498297424,4.748505059117573,-1.8176640041839844,0.0,1.571899588270753e-09,9.14015668429045,0.9263033090691337,-20.28855288722077,
43.40000000000008,2.6931665686453647,4.000005167784978,-0.6571428571428597,0.125,0.1428571428571428,2.8817945498297424,4.748505059117573,-1.8176640039576304,0.0,1.1317681014588742e-09,9.14015668429045,0.9263033090691337,-20.288443301101122,
43.60000000000008,2.6931665686453647,4.000005167784978,-0.6500000000000026,0.125,0.1428571428571428,2.8817945498297424,4.748505059117573,-1.8176640037946559,0.0,8.148724361944914e-10,9.14015668429045,0.9263033090691337,-20.288334725280198,
43.80000000000008,2.6931665686453647,4.000005167784978,-0.6428571428571455,0.125,0.1428571428571428,2.8817945498297424,4.748505059117573,-1.8176640036773142,0.0,5.867081043220423e-10,9.14015668429045,0.9263033090691337,-20.288227165718467,
44.000000000000085,2.6931665686453647,4.000005167784978,-0.6357142857142883,0.125,0.1428571428571428,2.8817945498297424,4.748505059117573,-1.817664003592828,0.0,4.2242973563588746e-10,9.14015668429045,0.9263033090691337,-20.288120625396164,
44.20000000000009,2.6931665686453647,4.000005167784978,-0.6285714285714312,0.125,0.1428571428571428,2.8817945498297424,4.748505059117573,-1.8176640035319984,0.0,3.0414906149189843e-10,9.14015668429045,0.9263033090691337,-20.288015111763865,
44.40000000000009,2.6931665686453647,4.000005167784978,-0.6214285714285741,0.125,0.1428571428571428,2.8817945498297424,4.748505059117573,-1.8176640034882006,0.0,2.189876724401074e-10,9.14015668429045,0.9263033090691337,-20.28791063078204,
44.600000000000094,2.6931665686453647,4.000005167784978,-0.614285714285717,0.125,0.1428571428571428,2.8817945498297424,4.748505059117573,-1.8176640034566667,0.0,1.576706765149538e-10,9.14015668429045,0.9263033090691337,-20.287807186921032,
44.8000000000001,2.6931665686453647,4.000005167784978,-0.6071428571428599,0.125,0.1428571428571428,2.8817945498297424,4.748505059117573,-1.8176640034339622,0.0,1.1352323525670726e-10,9.14015668429045,0.9263033090691337,-20.28770478614131,
45.0000000000001,2.6931665686453647,4.000005167784978,-0.6000000000000028,0.125,0.1428571428571428,2.8817945498297424,4.748505059117573,-1.8176640034176144,0.0,8.173692833679524e-11,9.14015668429045,0.9263033090691337,-20.2876034314231,
45.2000000000001,2.6931665686453647,4.000005167784978,-0.5928571428571456,0.125,0.1428571428571428,2.8817945498297424,4.748505059117573,-1.8176640034058442,0.0,5.884999154659454e-11,9.14015668429045,0.9263033090691337,-20.287503128726872,
45.400000000000105,2.6931665686453647,4.000005167784978,-0.5857142857142885,0.125,0.1428571428571428,2.8817945498297424,4.748505059117573,-1.81766400339737,0.0,4.237179496158205e-11,9.14015668429045,0.9263033090691337,-20.287403885503206,
45.60000000000011,2.6931665686453647,4.000005167784978,-0.5785714285714314,0.125,0.1428571428571428,2.8817945498297424,4.748505059117573,-1.8176640033912683,0.0,3.05080405382796e-11,9.14015668429045,0.9263033090691337,-20.28730570473233,
45.80000000000011,2.6931665686453647,4.000005167784978,-0.5714285714285743,0.125,0.1428571428571428,2.8817945498297424,4.748505059117573,-1.8176640033868754,0.0,2.1965540497603797e-11,9.14015668429045,0.9263033090691337,-20.2872085908846,
46.000000000000114,2.6931665686453647,4.000005167784978,-0.5642857142857172,0.125,0.1428571428571428,2.8817945498297424,4.748505059117573,-1.8176640033837126,0.0,1.581543784823225e-11,9.14015668429045,0.9263033090691337,-20.287112551410587,
46.20000000000012,2.6931665686453647,4.000005167784978,-0.55714285714286,0.125,0.1428571428571428,2.8817945498297424,4.748505059117573,-1.8176640033814353,0.0,1.1387513154659245e-11,9.14015668429045,0.9263033090691337,-20.28701758929053,
46.40000000000012,2.6931665686453647,4.000005167784978,-0.5500000000000029,0.125,0.1428571428571428,2.8817945498297424,4.748505059117573,-1.8176640033797957,0.0,8.199307899303675e-12,9.14015668429045,0.9263033090691337,-20.286923710484896,
46.60000000000012,2.6931665686453647,4.000005167784978,-0.5428571428571458,0.125,0.1428571428571428,2.8817945498297424,4.748505059117573,-1.8176640033786153,0.0,5.903899591430672e-12,9.14015668429045,0.9263033090691337,-20.28683091648379,
46.800000000000125,2.6931665686453647,4.000005167784978,-0.5357142857142887,0.125,0.1428571428571428,2.8817945498297424,4.748505059117573,-1.8176640033777653,0.0,4.251354823736619e-12,9.14015668429045,0.9263033090691337,-20.286739217718036,
47.00000000000013,2.6931665686453647,4.000005167784978,-0.5285714285714316,0.125,0.1428571428571428,2.8817945498297424,4.748505059117573,-1.8176640033771534,0.0,3.0613733770223914e-12,9.14015668429045,0.9263033090691337,-20.28664861418763,
47.20000000000013,2.6931665686453647,4.000005167784978,-0.5214285714285745,0.125,0.1428571428571428,2.8817945498297424,4.748505059117573,-1.8176640033767129,0.0,2.2046364733796507e-12,9.14015668429045,0.9263033090691337,-20.286559111853034,
47.400000000000134,2.6931665686453647,4.000005167784978,-0.5142857142857173,0.125,0.1428571428571428,2.8817945498297424,4.748505059117573,-1.8176640033763949,0.0,1.5878853787398838e-12,9.14015668429045,0.9263033090691337,-20.286470715184603,
47.600000000000136,2.6931665686453647,4.000005167784978,-0.5071428571428602,0.125,0.1428571428571428,2.8817945498297424,4.748505059117573,-1.8176640033761666,0.0,1.142730354786181e-12,9.14015668429045,0.9263033090691337,-20.28638343014279,
47.80000000000014,2.6931665686453647,4.000005167784978,-0.5000000000000031,0.125,0.1428571428571428,2.8817945498297424,4.748505059117573,-1.8176640033760023,0.0,8.23163759378076e-13,9.14015668429045,0.9263033090691337,-20.28629725970784,
48.00000000000014,2.6931665686453647,4.000005167784978,-0.492857142857146,0.125,0.1428571428571428,2.8817945498297424,4.748505059117573,-1.8176640033758833,0.0,5.931255486757436e-13,9.14015668429045,0.9263033090691337,-20.286212208350094,
48.200000000000145,2.6931665686453647,4.000005167784978,-0.4857142857142889,0.125,0.1428571428571428,2.8817945498297424,4.748505059117573,-1.817664003375798,0.0,4.2650327714000013e-13,9.14015668429045,0.9263033090691337,-20.286128282030017,
48.40000000000015,2.6931665686453647,4.000005167784978,-0.47857142857143176,0.125,0.1428571428571428,2.8817945498297424,4.748505059117573,-1.8176640033757367,0.0,3.0713209753230326e-13,9.14015668429045,0.9263033090691337,-20.28604548223773,
48.60000000000015,2.6931665686453647,4.000005167784978,-0.47142857142857464,0.125,0.1428571428571428,2.8817945498297424,4.748505059117573,-1.8176640033756923,0.0,2.213340621892712e-13,9.14015668429045,0.9263033090691337,-20.28596381493369,
48.80000000000015,2.6931665686453647,4.000005167784978,-0.4642857142857175,0.125,0.1428571428571428,2.8817945498297424,4.748505059117573,-1.8176640033756604,0.0,1.5916157281026243e-13,9.14015668429045,0.9263033090691337,-20.285883284588248,
49.000000000000156,2.6931665686453647,4.000005167784978,-0.4571428571428604,0.125,0.1428571428571428,2.8817945498297424,4.748505059117573,-1.8176640033756373,0.0,1.1439738045737611e-13,9.14015668429045,0.9263033090691337,-20.28580389418164,
49.20000000000016,2.6931665686453647,4.000005167784978,-0.4500000000000033,0.125,0.1428571428571428,2.8817945498297424,4.748505059117573,-1.8176640033756213,0.0,8.206768598029156e-14,9.14015668429045,0.9263033090691337,-20.28572564818421,
49.40000000000016,2.6931665686453647,4.000005167784978,-0.44285714285714617,0.125,0.1428571428571428,2.8817945498297424,4.748505059117573,-1.8176640033756097,0.0,5.96855898038484e-14,9.14015668429045,0.9263033090691337,-20.285648551066313,
49.600000000000165,2.6931665686453647,4.000005167784978,-0.43571428571428905,0.125,0.1428571428571428,2.8817945498297424,4.748505059117573,-1.8176640033756009,0.0,4.3520742565306136e-14,9.14015668429045,0.9263033090691337,-20.28557260580817,
49.80000000000017,2.6931665686453647,4.000005167784978,-0.42857142857143193,0.125,0.1428571428571428,2.8817945498297424,4.748505059117573,-1.8176640033755946,0.0,3.108624468950438e-14,9.14015668429045,0.9263033090691337,-20.285497816880138,
50.00000000000017,2.6931665686453647,4.000005167784978,-0.4214285714285748,0.125,0.1428571428571428,2.8817945498297424,4.748505059117573,-1.8176640033755902,0.0,2.2382096176443155e-14,9.14015668429045,0.9263033090691337,-20.285424188752565,
50.20000000000017,2.6931665686453647,4.000005167784978,-0.4142857142857177,0.125,0.1428571428571428,2.8817945498297424,4.748505059117573,-1.8176640033755866,0.0,1.616484723854228e-14,9.14015668429045,0.9263033090691337,-20.28535172440568,
50.400000000000176,2.6931665686453647,4.000005167784978,-0.4071428571428606,0.125,0.1428571428571428,2.8817945498297424,4.748505059117573,-1.817664003375584,0.0,1.1191048088221578e-14,9.14015668429045,0.9263033090691337,-20.285280426819714,
50.60000000000018,2.6931665686453647,4.000005167784978,-0.40000000000000346,0.125,0.1428571428571428,2.8817945498297424,4.748505059117573,-1.8176640033755822,0.0,7.46069872548105e-15,9.14015668429045,0.9263033090691337,-20.285210301955136,
50.80000000000018,2.6931665686453647,4.000005167784978,-0.39285714285714635,0.125,0.1428571428571428,2.8817945498297424,4.748505059117573,-1.8176640033755813,0.0,4.973799150320701e-15,9.14015668429045,0.9263033090691337,-20.28514135130206,
51.000000000000185,2.6931665686453647,4.000005167784978,-0.38571428571428923,0.125,0.1428571428571428,2.8817945498297424,4.748505059117573,-1.8176640033755804,0.0,3.730349362740525e-15,9.14015668429045,0.9263033090691337,-20.285073579330835,
51.20000000000019,2.6931665686453647,4.000005167784978,-0.3785714285714321,0.125,0.1428571428571428,2.8817945498297424,4.748505059117573,-1.8176640033755795,0.0,2.4868995751603505e-15,9.14015668429045,0.9263033090691337,-20.285006987531574,
51.40000000000019,2.6931665686453647,4.000005167784978,-0.371428571428575,0.125,0.1428571428571428,2.8817945498297424,4.748505059117573,-1.8176640033755795,0.0,1.2434497875801752e-15,9.14015668429045,0.9263033090691337,-20.284941581864746,
51.60000000000019,2.6931665686453647,4.000005167784978,-0.3642857142857179,0.125,0.1428571428571428,2.8817945498297424,4.748505059117573,-1.8176640033755795,0.0,1.2434497875801752e-15,9.14015668429045,0.9263033090691337,-20.28487736531058,
51.800000000000196,2.6931665686453647,4.000005167784978,-0.35714285714286076,0.125,0.1428571428571428,2.8817945498297424,4.748505059117573,-1.8176640033755795,0.0,1.2434497875801752e-15,9.14015668429045,0.9263033090691337,-20.284814340849312,
52.0000000000002,2.6931665686453647,4.000005167784978,-0.35000000000000364,0.125,0.1428571428571428,2.8817945498297424,4.748505059117573,-1.8176640033755795,0.0,1.2434497875801752e-15,9.14015668429045,0.9263033090691337,-20.284752509971053,
52.2000000000002,2.6931665686453647,4.000005167784978,-0.3428571428571465,0.125,0.1428571428571428,2.8817945498297424,4.748505059117573,-1.8176640033755795,0.0,1.2434497875801752e-15,9.14015668429045,0.9263033090691337,-20.284691878636274,
52.400000000000205,2.6931665686453647,4.000005167784978,-0.3357142857142894,0.125,0.1428571428571428,2.8817945498297424,4.748505059117573,-1.8176640033755795,0.0,1.2434497875801752e-15,9.14015668429045,0.9263033090691337,-20.284632448335085,
52.60000000000021,2.6931665686453647,4.000005167784978,-0.3285714285714323,0.125,0.1428571428571428,2.8817945498297424,4.748505059117573,-1.8176640033755795,0.0,1.2434497875801752e-15,9.14015668429045,0.9263033090691337,-20.2845742205576,
52.80000000000021,2.6931665686453647,4.000005167784978,-0.32142857142857517,0.125,0.1428571428571428,2.8817945498297424,4.748505059117573,-1.8176640033755795,0.0,1.2434497875801752e-15,9.14015668429045,0.9263033090691337,-20.28451720275441,
53.00000000000021,2.6931665686453647,4.000005167784978,-0.31428571428571805,0.125,0.1428571428571428,2.8817945498297424,4.748505059117573,-1.8176640033755795,0.0,1.2434497875801752e-15,9.14015668429045,0.9263033090691337,-20.28446139343539,
53.200000000000216,2.6931665686453647,4.000005167784978,-0.30714285714286094,0.125,0.1428571428571428,2.8817945498297424,4.748505059117573,-1.8176640033755795,0.0,1.2434497875801752e-15,9.14015668429045,0.9263033090691337,-20.284406797070893,
53.40000000000022,2.6931665686453647,4.000005167784978,-0.3000000000000038,0.125,0.1428571428571428,2.8817945498297424,4.748505059117573,-1.8176640033755795,0.0,1.2434497875801752e-15,9.14015668429045,0.9263033090691337,-20.28435341664115,
53.60000000000022,2.6931665686453647,4.000005167784978,-0.2928571428571467,0.125,0.1428571428571428,2.8817945498297424,4.748505059117573,-1.8176640033755795,0.0,1.2434497875801752e-15,9.14015668429045,0.9263033090691337,-20.28430125512639,
53.800000000000225,2.6931665686453647,4.000005167784978,-0.2857142857142896,0.125,0.1428571428571428,2.8817945498297424,4.748505059117573,-1.8176640033755795,0.0,1.2434497875801752e-15,9.14015668429045,0.9263033090691337,-20.28425031550685,
54.00000000000023,2.6931665686453647,4.000005167784978,-0.27857142857143247,0.125,0.1428571428571428,2.8817945498297424,4.748505059117573,-1.8176640033755795,0.0,1.2434497875801752e-15,9.14015668429045,0.9263033090691337,-20.28420059927264,
54.20000000000023,2.6931665686453647,4.000005167784978,-0.27142857142857535,0.125,0.1428571428571428,2.8817945498297424,4.748505059117573,-1.8176640033755795,0.0,1.2434497875801752e-15,9.14015668429045,0.9263033090691337,-20.284152107913883,
54.40000000000023,2.6931665686453647,4.000005167784978,-0.26428571428571823,0.125,0.1428571428571428,2.8817945498297424,4.748505059117573,-1.8176640033755795,0.0,1.2434497875801752e-15,9.14015668429045,0.9263033090691337,-20.284104847391042,
54.600000000000236,2.6931665686453647,4.000005167784978,-0.2571428571428611,0.125,0.1428571428571428,2.8817945498297424,4.748505059117573,-1.8176640033755795,0.0,1.2434497875801752e-15,9.14015668429045,0.9263033090691337,-20.284058817704114,
54.80000000000024,2.6931665686453647,4.000005167784978,-0.250000000000004,0.125,0.1428571428571428,2.8817945498297424,4.748505059117573,-1.8176640033755795,0.0,1.2434497875801752e-15,9.14015668429045,0.9263033090691337,-20.284014020343218,
55.00000000000024,2.6931665686453647,4.000005167784978,-0.24285714285714688,0.125,0.1428571428571428,2.8817945498297424,4.748505059117573,-1.8176640033755795,0.0,1.2434497875801752e-15,9.14015668429045,0.9263033090691337,-20.283970459778697,
55.200000000000244,2.6931665686453647,4.000005167784978,-0.23571428571428976,0.125,0.1428571428571428,2.8817945498297424,4.748505059117573,-1.8176640033755795,0.0,1.2434497875801752e-15,9.14015668429045,0.9263033090691337,-20.283928137500677,
55.40000000000025,2.6931665686453647,4.000005167784978,-0.22857142857143264,0.125,0.1428571428571428,2.8817945498297424,4.748505059117573,-1.8176640033755795,0.0,1.2434497875801752e-15,9.14015668429045,0.9263033090691337,-20.283887054999266,
55.60000000000025,2.6931665686453647,4.000005167784978,-0.22142857142857553,0.125,0.1428571428571428,2.8817945498297424,4.748505059117573,-1.8176640033755795,0.0,1.2434497875801752e-15,9.14015668429045,0.9263033090691337,-20.28384721376458,
55.80000000000025,2.6931665686453647,4.000005167784978,-0.2142857142857184,0.125,0.1428571428571428,2.8817945498297424,4.748505059117573,-1.8176640033755795,0.0,1.2434497875801752e-15,9.14015668429045,0.9263033090691337,-20.28380861826697,
56.000000000000256,2.6931665686453647,4.000005167784978,-0.2071428571428613,0.125,0.1428571428571428,2.8817945498297424,4.748505059117573,-1.8176640033755795,0.0,1.2434497875801752e-15,9.14015668429045,0.9263033090691337,-20.283771268506438,
56.20000000000026,2.6931665686453647,4.000005167784978,-0.20000000000000417,0.125,0.1428571428571428,2.8817945498297424,4.748505059117573,-1.8176640033755795,0.0,1.2434497875801752e-15,9.14015668429045,0.9263033090691337,-20.283735167463217,
56.40000000000026,2.6931665686453647,4.000005167784978,-0.19285714285714706,0.125,0.1428571428571428,2.8817945498297424,4.748505059117573,-1.8176640033755795,0.0,1.2434497875801752e-15,9.14015668429045,0.9263033090691337,-20.283700316627414,
56.600000000000264,2.6931665686453647,4.000005167784978,-0.18571428571428994,0.125,0.1428571428571428,2.8817945498297424,4.748505059117573,-1.8176640033755795,0.0,1.2434497875801752e-15,9.14015668429045,0.9263033090691337,-20.283666717489155,
56.80000000000027,2.6931665686453647,4.000005167784978,-0.17857142857143282,0.125,0.1428571428571428,2.8817945498297424,4.748505059117573,-1.8176640033755795,0.0,1.2434497875801752e-15,9.14015668429045,0.9263033090691337,-20.28363437153855,
57.00000000000027,2.6931665686453647,4.000005167784978,-0.1714285714285757,0.125,0.1428571428571428,2.8817945498297424,4.748505059117573,-1.8176640033755795,0.0,1.2434497875801752e-15,9.14015668429045,0.9263033090691337,-20.283603281755838,
57.20000000000027,2.6931665686453647,4.000005167784978,-0.1642857142857186,0.125,0.1428571428571428,2.8817945498297424,4.748505059117573,-1.8176640033755795,0.0,1.2434497875801752e-15,9.14015668429045,0.9263033090691337,-20.28357344814101,
57.400000000000276,2.6931665686453647,4.000005167784978,-0.15714285714286147,0.125,0.1428571428571428,2.8817945498297424,4.748505059117573,-1.8176640033755795,0.0,1.2434497875801752e-15,9.14015668429045,0.9263033090691337,-20.28354487218419,
57.60000000000028,2.6931665686453647,4.000005167784978,-0.15000000000000435,0.125,0.1428571428571428,2.8817945498297424,4.748505059117573,-1.8176640033755795,0.0,1.2434497875801752e-15,9.14015668429045,0.9263033090691337,-20.283517556865604,
57.80000000000028,2.6931665686453647,4.000005167784978,-0.14285714285714723,0.125,0.1428571428571428,2.8817945498297424,4.748505059117573,-1.8176640033755795,0.0,1.2434497875801752e-15,9.14015668429045,0.9263033090691337,-20.283491502185257,
58.000000000000284,2.6931665686453647,4.000005167784978,-0.13571428571429012,0.125,0.1428571428571428,2.8817945498297424,4.748505059117573,-1.8176640033755795,0.0,1.2434497875801752e-15,9.14015668429045,0.9263033090691337,-20.283466711123378,
58.20000000000029,2.6931665686453647,4.000005167784978,-0.128571428571433,0.125,0.1428571428571428,2.8817945498297424,4.748505059117573,-1.8176640033755795,0.0,1.2434497875801752e-15,9.14015668429045,0.9263033090691337,-20.283443182189853,
58.40000000000029,2.6931665686453647,4.000005167784978,-0.12142857142857588,0.125,0.1428571428571428,2.8817945498297424,4.748505059117573,-1.8176640033755795,0.0,1.2434497875801752e-15,9.14015668429045,0.9263033090691337,-20.28342091985503,
58.60000000000029,2.6931665686453647,4.000005167784978,-0.11428571428571876,0.125,0.1428571428571428,2.8817945498297424,4.748505059117573,-1.8176640033755795,0.0,1.2434497875801752e-15,9.14015668429045,0.9263033090691337,-20.283399922628792,
58.800000000000296,2.6931665686453647,4.000005167784978,-0.10714285714286165,0.125,0.1428571428571428,2.8817945498297424,4.748505059117573,-1.8176640033755795,0.0,1.2434497875801752e-15,9.14015668429045,0.9263033090691337,-20.28338019349137,
59.0000000000003,2.6931665686453647,4.000005167784978,-0.10000000000000453,0.125,0.1428571428571428,2.8817945498297424,4.748505059117573,-1.8176640033755795,0.0,1.2434497875801752e-15,9.14015668429045,0.9263033090691337,-20.283361730952652,
59.2000000000003,2.6931665686453647,4.000005167784978,-0.09285714285714741,0.125,0.1428571428571428,2.8817945498297424,4.748505059117573,-1.8176640033755795,0.0,1.2434497875801752e-15,9.14015668429045,0.9263033090691337,-20.283344539482982,
59.400000000000304,2.6931665686453647,4.000005167784978,-0.0857142857142903,0.125,0.1428571428571428,2.8817945498297424,4.748505059117573,-1.8176640033755795,0.0,1.2434497875801752e-15,9.14015668429045,0.9263033090691337,-20.283328616102132,
59.60000000000031,2.6931665686453647,4.000005167784978,-0.07857142857143318,0.125,0.1428571428571428,2.8817945498297424,4.748505059117573,-1.8176640033755795,0.0,1.2434497875801752e-15,9.14015668429045,0.9263033090691337,-20.283313965280446,
59.80000000000031,2.6931665686453647,4.000005167784978,-0.07142857142857606,0.125,0.1428571428571428,2.8817945498297424,4.748505059117573,-1.8176640033755795,0.0,1.2434497875801752e-15,9.14015668429045,0.9263033090691337,-20.283300584037693,
60.00000000000031,2.6931665686453647,4.000005167784978,-0.06428571428571894,0.125,0.1428571428571428,2.8817945498297424,4.748505059117573,-1.8176640033755795,0.0,1.2434497875801752e-15,9.14015668429045,0.9263033090691337,-20.283288476844223,
60.200000000000315,2.6931665686453647,4.000005167784978,-0.057142857142861825,0.125,0.1428571428571428,2.8817945498297424,4.748505059117573,-1.8176640033755795,0.0,1.2434497875801752e-15,9.14015668429045,0.9263033090691337,-20.28327764220992,
60.40000000000032,2.6931665686453647,4.000005167784978,-0.05000000000000471,0.125,0.1428571428571428,2.8817945498297424,4.748505059117573,-1.8176640033755795,0.0,1.2434497875801752e-15,9.14015668429045,0.9263033090691337,-20.283268080134782,
60.60000000000032,2.6931665686453647,4.000005167784978,-0.04285714285714759,0.125,0.1428571428571428,2.8817945498297424,4.748505059117573,-1.8176640033755795,0.0,1.2434497875801752e-15,9.14015668429045,0.9263033090691337,-20.283259792108925,
60.800000000000324,2.6931665686453647,4.000005167784978,-0.03571428571429047,0.125,0.1428571428571428,2.8817945498297424,4.748505059117573,-1.8176640033755795,0.0,1.2434497875801752e-15,9.14015668429045,0.9263033090691337,-20.28325277962247,
61.00000000000033,2.6931665686453647,4.000005167784978,-0.028571428571433355,0.125,0.1428571428571428,2.8817945498297424,4.748505059117573,-1.8176640033755795,0.0,1.2434497875801752e-15,9.14015668429045,0.9263033090691337,-20.28324704118529,
61.20000000000033,2.6931665686453647,4.000005167784978,-0.021428571428576237,0.125,0.1428571428571428,2.8817945498297424,4.748505059117573,-1.8176640033755795,0.0,1.2434497875801752e-15,9.14015668429045,0.9263033090691337,-20.2832425767974,
61.40000000000033,2.6931665686453647,4.000005167784978,-0.01428571428571912,0.125,0.1428571428571428,2.8817945498297424,4.748505059117573,-1.8176640033755795,0.0,1.2434497875801752e-15,9.14015668429045,0.9263033090691337,-20.283239389439018,
61.600000000000335,2.6931665686453647,4.000005167784978,-0.0071428571428620025,0.125,0.1428571428571428,2.8817945498297424,4.748505059117573,-1.8176640033755795,0.0,1.2434497875801752e-15,9.14015668429045,0.9263033090691337,-20.283237476129923,
61.80000000000034,2.6931665686453647,4.000005167784978,-4.884981308350689e-15,0.125,0.1428571428571428,2.8817945498297424,4.748505059117573,-1.8176640033755795,0.0,1.2434497875801752e-15,9.14015668429045,0.9263033090691337,-20.28323683836022,
62.00000000000034,2.7181643365689396,4.000273011261921,0.028571428571423585,0.125,0.1428571428571428,2.8817945498297424,4.748505059117573,-1.8176640033755795,0.0,1.2434497875801752e-15,9.14015668429045,0.9263033090691337,-20.295220706839952,
62.200000000000344,2.743144250386375,4.00125487019402,0.057142857142852055,0.125,0.1428571428571428,2.8817945498297424,4.748505059117573,-1.8176640033755795,0.0,1.2434497875801752e-15,9.14015668429045,0.9263033090691337,-20.30707307406226,
62.40000000000035,2.768085919718447,4.002949943118303,0.08571428571428052,0.125,0.1428571428571428,2.8817945498297424,4.748505059117573,-1.8176640033755795,0.0,1.2434497875801752e-15,9.14015668429045,0.9263033090691337,-20.318781171222124,
62.60000000000035,2.792968985403795,4.005356846395897,0.114285714285709,0.125,0.1428571428571428,2.8817945498297424,4.748505059117573,-1.8176640033755795,0.0,1.2434497875801752e-15,9.14015668429045,0.9263033090691337,-20.330331743736657,
62.80000000000035,2.8177731361175167,4.008473615341461,0.14285714285713746,0.125,0.1428571428571428,2.8817945498297424,4.748505059117573,-1.80882494353121,0.0,0.04419529922184555,9.14015668429045,0.9263033090691337,-20.341711526592167,
63.000000000000355,2.842478124950712,4.012297705826889,0.17142857142856593,0.125,0.1428571428571428,2.8817945498297424,4.748505059117573,-1.7935459997651924,0.0,0.07639471883009019,9.14015668429045,0.9263033090691337,-20.35290712364474,
63.20000000000036,2.867063785937448,4.016825996358018,0.1999999999999944,0.125,0.1428571428571428,2.8817945498297424,4.748505059117573,-1.7735538324521736,0.0,0.09996083656509497,9.14015668429045,0.9263033090691337,-20.363904889901075,
63.40000000000036,2.8915100505156532,4.02205479062261,0.22857142857142287,0.125,0.1428571428571428,2.8817945498297424,4.748505059117573,-1.750090998435983,0.0,0.1173141700809534,9.14015668429045,0.9263033090691337,-20.37469128318587,
63.600000000000364,2.915796963908501,4.027979820507543,0.25714285714285134,0.125,0.1428571428571428,2.8817945498297424,4.748505059117573,-1.7240516184071106,0.0,0.13019690014436192,9.14015668429045,0.9263033090691337,-20.385252625723275,
63.80000000000037,2.9399047014129165,4.0345962495827505,0.2857142857142798,0.125,0.1428571428571428,2.8817945498297424,4.748505059117573,-1.6960790684627636,0.0,0.13986274972173598,9.14015668429045,0.9263033090691337,-20.395575342555436,
64.00000000000037,2.9638135845819065,4.041898677049056,0.3142857142857083,0.125,0.1428571428571428,2.8817945498297424,4.748505059117573,-1.6666363293311237,0.0,0.14721369565819992,9.14015668429045,0.9263033090691337,-20.40564559646407,
64.20000000000037,2.987504097287504,4.04988114214669,0.34285714285713675,0.125,0.1428571428571428,2.8817945498297424,4.748505059117573,-1.6360566492825575,0.0,0.1528984002428304,9.14015668429045,0.9263033090691337,-20.415449772258196,
64.40000000000038,3.01095690165122,4.058537129020888,0.3714285714285652,0.125,0.1428571428571428,2.8817945498297424,4.748505059117573,-1.6045800329660107,0.0,0.15738308158273567,9.14015668429045,0.9263033090691337,-20.42497422643462,
64.60000000000038,3.034152853828991,4.067859572040592,0.3999999999999937,0.125,0.1428571428571428,2.8817945498297424,4.748505059117573,-1.5723795248694827,0.0,0.16100254048263762,9.14015668429045,0.9263033090691337,-20.43420553006688,
64.80000000000038,3.057073019637743,4.077840861565918,0.42857142857142216,0.125,0.1428571428571428,2.8817945498297424,4.748505059117573,-1.539580144740671,0.0,0.16399690064405945,9.14015668429045,0.9263033090691337,-20.44313034363547,
65.00000000000038,3.0796986900108174,4.088472850159686,0.45714285714285063,0.125,0.1428571428571428,2.8817945498297424,4.748505059117573,-1.5062725321084276,0.0,0.16653806316121783,9.14015668429045,0.9263033090691337,-20.45173541404763,
65.20000000000039,3.1020113962696407,4.099746859237939,0.4857142857142791,0.125,0.1428571428571428,2.8817945498297424,4.748505059117573,-1.472522780891608,0.0,0.16874875608409923,9.14015668429045,0.9263033090691337,-20.460007817526254,
65.40000000000039,3.1239929251991687,4.111653686154015,0.5142857142857076,0.125,0.1428571428571428,2.8817945498297424,4.748505059117573,-1.4383795302387439,0.0,0.17071625326431883,9.14015668429045,0.9263033090691337,-20.467934949179085,
65.60000000000039,3.145625333914807,4.1241836117104045,0.542857142857136,0.125,0.1428571428571428,2.8817945498297424,4.748505059117573,-1.4038790790445894,0.0,0.17250225597077432,9.14015668429045,0.9263033090691337,-20.475504521508608,
65.8000000000004,3.1668909645086663,4.137326408092246,0.5714285714285645,0.125,0.1428571428571428,2.8817945498297424,4.748505059117573,-1.3690490765194143,0.0,0.1741500126258776,9.14015668429045,0.9263033090691337,-20.482704208274278,
66.0000000000004,3.1877724584632032,4.151071347215999,0.599999999999993,0.125,0.1428571428571428,2.8817945498297424,4.748505059117573,-1.3339111863313793,0.0,0.17568945094017419,9.14015668429045,0.9263033090691337,-20.48952283509532,
66.2000000000004,3.208252770820472,4.165407209486464,0.6285714285714215,0.125,0.1428571428571428,2.8817945498297424,4.748505059117573,-1.298483010344758,0.0,0.17714087993310831,9.14015668429045,0.9263033090691337,-20.495948941488656,
66.4000000000004,3.228315184095431,4.1803222929550135,0.6571428571428499,0.125,0.1428571428571428,2.8817945498297424,4.748505059117573,-1.2627794777010841,0.0,0.17851766321837115,9.14015668429045,0.9263033090691337,-20.501972087700757,
66.6000000000004,3.2479433219219396,4.195804422871554,0.6857142857142784,0.125,0.1428571428571428,2.8817945498297424,4.748505059117573,-1.2268138471989527,0.0,0.1798281525106562,9.14015668429045,0.9263033090691337,-20.507582266111765,
66.80000000000041,3.26712116242031,4.211840961622422,0.7142857142857069,0.125,0.1428571428571428,2.8817945498297424,4.748505059117573,-1.190598429330496,0.0,0.1810770893422811,9.14015668429045,0.9263033090691337,-20.512769774575624,
67.00000000000041,3.285833051275509,4.228418819046099,0.7428571428571353,0.125,0.1428571428571428,2.8817945498297424,4.748505059117573,-1.1541451043995838,0.0,0.18226662465456067,9.14015668429045,0.9263033090691337,-20.517526044924647,
67.20000000000041,3.304063714515313,4.245524463118332,0.7714285714285638,0.125,0.1428571428571428,2.8817945498297424,4.748505059117573,-1.1174656916177668,0.0,0.18339706390908672,9.14015668429045,0.9263033090691337,-20.521842811484728,
67.40000000000042,3.3217982709780136,4.263143930997934,0.7999999999999923,0.125,0.1428571428571428,2.8817945498297424,4.748505059117573,-1.0805722086010938,0.0,0.18446741508337128,9.14015668429045,0.9263033090691337,-20.52571258493224,
67.60000000000042,3.339022244459479,4.281262840424245,0.8285714285714207,0.125,0.1428571428571428,2.8817945498297424,4.748505059117573,-1.0434770495834655,0.0,0.18547579508814244,9.14015668429045,0.9263033090691337,-20.52912889369288,
67.80000000000042,3.355721575529655,4.299866401456954,0.8571428571428492,0.125,0.1428571428571428,2.8817945498297424,4.748505059117573,-1.0061931027023583,0.0,0.18641973440553083,9.14015668429045,0.9263033090691337,-20.532085796673687,
68.00000000000043,3.371882633008876,4.318939428548697,0.8857142857142781,0.125,0.1428571428571428,2.8817945498297424,4.748505059117573,-0.9687338210229282,0.0,0.18729640839714934,9.14015668429045,0.9263033090691337,-20.53457824834147,
68.20000000000043,3.387492225094596,4.338466352940585,0.9142857142857066,0.125,0.1428571428571428,2.8817945498297424,4.748505059117573,-0.9311132579139443,0.0,0.1881028155449142,9.14015668429045,0.9263033090691337,-20.536602213461787,
68.40000000000043,3.402537610129478,4.358431235370522,0.9428571428571351,0.125,0.1428571428571428,2.8817945498297424,4.748505059117573,-0.8933460745169288,0.0,0.18883591698508279,9.14015668429045,0.9263033090691337,-20.53815418877164,
68.60000000000043,3.4170065070020397,4.378817779083968,0.9714285714285635,0.125,0.1428571428571428,2.8817945498297424,4.748505059117573,-0.8554475250279658,0.0,0.18949274744481404,9.14015668429045,0.9263033090691337,-20.539231925685794,
68.80000000000044,3.4308871051713656,4.399609343136505,0.999999999999992,0.125,0.1428571428571428,2.8817945498297424,4.748505059117573,-0.8174334241009635,0.0,0.19007050463501346,9.14015668429045,0.9263033090691337,-20.539833948244247,
69.00000000000044,3.444168074307712,4.420788955977358,1.0285714285714205,0.125,0.1428571428571428,2.8817945498297424,4.748505059117573,-0.7793200997076806,0.0,0.19056662196641944,9.14015668429045,0.9263033090691337,-20.53995943539301,
69.20000000000044,3.4568385735411242,4.442339329302782,1.057142857142849,0.125,0.1428571428571428,2.8817945498297424,4.748505059117573,-0.7411243341273863,0.0,0.19097882790146592,9.14015668429045,0.9263033090691337,-20.539608818520698,
69.40000000000045,3.4688882603105267,4.464242872167998,1.0857142857142774,0.125,0.1428571428571428,2.8817945498297424,4.748505059117573,-0.7028632952948541,0.0,0.1913051941626616,9.14015668429045,0.9263033090691337,-20.538783308346662,
69.60000000000045,3.4688882603105267,4.464242872167998,1.2857142857142767,0.0,1.0,2.8817945498297424,4.748505059117573,-0.6645544604417779,0.0,0.19154417426538667,9.14015668429045,0.9263033090691337,-20.645417237281798,
69.80000000000045,3.4688882603105267,4.464242872167998,1.485714285714276,0.0,1.0,2.8817945498297424,4.748505059117573,-0.6262155337739355,0.0,0.19169463333920955,9.14015668429045,0.9263033090691337,-20.645417237281798,
70.00000000000045,3.4688882603105267,4.464242872167998,1.6857142857142753,0.0,1.0,2.8817945498297424,4.748505059117573,-0.5878643597977007,0.0,0.19175586988117174,9.14015668429045,0.9263033090691337,-20.645417237281798,
70.20000000000046,3.4688882603105267,4.464242872167998,1.8857142857142746,0.0,1.0,2.8817945498297424,4.748505059117573,-0.5495188338182349,0.0,0.19172762989732595,9.14015668429045,0.9263033090691337,-20.645417237281798,
70.40000000000046,3.4688882603105267,4.464242872167998,2.085714285714274,0.0,1.0,2.8817945498297424,4.748505059117573,-0.52191005511302,0.0,0.1380438935260738,9.14015668429045,0.9263033090691337,-20.645417237281798,
70.60000000000046,3.4688882603105267,4.464242872167998,2.285714285714273,0.0,1.0,2.8817945498297424,4.748505059117573,-0.502031734445266,0.0,0.09939160333877303,9.14015668429045,0.9263033090691337,-20.645417237281798,
70.80000000000047,3.4688882603105267,4.464242872167998,2.4857142857142724,0.0,1.0,2.8817945498297424,4.748505059117573,-0.487719343564482,0.0,0.07156195440391748,9.14015668429045,0.9263033090691337,-20.645417237281798,
71.00000000000047,3.4688882603105267,4.464242872167998,2.6857142857142717,0.0,1.0,2.8817945498297424,4.748505059117573,-0.4774144221303178,0.0,0.05152460717081979,9.14015668429045,0.9263033090691337,-20.645417237281798,
71.20000000000047,3.4688882603105267,4.464242872167998,2.885714285714271,0.0,1.0,2.8817945498297424,4.748505059117573,-0.4699948786977206,0.0,0.03709771716298995,9.14015668429045,0.9263033090691337,-20.645417237281798,
71.40000000000047,3.4688882603105267,4.464242872167998,3.0857142857142703,0.0,1.0,2.8817945498297424,4.748505059117573,-0.4646528074262495,0.0,0.02671035635735386,9.14015668429045,0.9263033090691337,-20.645417237281798,
71.60000000000048,3.4688882603105267,4.464242872167998,-2.9974710214653166,0.0,1.0,2.8817945498297424,4.748505059117573,-0.46080651611079126,0.0,0.01923145657729428,9.14015668429045,0.9263033090691337,-20.645417237281798,
71.80000000000048,3.4688882603105267,4.464242872167998,-2.7974710214653173,0.0,1.0,2.8817945498297424,4.748505059117573,-0.4580371863636614,0.0,0.013846648735652776,9.14015668429045,0.9263033090691337,-20.645417237281798,
72.00000000000048,3.4688882603105267,4.464242872167998,-2.597471021465318,0.0,1.0,2.8817945498297424,4.748505059117573,-0.4560432689457272,0.0,0.009969587089670995,9.14015668429045,0.9263033090691337,-20.645417237281798,
72.20000000000049,3.4688882603105267,4.464242872167998,-2.3974710214653188,0.0,1.0,2.8817945498297424,4.748505059117573,-0.4546076484048136,0.0,0.007178102704563116,9.14015668429045,0.9263033090691337,-20.645417237281798,
72.40000000000049,3.4688882603105267,4.464242872167998,-2.1974710214653195,0.0,1.0,2.8817945498297424,4.748505059117573,-0.45357400161535644,0.0,0.005168233947284051,9.14015668429045,0.9263033090691337,-20.645417237281798,
72.60000000000049,3.454445153564217,4.44383804899298,-2.168899592893891,0.125,0.1428571428571428,2.8817945498297424,4.748505059117573,-0.45282977592694706,0.0,0.003721128442044019,9.14015668429045,0.9263033090691337,-20.56613647439042,
72.8000000000005,3.440590857194553,4.423028949699869,-2.1403281643224625,0.125,0.1428571428571428,2.8817945498297424,4.748505059117573,-0.4522939334312923,0.0,0.002679212478270898,9.14015668429045,0.9263033090691337,-20.56959363319436,
73.0000000000005,3.4273366800618827,4.401832560152948,-2.111756735751034,0.125,0.1428571428571428,2.8817945498297424,4.748505059117573,-0.4519081268344216,0.0,0.0019290329843542507,9.14015668429045,0.9263033090691337,-20.569692881633433,
73.2000000000005,3.4146934411666243,4.380266182350301,-2.0831853071796056,0.125,0.1428571428571428,2.8817945498297424,4.748505059117573,-0.45163034608467356,0.0,0.0013889037487352595,9.14015668429045,0.9263033090691337,-20.566429192055853,
73.4000000000005,3.4026714608180315,4.358347420300698,-2.054613878608177,0.125,0.1428571428571428,2.8817945498297424,4.748505059117573,-0.46207751840555744,0.0,-0.052235861604415845,9.14015668429045,0.9263033090691337,-20.559826392163426,
73.6000000000005,3.391280552210021,4.336094165653951,-2.0260424500367487,0.125,0.1428571428571428,2.8817945498297424,4.748505059117573,-0.4803739946379473,0.0,-0.0914823811619449,9.14015668429045,0.9263033090691337,-20.549936079461965,
73.80000000000051,3.380530013410949,4.313524583096475,-1.9974710214653202,0.125,0.1428571428571428,2.8817945498297424,4.748505059117573,-0.5043741336894598,0.0,-0.12000069525756611,9.14015668429045,0.9263033090691337,-20.536835841317565,
74.00000000000051,3.37042861977387,4.290657095523989,-1.9688995928938917,0.125,0.1428571428571428,2.8817945498297424,4.748505059117573,-0.5324562528427919,0.0,-0.14041059576665596,9.14015668429045,0.9263033090691337,-20.520626385738048,
74.20000000000051,3.3609846167734654,4.267510369003435,-1.9403281643224632,0.125,0.1428571428571428,2.8817945498297424,4.748505059117573,-0.563376700329913,0.0,-0.15460223743560852,9.14015668429045,0.9263033090691337,-20.501428091009053,
74.40000000000052,3.3522057132755063,4.244103297536406,-1.9117567357510348,0.125,0.1428571428571428,2.8817945498297424,4.748505059117573,-0.5961671549563707,0.0,-0.163952273132291,9.14015668429045,0.9263033090691337,-20.479377307970914,
74.60000000000052,3.3440990752443267,4.220454987636532,-1.8831853071796063,0.125,0.1428571428571428,2.8817945498297424,4.748505059117573,-0.6300628078343831,0.0,-0.1694782643900666,9.14015668429045,0.9263033090691337,-20.454622426857146,
74.80000000000052,3.3366713198934566,4.196584742733375,-1.8546138786081778,0.125,0.1428571428571428,2.8817945498297424,4.748505059117573,-0.6644523912170097,0.0,-0.17194791691312775,9.14015668429045,0.9263033090691337,-20.427320293565185,
75.00000000000053,3.3299285102841827,4.172512047415606,-1.8260424500367494,0.125,0.1428571428571428,2.8817945498297424,4.748505059117573,-0.6988434539535735,0.0,-0.17195531368281758,9.14015668429045,0.9263033090691337,-20.39763205819288,
75.20000000000053,3.323876150376445,4.148256551526298,-1.797471021465321,0.125,0.1428571428571428,2.8817945498297424,4.748505059117573,-0.7328380944723794,0.0,-0.16997320259402446,9.14015668429045,0.9263033090691337,-20.365721122776062,
75.40000000000053,3.3185191805361156,4.123838054123328,-1.7688995928938924,0.125,0.1428571428571428,2.8817945498297424,4.748505059117573,-0.7661157214587799,0.0,-0.1663881349320018,9.14015668429045,0.9263033090691337,-20.33174934410015,
75.60000000000053,3.313861973502322,4.099276487317983,-1.740328164322464,0.125,0.1428571428571428,2.8817945498297424,4.748505059117573,-0.7984204345249513,0.0,-0.1615235653308531,9.14015668429045,0.9263033090691337,-20.295875952248366,
75.80000000000054,3.3099083308181054,4.074591900004953,-1.7117567357510355,0.125,0.1428571428571428,2.8817945498297424,4.748505059117573,-0.8295513806791508,0.0,-0.15565473077100067,9.14015668429045,0.9263033090691337,-20.25825493656555,
76.00000000000054,3.3066614797273317,4.0498044414970025,-1.683185307179607,0.125,0.1428571428571428,2.8817945498297424,4.748505059117573,-0.8593550034591875,0.0,-0.14901811390018052,9.14015668429045,0.9263033090691337,0.2809654393746537,
76.20000000000054,3.304124070540387,4.024934345077667,-1.6546138786081785,0.125,0.1428571428571428,2.8817945498297424,4.748505059117573,-0.8877185031977053,0.0,-0.14181749869259228,9.14015668429045,0.9263033090691337,0.3216438298626822,
76.40000000000055,3.302031084426342,4.000022110952113,-1.6688995928938928,0.5,-0.1428571428571429,2.8817945498297424,4.748505059117573,-0.9145641040997141,0.0,-0.13422800451004324,9.14015668429045,0.9263033090691337,0.35493600047668633,
76.60000000000055,3.302031084426342,4.000022110952113,-1.67604245003675,0.5,-0.1428571428571429,2.8817945498297424,4.748505059117573,-0.9398439062316584,0.0,-0.12639901065972659,9.14015668429045,0.9263033090691337,0.3542253998621386,
76.80000000000055,3.302031084426342,4.000022110952113,-1.683185307179607,0.5,-0.1428571428571429,2.9342379447729443,4.675365909894302,-0.9635352131646542,0.45,-0.1184565346649748,9.14015668429045,0.9263033090691337,-20.32525532566467,
77.00000000000055,3.302031084426342,4.000022110952113,-1.67604245003675,0.125,0.1428571428571428,2.9342379447729443,4.675365909894302,-0.9887886816212195,0.0,-0.12626734228282466,9.14015668429045,0.9263033090691337,-20.31666681174645,
77.20000000000056,3.302031084426342,4.000022110952113,-1.6688995928938928,0.125,0.1428571428571428,2.9342379447729443,4.675365909894302,-1.01211792413919,0.0,-0.11664621258985645,9.14015668429045,0.9263033090691337,-20.316489161592813,
77.40000000000056,3.302031084426342,4.000022110952113,-1.6617567357510357,0.125,0.1428571428571428,2.9342379447729443,4.675365909894302,-1.0289149787521303,0.0,-0.08398527306469772,9.14015668429045,0.9263033090691337,-20.316311389622182,
77.60000000000056,3.302031084426342,4.000022110952113,-1.6546138786081785,0.125,0.1428571428571428,2.9342379447729443,4.675365909894302,-1.0410088580734467,0.0,-0.06046939660658123,9.14015668429045,0.9263033090691337,-20.316133498814793,
77.80000000000057,3.302031084426342,4.000022110952113,-1.6474710214653214,0.125,0.1428571428571428,2.9342379447729443,4.675365909894302,-1.0497164511847945,0.0,-0.04353796555673836,9.14015668429045,0.9263033090691337,-20.315955501277838,
78.00000000000057,3.302031084426342,4.000022110952113,-1.6403281643224643,0.125,0.1428571428571428,2.9342379447729443,4.675365909894302,-1.0559859182249642,0.0,-0.0313473352008514,9.14015668429045,0.9263033090691337,-20.31577740893224,
78.20000000000057,3.302031084426342,4.000022110952113,-1.6331853071796072,0.125,0.1428571428571428,2.9342379447729443,4.675365909894302,-1.0604999344938868,0.0,-0.022570081344613777,9.14015668429045,0.9263033090691337,-20.315599225037637,
78.40000000000057,3.302031084426342,4.000022110952113,-1.62604245003675,0.125,0.1428571428571428,2.9342379447729443,4.675365909894302,-1.0637500262075115,0.0,-0.016250458568122194,9.14015668429045,0.9263033090691337,-20.315420964588316,
78.60000000000058,3.302031084426342,4.000022110952113,-1.618899592893893,0.125,0.1428571428571428,2.9342379447729443,4.675365909894302,-1.0660900922413212,0.0,-0.011700330169047656,9.14015668429045,0.9263033090691337,-20.315242630750777,
78.80000000000058,3.302031084426342,4.000022110952113,-1.6117567357510358,0.125,0.1428571428571428,2.9342379447729443,4.675365909894302,-1.0677749397856644,0.0,-0.008424237721713988,9.14015668429045,0.9263033090691337,-20.31506423553908,
79.00000000000058,3.302031084426342,4.000022110952113,-1.6046138786081787,0.125,0.1428571428571428,2.9342379447729443,4.675365909894302,-1.0689880300175911,0.0,-0.00606545115963355,9.14015668429045,0.9263033090691337,-20.314885791153554,
79.20000000000059,3.302031084426342,4.000022110952113,-1.5974710214653216,0.125,0.1428571428571428,2.9342379447729443,4.675365909894302,-1.0698614549845775,0.0,-0.004367124834936131,9.14015668429045,0.9263033090691337,-20.314707300574423,
79.40000000000059,3.302031084426342,4.000022110952113,-1.5903281643224645,0.125,0.1428571428571428,2.9342379447729443,4.675365909894302,-1.0704903209608094,0.0,-0.003144329881155183,9.14015668429045,0.9263033090691337,-20.314528776048586,
79.60000000000059,3.302031084426342,4.000022110952113,-1.5831853071796074,0.125,0.1428571428571428,2.9342379447729443,4.675365909894302,-1.0709431044636961,0.0,-0.0022639175144305132,9.14015668429045,0.9263033090691337,-20.31435022961339,
79.8000000000006,3.302031084426342,4.000022110952113,-1.5760424500367503,0.125,0.1428571428571428,2.9342379447729443,4.675365909894302,-1.0712691085857742,0.0,-0.001630020610389149,9.14015668429045,0.9263033090691337,-20.314171664400398,
80.0000000000006,3.302031084426342,4.000022110952113,-1.5688995928938931,0.125,0.1428571428571428,2.9342379447729443,4.675365909894302,-1.0715038315536702,0.0,-0.001173614839479864,9.14015668429045,0.9263033090691337,-20.313993095465026,
80.2000000000006,3.302031084426342,4.000022110952113,-1.561756735751036,0.125,0.1428571428571428,2.9342379447729443,4.675365909894302,-1.071672832090556,0.0,-0.0008450026844253777,9.14015668429045,0.9263033090691337,-20.31381452597668,
80.4000000000006,3.302031084426342,4.000022110952113,-1.554613878608179,0.125,0.1428571428571428,2.9342379447729443,4.675365909894302,-1.071794512477112,0.0,-0.0006084019327853517,9.14015668429045,0.9263033090691337,-20.313635968039648,
80.6000000000006,3.302031084426342,4.000022110952113,-1.5474710214653218,0.125,0.1428571428571428,2.9342379447729443,4.675365909894302,-1.071882122355433,0.0,-0.00043804939160692054,9.14015668429045,0.9263033090691337,-20.31345743368836,
80.80000000000061,3.302031084426342,4.000022110952113,-1.5403281643224647,0.125,0.1428571428571428,2.9342379447729443,4.675365909894302,-1.0719452014678232,0.0,-0.00031539556195765424,9.14015668429045,0.9263033090691337,-20.31327892615916,
81.00000000000061,3.302031084426342,4.000022110952113,-1.5331853071796075,0.125,0.1428571428571428,2.9342379447729443,4.675365909894302,-1.071990618428746,0.0,-0.00022708480461117728,9.14015668429045,0.9263033090691337,-20.31310045751268,
81.20000000000061,3.302031084426342,4.000022110952113,-1.5260424500367504,0.125,0.1428571428571428,2.9342379447729443,4.675365909894302,-1.0720233186406105,0.0,-0.00016350105931932645,9.14015668429045,0.9263033090691337,-20.312922039856108,
81.40000000000062,3.302031084426342,4.000022110952113,-1.5188995928938933,0.125,0.1428571428571428,2.9342379447729443,4.675365909894302,-1.0720468627931528,0.0,-0.00011772076270899488,9.14015668429045,0.9263033090691337,-20.312743676216247,
81.60000000000062,3.302031084426342,4.000022110952113,-1.5117567357510362,0.125,0.1428571428571428,2.9342379447729443,4.675365909894302,-1.0720638145829824,0.0,-8.47589491498546e-05,9.14015668429045,0.9263033090691337,-20.312565378700288,
81.80000000000062,3.302031084426342,4.000022110952113,-1.504613878608179,0.125,0.1428571428571428,2.9342379447729443,4.675365909894302,-1.072076019871659,0.0,-6.102644338836782e-05,9.14015668429045,0.9263033090691337,-20.312387159508557,
82.00000000000063,3.302031084426342,4.000022110952113,-1.497471021465322,0.125,0.1428571428571428,2.9342379447729443,4.675365909894302,-1.0720848076795075,0.0,-4.39390392410921e-05,9.14015668429045,0.9263033090691337,-20.31220902171442,
82.20000000000063,3.302031084426342,4.000022110952113,-1.4903281643224648,0.125,0.1428571428571428,2.9342379447729443,4.675365909894302,-1.072091134901159,0.0,-3.163610825316354e-05,9.14015668429045,0.9263033090691337,-20.31203098021904,
82.40000000000063,3.302031084426342,4.000022110952113,-1.4831853071796077,0.125,0.1428571428571428,2.9342379447729443,4.675365909894302,-1.0720956905007473,0.0,-2.2777997941059167e-05,9.14015668429045,0.9263033090691337,-20.311853038375173,
82.60000000000063,3.302031084426342,4.000022110952113,-1.4760424500367506,0.125,0.1428571428571428,2.9342379447729443,4.675365909894302,-1.0720989705324495,0.0,-1.640015851753773e-05,9.14015668429045,0.9263033090691337,-20.311675208290012,
82.80000000000064,3.302031084426342,4.000022110952113,-1.4688995928938935,0.125,0.1428571428571428,2.9342379447729443,4.675365909894302,-1.0721013321552757,0.0,-1.1808114134392866e-05,9.14015668429045,0.9263033090691337,-20.311497501698227,
83.00000000000064,3.302031084426342,4.000022110952113,-1.4617567357510364,0.125,0.1428571428571428,2.9342379447729443,4.675365909894302,-1.072103032523712,0.0,-8.501842177732754e-06,9.14015668429045,0.9263033090691337,-20.311319921766312,
83.20000000000064,3.302031084426342,4.000022110952113,-1.4546138786081793,0.125,0.1428571428571428,2.9342379447729443,4.675365909894302,-1.0721042567889842,0.0,-6.121326366947954e-06,9.14015668429045,0.9263033090691337,-20.311142480787726,
83.40000000000065,3.302031084426342,4.000022110952113,-1.4474710214653221,0.125,0.1428571428571428,2.9342379447729443,4.675365909894302,-1.0721051382599818,0.0,-4.407354985769274e-06,9.14015668429045,0.9263033090691337,-20.310965190683397,
83.60000000000065,3.302031084426342,4.000022110952113,-1.440328164322465,0.125,0.1428571428571428,2.9342379447729443,4.675365909894302,-1.0721057729191,0.0,-3.173295589231628e-06,9.14015668429045,0.9263033090691337,-20.31078805461982,
83.80000000000065,3.302031084426342,4.000022110952113,-1.433185307179608,0.125,0.1428571428571428,2.9342379447729443,4.675365909894302,-1.0721062298736648,0.0,-2.2847728238239995e-06,9.14015668429045,0.9263033090691337,-20.310611087311894,
84.00000000000065,3.302031084426342,4.000022110952113,-1.4260424500367508,0.125,0.1428571428571428,2.9342379447729443,4.675365909894302,-1.0721065588809502,0.0,-1.6450364330289345e-06,9.14015668429045,0.9263033090691337,-20.310434292112383,
84.20000000000066,3.302031084426342,4.000022110952113,-1.4188995928938937,0.125,0.1428571428571428,2.9342379447729443,4.675365909894302,-1.0721067957661958,0.0,-1.1844262334470555e-06,9.14015668429045,0.9263033090691337,-20.31025768056968,
84.40000000000066,3.302031084426342,4.000022110952113,-1.4117567357510366,0.125,0.1428571428571428,2.9342379447729443,4.675365909894302,-1.0721069663235738,0.0,-8.527868895491507e-07,9.14015668429045,0.9263033090691337,-20.310081265349776,
84.60000000000066,3.302031084426342,4.000022110952113,-1.4046138786081794,0.125,0.1428571428571428,2.9342379447729443,4.675365909894302,-1.072107089124886,0.0,-6.140065603510435e-07,9.14015668429045,0.9263033090691337,-20.309905049060376,
84.80000000000067,3.302031084426342,4.000022110952113,-1.3974710214653223,0.125,0.1428571428571428,2.9342379447729443,4.675365909894302,-1.072107177541831,0.0,-4.4208472322893043e-07,9.14015668429045,0.9263033090691337,-20.309729043994935,
85.00000000000067,3.302031084426342,4.000022110952113,-1.3903281643224652,0.125,0.1428571428571428,2.9342379447729443,4.675365909894302,-1.0721072412020298,0.0,-3.1830100040153296e-07,9.14015668429045,0.9263033090691337,-20.309553261701854,
85.20000000000067,3.302031084426342,4.000022110952113,-1.383185307179608,0.125,0.1428571428571428,2.9342379447729443,4.675365909894302,-1.0721072870373742,0.0,-2.2917672195532644e-07,9.14015668429045,0.9263033090691337,-20.309377705161364,
85.40000000000067,3.302031084426342,4.000022110952113,-1.376042450036751,0.125,0.1428571428571428,2.9342379447729443,4.675365909894302,-1.072107320038823,0.0,-1.6500723978296603e-07,9.14015668429045,0.9263033090691337,-20.309202389647158,
85.60000000000068,3.302031084426342,4.000022110952113,-1.3688995928938938,0.125,0.1428571428571428,2.9342379447729443,4.675365909894302,-1.0721073437998658,0.0,-1.1880521162410672e-07,9.14015668429045,0.9263033090691337,-20.309027318139467,
85.80000000000068,3.302031084426342,4.000022110952113,-1.3617567357510367,0.125,0.1428571428571428,2.9342379447729443,4.675365909894302,-1.0721073609078164,0.0,-8.553975154867998e-08,9.14015668429045,0.9263033090691337,-20.308852502559215,
86.00000000000068,3.302031084426342,4.000022110952113,-1.3546138786081796,0.125,0.1428571428571428,2.9342379447729443,4.675365909894302,-1.0721073732255402,0.0,-6.158862069227666e-08,9.14015668429045,0.9263033090691337,-20.30867795408228,
86.20000000000068,3.302031084426342,4.000022110952113,-1.3474710214653225,0.125,0.1428571428571428,2.9342379447729443,4.675365909894302,-1.072107382094302,0.0,-4.4343807470426096e-08,9.14015668429045,0.9263033090691337,-20.30850367680648,
86.40000000000069,3.302031084426342,4.000022110952113,-1.3403281643224654,0.125,0.1428571428571428,2.9342379447729443,4.675365909894302,-1.072107388479811,0.0,-3.192754105540985e-08,9.14015668429045,0.9263033090691337,-20.308329681907686,
86.60000000000069,3.302031084426342,4.000022110952113,-1.3331853071796083,0.125,0.1428571428571428,2.9342379447729443,4.675365909894302,-1.0721073930773777,0.0,-2.298782844079028e-08,9.14015668429045,0.9263033090691337,-20.30815598130682,
86.8000000000007,3.302031084426342,4.000022110952113,-1.3260424500367511,0.125,0.1428571428571428,2.9342379447729443,4.675365909894302,-1.0721073963876258,0.0,-1.655123496036026e-08,9.14015668429045,0.9263033090691337,-20.307982577984127,
87.0000000000007,3.302031084426342,4.000022110952113,-1.318899592893894,0.125,0.1428571428571428,2.9342379447729443,4.675365909894302,-1.0721073987710028,0.0,-1.1916887654450647e-08,9.14015668429045,0.9263033090691337,-20.3078094860957,
87.2000000000007,3.302031084426342,4.000022110952113,-1.311756735751037,0.125,0.1428571428571428,2.9342379447729443,4.675365909894302,-1.0721074004870346,0.0,-8.580159782667351e-09,9.14015668429045,0.9263033090691337,-20.30763670973936,
87.4000000000007,3.302031084426342,4.000022110952113,-1.3046138786081798,0.125,0.1428571428571428,2.9342379447729443,4.675365909894302,-1.0721074017225778,0.0,-6.177715317079446e-09,9.14015668429045,0.9263033090691337,-20.307464260090978,
87.6000000000007,3.302031084426342,4.000022110952113,-1.2974710214653227,0.125,0.1428571428571428,2.9342379447729443,4.675365909894302,-1.0721074026121684,0.0,-4.447954804476239e-09,9.14015668429045,0.9263033090691337,-20.30729214869896,
87.80000000000071,3.302031084426342,4.000022110952113,-1.2903281643224656,0.125,0.1428571428571428,2.9342379447729443,4.675365909894302,-1.072107403252673,0.0,-3.2025279317338117e-09,9.14015668429045,0.9263033090691337,-20.307120379288587,
88.00000000000071,3.302031084426342,4.000022110952113,-1.2831853071796084,0.125,0.1428571428571428,2.9342379447729443,4.675365909894302,-1.0721074037138365,0.0,-2.3058215781190937e-09,9.14015668429045,0.9263033090691337,-20.306948962290676,
88.20000000000071,3.302031084426342,4.000022110952113,-1.2760424500367513,0.125,0.1428571428571428,2.9342379447729443,4.675365909894302,-1.072107404045875,0.0,-1.6601926056125648e-09,9.14015668429045,0.9263033090691337,-20.306777910371217,
88.40000000000072,3.302031084426342,4.000022110952113,-1.2688995928938942,0.125,0.1428571428571428,2.9342379447729443,4.675365909894302,-1.0721074042849423,0.0,-1.1953388501240169e-09,9.14015668429045,0.9263033090691337,-20.30660722576538,
88.60000000000072,3.302031084426342,4.000022110952113,-1.261756735751037,0.125,0.1428571428571428,2.9342379447729443,4.675365909894302,-1.0721074044570713,0.0,-8.606444446002114e-10,9.14015668429045,0.9263033090691337,-20.306436921139152,
88.80000000000072,3.302031084426342,4.000022110952113,-1.25461387860818,0.125,0.1428571428571428,2.9342379447729443,4.675365909894302,-1.0721074045810042,0.0,-6.196638757671735e-10,9.14015668429045,0.9263033090691337,-20.30626700692335,
89.00000000000072,3.302031084426342,4.000022110952113,-1.2474710214653228,0.125,0.1428571428571428,2.9342379447729443,4.675365909894302,-1.072107404670236,0.0,-4.4615786620738616e-10,9.14015668429045,0.9263033090691337,-20.306097486098203,
89.20000000000073,3.302031084426342,4.000022110952113,-1.2403281643224657,0.125,0.1428571428571428,2.9342379447729443,4.675365909894302,-1.0721074047344832,0.0,-3.2123343984835624e-10,9.14015668429045,0.9263033090691337,-20.30592837356487,
89.40000000000073,3.302031084426342,4.000022110952113,-1.2331853071796086,0.125,0.1428571428571428,2.9342379447729443,4.675365909894302,-1.0721074047807395,0.0,-2.312872560139567e-10,9.14015668429045,0.9263033090691337,-20.30575967230359,
89.60000000000073,3.302031084426342,4.000022110952113,-1.2260424500367515,0.125,0.1428571428571428,2.9342379447729443,4.675365909894302,-1.0721074048140462,0.0,-1.6652839107678118e-10,9.14015668429045,0.9263033090691337,-20.30559139349023,
89.80000000000074,3.302031084426342,4.000022110952113,-1.2188995928938944,0.125,0.1428571428571428,2.9342379447729443,4.675365909894302,-1.072107404838027,0.0,-1.198990240425246e-10,9.14015668429045,0.9263033090691337,-20.305423549045713,
90.00000000000074,3.302031084426342,4.000022110952113,-1.2117567357510373,0.125,0.1428571428571428,2.9342379447729443,4.675365909894302,-1.0721074048552932,0.0,-8.632587977785987e-11,9.14015668429045,0.9263033090691337,-20.305256140460166,
90.20000000000074,3.302031084426342,4.000022110952113,-1.2046138786081801,0.125,0.1428571428571428,2.9342379447729443,4.675365909894302,-1.0721074048677242,0.0,-6.215321590730126e-11,9.14015668429045,0.9263033090691337,-20.30508918039957,
90.40000000000074,3.302031084426342,4.000022110952113,-1.197471021465323,0.125,0.1428571428571428,2.9342379447729443,4.675365909894302,-1.0721074048766734,0.0,-4.4749892680329135e-11,9.14015668429045,0.9263033090691337,-20.304922680039795,
90.60000000000075,3.302031084426342,4.000022110952113,-1.190328164322466,0.125,0.1428571428571428,2.9342379447729443,4.675365909894302,-1.072107404883118,0.0,-3.222089262067129e-11,9.14015668429045,0.9263033090691337,-20.304756642361077,
90.80000000000075,3.302031084426342,4.000022110952113,-1.1831853071796088,0.125,0.1428571428571428,2.9342379447729443,4.675365909894302,-1.072107404887758,0.0,-2.319842096198954e-11,9.14015668429045,0.9263033090691337,-20.304591080774458,
91.00000000000075,3.302031084426342,4.000022110952113,-1.1760424500367517,0.125,0.1428571428571428,2.9342379447729443,4.675365909894302,-1.0721074048910975,0.0,-1.6702639271670705e-11,9.14015668429045,0.9263033090691337,-20.30442599826017,
91.20000000000076,3.302031084426342,4.000022110952113,-1.1688995928938946,0.125,0.1428571428571428,2.9342379447729443,4.675365909894302,-1.0721074048935026,0.0,-1.2027268070369246e-11,9.14015668429045,0.9263033090691337,-20.304261406739148,
91.40000000000076,3.302031084426342,4.000022110952113,-1.1617567357510374,0.125,0.1428571428571428,2.9342379447729443,4.675365909894302,-1.0721074048952346,0.0,-8.66000604560213e-12,9.14015668429045,0.9263033090691337,-20.304097316642196,
91.60000000000076,3.302031084426342,4.000022110952113,-1.1546138786081803,0.125,0.1428571428571428,2.9342379447729443,4.675365909894302,-1.0721074048964816,0.0,-6.2352789598207885e-12,9.14015668429045,0.9263033090691337,-20.30393373169461,
91.80000000000076,3.302031084426342,4.000022110952113,-1.1474710214653232,0.125,0.1428571428571428,2.9342379447729443,4.675365909894302,-1.0721074048973804,0.0,-4.489475458058223e-12,9.14015668429045,0.9263033090691337,-20.303770661582146,
92.00000000000077,3.302031084426342,4.000022110952113,-1.140328164322466,0.125,0.1428571428571428,2.9342379447729443,4.675365909894302,-1.072107404898027,0.0,-3.2311042730270853e-12,9.14015668429045,0.9263033090691337,-20.303608118970782,
92.20000000000077,3.302031084426342,4.000022110952113,-1.133185307179609,0.125,0.1428571428571428,2.9342379447729443,4.675365909894302,-1.0721074048984924,0.0,-2.3258728276687178e-12,9.14015668429045,0.9263033090691337,-20.303446105350645,
92.40000000000077,3.302031084426342,4.000022110952113,-1.1260424500367519,0.125,0.1428571428571428,2.9342379447729443,4.675365909894302,-1.0721074048988264,0.0,-1.674305138976706e-12,9.14015668429045,0.9263033090691337,-20.303284634877834,
92.60000000000078,3.302031084426342,4.000022110952113,-1.1188995928938947,0.125,0.1428571428571428,2.9342379447729443,4.675365909894302,-1.072107404899068,0.0,-1.20676801884656e-12,9.14015668429045,0.9263033090691337,-20.303123710532578,
92.80000000000078,3.302031084426342,4.000022110952113,-1.1117567357510376,0.125,0.1428571428571428,2.9342379447729443,4.675365909894302,-1.072107404899242,0.0,-8.685496766247524e-13,9.14015668429045,0.9263033090691337,-20.302963343490752,
93.00000000000078,3.302031084426342,4.000022110952113,-1.1046138786081805,0.125,0.1428571428571428,2.9342379447729443,4.675365909894302,-1.0721074048993664,0.0,-6.248335182590381e-13,9.14015668429045,0.9263033090691337,-20.302803544183167,
93.20000000000078,3.302031084426342,4.000022110952113,-1.0974710214653234,0.125,0.1428571428571428,2.9342379447729443,4.675365909894302,-1.072107404899457,0.0,-4.507505479978135e-13,9.14015668429045,0.9263033090691337,-20.302644315590054,
93.40000000000079,3.302031084426342,4.000022110952113,-1.0903281643224663,0.125,0.1428571428571428,2.9342379447729443,4.675365909894302,-1.072107404899521,0.0,-3.2391866966463566e-13,9.14015668429045,0.9263033090691337,-20.302485668142232,
93.60000000000079,3.302031084426342,4.000022110952113,-1.0831853071796091,0.125,0.1428571428571428,2.9342379447729443,4.675365909894302,-1.0721074048995671,0.0,-2.3439028495886303e-13,9.14015668429045,0.9263033090691337,-20.302327613015564,
93.8000000000008,3.302031084426342,4.000022110952113,-1.076042450036752,0.125,0.1428571428571428,2.9342379447729443,4.675365909894302,-1.0721074048996009,0.0,-1.6973089600469393e-13,9.14015668429045,0.9263033090691337,-20.302170153190286,
94.0000000000008,3.302031084426342,4.000022110952113,-1.068899592893895,0.125,0.1428571428571428,2.9342379447729443,4.675365909894302,-1.0721074048996257,0.0,-1.2247980407664725e-13,9.14015668429045,0.9263033090691337,-20.302013302077444,
94.2000000000008,3.302031084426342,4.000022110952113,-1.0617567357510378,0.125,0.1428571428571428,2.9342379447729443,4.675365909894302,-1.0721074048996435,0.0,-8.766321002440235e-14,9.14015668429045,0.9263033090691337,-20.30185706116715,
94.4000000000008,3.302031084426342,4.000022110952113,-1.0546138786081807,0.125,0.1428571428571428,2.9342379447729443,4.675365909894302,-1.072107404899656,0.0,-6.279421427279884e-14,9.14015668429045,0.9263033090691337,-20.301701441635284,
94.6000000000008,3.302031084426342,4.000022110952113,-1.0474710214653236,0.125,0.1428571428571428,2.9342379447729443,4.675365909894302,-1.0721074048996648,0.0,-4.5385917246676394e-14,9.14015668429045,0.9263033090691337,-20.301546454657707,
94.80000000000081,3.302031084426342,4.000022110952113,-1.0403281643224664,0.125,0.1428571428571428,2.9342379447729443,4.675365909894302,-1.072107404899672,0.0,-3.295141937087464e-14,9.14015668429045,0.9263033090691337,-20.301392103214653,
95.00000000000081,3.302031084426342,4.000022110952113,-1.0331853071796093,0.125,0.1428571428571428,2.9342379447729443,4.675365909894302,-1.0721074048996755,0.0,-2.3003821070233242e-14,9.14015668429045,0.9263033090691337,-20.301238396246823,
95.20000000000081,3.302031084426342,4.000022110952113,-1.0260424500367522,0.125,0.1428571428571428,2.9342379447729443,4.675365909894302,-1.072107404899679,0.0,-1.803002191991254e-14,9.14015668429045,0.9263033090691337,-20.301085344930083,
95.40000000000082,3.302031084426342,4.000022110952113,-1.018899592893895,0.125,0.1428571428571428,2.9342379447729443,4.675365909894302,-1.0721074048996826,0.0,-1.305622276959184e-14,9.14015668429045,0.9263033090691337,-20.300932952244672,
95.60000000000082,3.302031084426342,4.000022110952113,-1.011756735751038,0.125,0.1428571428571428,2.9342379447729443,4.675365909894302,-1.0721074048996844,0.0,-8.08242361927114e-15,9.14015668429045,0.9263033090691337,-20.300781228621396,
95.80000000000082,3.302031084426342,4.000022110952113,-1.0046138786081809,0.125,0.1428571428571428,2.9342379447729443,4.675365909894302,-1.0721074048996844,0.0,-5.595524044110789e-15,9.14015668429045,0.9263033090691337,-20.300630183000955,
96.00000000000082,3.302031084426342,4.000022110952113,-0.9974710214653237,0.125,0.1428571428571428,2.9342379447729443,4.675365909894302,-1.0721074048996844,0.0,-5.595524044110789e-15,9.14015668429045,0.9263033090691337,-20.300479819853695,
96.20000000000083,3.302031084426342,4.000022110952113,-0.9903281643224666,0.125,0.1428571428571428,2.9342379447729443,4.675365909894302,-1.0721074048996844,0.0,-5.595524044110789e-15,9.14015668429045,0.9263033090691337,-20.30033014961043,
96.40000000000083,3.302031084426342,4.000022110952113,-0.9831853071796095,0.125,0.1428571428571428,2.9342379447729443,4.675365909894302,-1.0721074048996844,0.0,-5.595524044110789e-15,9.14015668429045,0.9263033090691337,-20.300181179721744,
96.60000000000083,3.302031084426342,4.000022110952113,-0.9760424500367524,0.125,0.1428571428571428,2.9342379447729443,4.675365909894302,-1.0721074048996844,0.0,-5.595524044110789e-15,9.14015668429045,0.9263033090691337,-20.300032916148098,
96.80000000000084,3.302031084426342,4.000022110952113,-0.9688995928938953,0.125,0.1428571428571428,2.9342379447729443,4.675365909894302,-1.0721074048996844,0.0,-5.595524044110789e-15,9.14015668429045,0.9263033090691337,-20.299885366340074,
97.00000000000084,3.302031084426342,4.000022110952113,-0.9617567357510381,0.125,0.1428571428571428,2.9342379447729443,4.675365909894302,-1.0721074048996844,0.0,-5.595524044110789e-15,9.14015668429045,0.9263033090691337,-20.299738539238366,
97.20000000000084,3.302031084426342,4.000022110952113,-0.954613878608181,0.125,0.1428571428571428,2.9342379447729443,4.675365909894302,-1.0721074048996844,0.0,-5.595524044110789e-15,9.14015668429045,0.9263033090691337,-20.299592442293555,
97.40000000000084,3.302031084426342,4.000022110952113,-0.9474710214653239,0.125,0.1428571428571428,2.9342379447729443,4.675365909894302,-1.0721074048996844,0.0,-5.595524044110789e-15,9.14015668429045,0.9263033090691337,-20.299447082956227,
97.60000000000085,3.302031084426342,4.000022110952113,-0.9403281643224668,0.125,0.1428571428571428,2.9342379447729443,4.675365909894302,-1.0721074048996844,0.0,-5.595524044110789e-15,9.14015668429045,0.9263033090691337,-20.299302465696723,
97.80000000000085,3.302031084426342,4.000022110952113,-0.9331853071796097,0.125,0.1428571428571428,2.9342379447729443,4.675365909894302,-1.0721074048996844,0.0,-5.595524044110789e-15,9.14015668429045,0.9263033090691337,-20.299158603926095,
98.00000000000085,3.302031084426342,4.000022110952113,-0.9260424500367526,0.125,0.1428571428571428,2.9342379447729443,4.675365909894302,-1.0721074048996844,0.0,-5.595524044110789e-15,9.14015668429045,0.9263033090691337,-20.299015499134452,
98.20000000000086,3.302031084426342,4.000022110952113,-0.9188995928938954,0.125,0.1428571428571428,2.9342379447729443,4.675365909894302,-1.0721074048996844,0.0,-5.595524044110789e-15,9.14015668429045,0.9263033090691337,-20.298873161752613,
98.40000000000086,3.302031084426342,4.000022110952113,-0.9117567357510383,0.125,0.1428571428571428,2.9342379447729443,4.675365909894302,-1.0721074048996844,0.0,-5.595524044110789e-15,9.14015668429045,0.9263033090691337,-20.29873159774104,
98.60000000000086,3.302031084426342,4.000022110952113,-0.9046138786081812,0.125,0.1428571428571428,2.9342379447729443,4.675365909894302,-1.0721074048996844,0.0,-5.595524044110789e-15,9.14015668429045,0.9263033090691337,-20.298590814550312,
98.80000000000086,3.302031084426342,4.000022110952113,-0.8974710214653241,0.125,0.1428571428571428,2.9342379447729443,4.675365909894302,-1.0721074048996844,0.0,-5.595524044110789e-15,9.14015668429045,0.9263033090691337,-20.29845082112113,
99.00000000000087,3.302031084426342,4.000022110952113,-0.890328164322467,0.125,0.1428571428571428,2.9342379447729443,4.675365909894302,-1.0721074048996844,0.0,-5.595524044110789e-15,9.14015668429045,0.9263033090691337,-20.298311621923837,
99.20000000000087,3.302031084426342,4.000022110952113,-0.8831853071796099,0.125,0.1428571428571428,2.9342379447729443,4.675365909894302,-1.0721074048996844,0.0,-5.595524044110789e-15,9.14015668429045,0.9263033090691337,-20.298173224409016,
99.40000000000087,3.302031084426342,4.000022110952113,-0.8760424500367527,0.125,0.1428571428571428,2.9342379447729443,4.675365909894302,-1.0721074048996844,0.0,-5.595524044110789e-15,9.14015668429045,0.9263033090691337,-20.298035637517366,
99.60000000000088,3.302031084426342,4.000022110952113,-0.8688995928938956,0.125,0.1428571428571428,2.9342379447729443,4.675365909894302,-1.0721074048996844,0.0,-5.595524044110789e-15,9.14015668429045,0.9263033090691337,-20.297898867209348,
99.80000000000088,3.302031084426342,4.000022110952113,-0.8617567357510385,0.125,0.1428571428571428,2.9342379447729443,4.675365909894302,-1.0721074048996844,0.0,-5.595524044110789e-15,9.14015668429045,0.9263033090691337,-20.297762920935543,
100.00000000000088,3.302031084426342,4.000022110952113,-0.8546138786081814,0.125,0.1428571428571428,2.9342379447729443,4.675365909894302,-1.0721074048996844,0.0,-5.595524044110789e-15,9.14015668429045,0.9263033090691337,-20.297627803166304,
100.20000000000088,3.302031084426342,4.000022110952113,-0.8474710214653243,0.125,0.1428571428571428,2.9342379447729443,4.675365909894302,-1.0721074048996844,0.0,-5.595524044110789e-15,9.14015668429045,0.9263033090691337,-20.297493524332435,
100.40000000000089,3.302031084426342,4.000022110952113,-0.8403281643224672,0.125,0.1428571428571428,2.9342379447729443,4.675365909894302,-1.0721074048996844,0.0,-5.595524044110789e-15,9.14015668429045,0.9263033090691337,-20.29736009039441,
100.60000000000089,3.302031084426342,4.000022110952113,-0.83318530717961,0.125,0.1428571428571428,2.9342379447729443,4.675365909894302,-1.0721074048996844,0.0,-5.595524044110789e-15,9.14015668429045,0.9263033090691337,-20.297227507312687,
100.80000000000089,3.302031084426342,4.000022110952113,-0.8260424500367529,0.125,0.1428571428571428,2.9342379447729443,4.675365909894302,-1.0721074048996844,0.0,-5.595524044110789e-15,9.14015668429045,0.9263033090691337,-20.29709577955762,
101.0000000000009,3.302031084426342,4.000022110952113,-0.8188995928938958,0.125,0.1428571428571428,2.9342379447729443,4.675365909894302,-1.0721074048996844,0.0,-5.595524044110789e-15,9.14015668429045,0.9263033090691337,-20.29696491905013,
101.2000000000009,3.302031084426342,4.000022110952113,-0.8117567357510387,0.125,0.1428571428571428,2.9342379447729443,4.675365909894302,-1.0721074048996844,0.0,-5.595524044110789e-15,9.14015668429045,0.9263033090691337,-20.296834928770455,
101.4000000000009,3.302031084426342,4.000022110952113,-0.8046138786081816,0.125,0.1428571428571428,2.9342379447729443,4.675365909894302,-1.0721074048996844,0.0,-5.595524044110789e-15,9.14015668429045,0.9263033090691337,-20.29670581765929,
101.6000000000009,3.302031084426342,4.000022110952113,-0.7974710214653244,0.125,0.1428571428571428,2.9342379447729443,4.675365909894302,-1.0721074048996844,0.0,-5.595524044110789e-15,9.14015668429045,0.9263033090691337,-20.29657758869687,
101.8000000000009,3.302031084426342,4.000022110952113,-0.7903281643224673,0.125,0.1428571428571428,2.9342379447729443,4.675365909894302,-1.0721074048996844,0.0,-5.595524044110789e-15,9.14015668429045,0.9263033090691337,-20.296450252314003,
102.00000000000091,3.302031084426342,4.000022110952113,-0.7831853071796102,0.125,0.1428571428571428,2.9342379447729443,4.675365909894302,-1.0721074048996844,0.0,-5.595524044110789e-15,9.14015668429045,0.9263033090691337,-20.296323811490925,
102.20000000000091,3.302031084426342,4.000022110952113,-0.7760424500367531,0.125,0.1428571428571428,2.9342379447729443,4.675365909894302,-1.0721074048996844,0.0,-5.595524044110789e-15,9.14015668429045,0.9263033090691337,-20.296198276658448,
102.40000000000092,3.302031084426342,4.000022110952113,-0.768899592893896,0.125,0.1428571428571428,2.9342379447729443,4.675365909894302,-1.0721074048996844,0.0,-5.595524044110789e-15,9.14015668429045,0.9263033090691337,-20.296073650796803,
102.60000000000092,3.302031084426342,4.000022110952113,-0.7617567357510389,0.125,0.1428571428571428,2.9342379447729443,4.675365909894302,-1.0721074048996844,0.0,-5.595524044110789e-15,9.14015668429045,0.9263033090691337,-20.295949942846686,
102.80000000000092,3.302031084426342,4.000022110952113,-0.7546138786081817,0.125,0.1428571428571428,2.9342379447729443,4.675365909894302,-1.0721074048996844,0.0,-5.595524044110789e-15,9.14015668429045,0.9263033090691337,-20.29582715727845,
103.00000000000092,3.302031084426342,4.000022110952113,-0.7474710214653246,0.125,0.1428571428571428,2.9342379447729443,4.675365909894302,-1.0721074048996844,0.0,-5.595524044110789e-15,9.14015668429045,0.9263033090691337,-20.295705300052557,
103.20000000000093,3.302031084426342,4.000022110952113,-0.7403281643224675,0.125,0.1428571428571428,2.9342379447729443,4.675365909894302,-1.0721074048996844,0.0,-5.595524044110789e-15,9.14015668429045,0.9263033090691337,-20.2955843801097,
103.40000000000093,3.302031084426342,4.000022110952113,-0.7331853071796104,0.125,0.1428571428571428,2.9342379447729443,4.675365909894302,-1.0721074048996844,0.0,-5.595524044110789e-15,9.14015668429045,0.9263033090691337,-20.295464400430117,
103.60000000000093,3.302031084426342,4.000022110952113,-0.7260424500367533,0.125,0.1428571428571428,2.9342379447729443,4.675365909894302,-1.0721074048996844,0.0,-5.595524044110789e-15,9.14015668429045,0.9263033090691337,-20.2953453699545,
103.80000000000094,3.302031084426342,4.000022110952113,-0.7188995928938962,0.125,0.1428571428571428,2.9342379447729443,4.675365909894302,-1.0721074048996844,0.0,-5.595524044110789e-15,9.14015668429045,0.9263033090691337,-20.295227291663082,
104.00000000000094,3.302031084426342,4.000022110952113,-0.711756735751039,0.125,0.1428571428571428,2.9342379447729443,4.675365909894302,-1.0721074048996844,0.0,-5.595524044110789e-15,9.14015668429045,0.9263033090691337,-20.295110173006446,
104.20000000000094,3.302031084426342,4.000022110952113,-0.7046138786081819,0.125,0.1428571428571428,2.9342379447729443,4.675365909894302,-1.0721074048996844,0.0,-5.595524044110789e-15,9.14015668429045,0.9263033090691337,-20.294994021435173,
104.40000000000094,3.302031084426342,4.000022110952113,-0.6974710214653248,0.125,0.1428571428571428,2.9342379447729443,4.675365909894302,-1.0721074048996844,0.0,-5.595524044110789e-15,9.14015668429045,0.9263033090691337,-20.294878842909725,
104.60000000000095,3.302031084426342,4.000022110952113,-0.6903281643224677,0.125,0.1428571428571428,2.9342379447729443,4.675365909894302,-1.0721074048996844,0.0,-5.595524044110789e-15,9.14015668429045,0.9263033090691337,-20.29476463892022,
104.80000000000095,3.302031084426342,4.000022110952113,-0.6831853071796106,0.125,0.1428571428571428,2.9342379447729443,4.675365909894302,-1.0721074048996844,0.0,-5.595524044110789e-15,9.14015668429045,0.9263033090691337,-20.294651421387584,
105.00000000000095,3.302031084426342,4.000022110952113,-0.6760424500367535,0.125,0.1428571428571428,2.9342379447729443,4.675365909894302,-1.0721074048996844,0.0,-5.595524044110789e-15,9.14015668429045,0.9263033090691337,-20.29453919031182,
105.20000000000095,3.302031084426342,4.000022110952113,-0.6688995928938963,0.125,0.1428571428571428,2.9342379447729443,4.675365909894302,-1.0721074048996844,0.0,-5.595524044110789e-15,9.14015668429045,0.9263033090691337,-20.29442795612374,
105.40000000000096,3.302031084426342,4.000022110952113,-0.6617567357510392,0.125,0.1428571428571428,2.9342379447729443,4.675365909894302,-1.0721074048996844,0.0,-5.595524044110789e-15,9.14015668429045,0.9263033090691337,-20.294317721803576,
105.60000000000096,3.302031084426342,4.000022110952113,-0.6546138786081821,0.125,0.1428571428571428,2.9342379447729443,4.675365909894302,-1.0721074048996844,0.0,-5.595524044110789e-15,9.14015668429045,0.9263033090691337,-20.294208493311796,
105.80000000000096,3.302031084426342,4.000022110952113,-0.647471021465325,0.125,0.1428571428571428,2.9342379447729443,4.675365909894302,-1.0721074048996844,0.0,-5.595524044110789e-15,9.14015668429045,0.9263033090691337,-20.294100278098973,
106.00000000000097,3.302031084426342,4.000022110952113,-0.6403281643224679,0.125,0.1428571428571428,2.9342379447729443,4.675365909894302,-1.0721074048996844,0.0,-5.595524044110789e-15,9.14015668429045,0.9263033090691337,-20.293993079145345,
106.20000000000097,3.302031084426342,4.000022110952113,-0.6331853071796107,0.125,0.1428571428571428,2.9342379447729443,4.675365909894302,-1.0721074048996844,0.0,-5.595524044110789e-15,9.14015668429045,0.9263033090691337,-20.293886902411373,
106.40000000000097,3.302031084426342,4.000022110952113,-0.6260424500367536,0.125,0.1428571428571428,2.9342379447729443,4.675365909894302,-1.0721074048996844,0.0,-5.595524044110789e-15,9.14015668429045,0.9263033090691337,-20.29378175534764,
106.60000000000097,3.302031084426342,4.000022110952113,-0.6188995928938965,0.125,0.1428571428571428,2.9342379447729443,4.675365909894302,-1.0721074048996844,0.0,-5.595524044110789e-15,9.14015668429045,0.9263033090691337,-20.293677642424495,
106.80000000000098,3.302031084426342,4.000022110952113,-0.6117567357510394,0.125,0.1428571428571428,2.9342379447729443,4.675365909894302,-1.0721074048996844,0.0,-5.595524044110789e-15,9.14015668429045,0.9263033090691337,-20.29357456662217,
107.00000000000098,3.302031084426342,4.000022110952113,-0.6046138786081823,0.125,0.1428571428571428,2.9342379447729443,4.675365909894302,-1.0721074048996844,0.0,-5.595524044110789e-15,9.14015668429045,0.9263033090691337,-20.293472535391242,
107.20000000000098,3.302031084426342,4.000022110952113,-0.5974710214653252,0.125,0.1428571428571428,2.9342379447729443,4.675365909894302,-1.0721074048996844,0.0,-5.595524044110789e-15,9.14015668429045,0.9263033090691337,-20.293371554692182,
107.40000000000099,3.302031084426342,4.000022110952113,-0.590328164322468,0.125,0.1428571428571428,2.9342379447729443,4.675365909894302,-1.0721074048996844,0.0,-5.595524044110789e-15,9.14015668429045,0.9263033090691337,-20.293271627505217,
107.60000000000099,3.302031084426342,4.000022110952113,-0.5831853071796109,0.125,0.1428571428571428,2.9342379447729443,4.675365909894302,-1.0721074048996844,0.0,-5.595524044110789e-15,9.14015668429045,0.9263033090691337,-20.29317275979081,
107.80000000000099,3.302031084426342,4.000022110952113,-0.5760424500367538,0.125,0.1428571428571428,2.9342379447729443,4.675365909894302,-1.0721074048996844,0.0,-5.595524044110789e-15,9.14015668429045,0.9263033090691337,-20.29307495750943,
108.000000000001,3.302031084426342,4.000022110952113,-0.5688995928938967,0.125,0.1428571428571428,2.9342379447729443,4.675365909894302,-1.0721074048996844,0.0,-5.595524044110789e-15,9.14015668429045,0.9263033090691337,-20.29297822364131,
108.200000000001,3.302031084426342,4.000022110952113,-0.5617567357510396,0.125,0.1428571428571428,2.9342379447729443,4.675365909894302,-1.0721074048996844,0.0,-5.595524044110789e-15,9.14015668429045,0.9263033090691337,-20.292882565637026,
108.400000000001,3.302031084426342,4.000022110952113,-0.5546138786081825,0.125,0.1428571428571428,2.9342379447729443,4.675365909894302,-1.0721074048996844,0.0,-5.595524044110789e-15,9.14015668429045,0.9263033090691337,-20.29278798796693,
108.600000000001,3.302031084426342,4.000022110952113,-0.5474710214653253,0.125,0.1428571428571428,2.9342379447729443,4.675365909894302,-1.0721074048996844,0.0,-5.595524044110789e-15,9.14015668429045,0.9263033090691337,-20.292694492121132,
108.800000000001,3.302031084426342,4.000022110952113,-0.5403281643224682,0.125,0.1428571428571428,2.9342379447729443,4.675365909894302,-1.0721074048996844,0.0,-5.595524044110789e-15,9.14015668429045,0.9263033090691337,-20.292602087040336,
109.00000000000101,3.302031084426342,4.000022110952113,-0.5331853071796111,0.125,0.1428571428571428,2.9342379447729443,4.675365909894302,-1.0721074048996844,0.0,-5.595524044110789e-15,9.14015668429045,0.9263033090691337,-20.292510775704773,
109.20000000000101,3.302031084426342,4.000022110952113,-0.526042450036754,0.125,0.1428571428571428,2.9342379447729443,4.675365909894302,-1.0721074048996844,0.0,-5.595524044110789e-15,9.14015668429045,0.9263033090691337,-20.292420561094673,
109.40000000000101,3.302031084426342,4.000022110952113,-0.5188995928938969,0.125,0.1428571428571428,2.9342379447729443,4.675365909894302,-1.0721074048996844,0.0,-5.595524044110789e-15,9.14015668429045,0.9263033090691337,-20.292331452150734,
109.60000000000102,3.302031084426342,4.000022110952113,-0.5117567357510397,0.125,0.1428571428571428,2.9342379447729443,4.675365909894302,-1.0721074048996844,0.0,-5.595524044110789e-15,9.14015668429045,0.9263033090691337,-20.292243448872956,
109.80000000000102,3.302031084426342,4.000022110952113,-0.5046138786081826,0.125,0.1428571428571428,2.9342379447729443,4.675365909894302,-1.0721074048996844,0.0,-5.595524044110789e-15,9.14015668429045,0.9263033090691337,-20.29215655871192,
110.00000000000102,3.302031084426342,4.000022110952113,-0.4974710214653255,0.125,0.1428571428571428,2.9342379447729443,4.675365909894302,-1.0721074048996844,0.0,-5.595524044110789e-15,9.14015668429045,0.9263033090691337,-20.292070784647855,
110.20000000000103,3.302031084426342,4.000022110952113,-0.4903281643224684,0.125,0.1428571428571428,2.9342379447729443,4.675365909894302,-1.0721074048996844,0.0,-5.595524044110789e-15,9.14015668429045,0.9263033090691337,-20.291986132641227,
110.40000000000103,3.302031084426342,4.000022110952113,-0.4831853071796113,0.125,0.1428571428571428,2.9342379447729443,4.675365909894302,-1.0721074048996844,0.0,-5.595524044110789e-15,9.14015668429045,0.9263033090691337,-20.291902604182155,
110.60000000000103,3.302031084426342,4.000022110952113,-0.47604245003675416,0.125,0.1428571428571428,2.9342379447729443,4.675365909894302,-1.0721074048996844,0.0,-5.595524044110789e-15,9.14015668429045,0.9263033090691337,-20.29182020672122,
110.80000000000103,3.302031084426342,4.000022110952113,-0.46889959289389704,0.125,0.1428571428571428,2.9342379447729443,4.675365909894302,-1.0721074048996844,0.0,-5.595524044110789e-15,9.14015668429045,0.9263033090691337,-20.29173894174853,
111.00000000000104,3.302031084426342,4.000022110952113,-0.4617567357510399,0.125,0.1428571428571428,2.9342379447729443,4.675365909894302,-1.0721074048996844,0.0,-5.595524044110789e-15,9.14015668429045,0.9263033090691337,-20.29165881522456,
111.20000000000104,3.302031084426342,4.000022110952113,-0.4546138786081828,0.125,0.1428571428571428,2.9342379447729443,4.675365909894302,-1.0721074048996844,0.0,-5.595524044110789e-15,9.14015668429045,0.9263033090691337,-20.291579830129535,
111.40000000000104,3.302031084426342,4.000022110952113,-0.4474710214653257,0.125,0.1428571428571428,2.9342379447729443,4.675365909894302,-1.0721074048996844,0.0,-5.595524044110789e-15,9.14015668429045,0.9263033090691337,-20.291501990933806,
111.60000000000105,3.302031084426342,4.000022110952113,-0.4403281643224686,0.125,0.1428571428571428,2.9342379447729443,4.675365909894302,-1.0721074048996844,0.0,-5.595524044110789e-15,9.14015668429045,0.9263033090691337,-20.291425302107722,
111.80000000000105,3.302031084426342,4.000022110952113,-0.43318530717961146,0.125,0.1428571428571428,2.9342379447729443,4.675365909894302,-1.0721074048996844,0.0,-5.595524044110789e-15,9.14015668429045,0.9263033090691337,-20.291349766631516,
112.00000000000105,3.302031084426342,4.000022110952113,-0.42604245003675434,0.125,0.1428571428571428,2.9342379447729443,4.675365909894302,-1.0721074048996844,0.0,-5.595524044110789e-15,9.14015668429045,0.9263033090691337,-20.29127539046565,
112.20000000000105,3.302031084426342,4.000022110952113,-0.4188995928938972,0.125,0.1428571428571428,2.9342379447729443,4.675365909894302,-1.0721074048996844,0.0,-5.595524044110789e-15,9.14015668429045,0.9263033090691337,-20.291202173610124,
112.40000000000106,3.302031084426342,4.000022110952113,-0.4117567357510401,0.125,0.1428571428571428,2.9342379447729443,4.675365909894302,-1.0721074048996844,0.0,-5.595524044110789e-15,9.14015668429045,0.9263033090691337,-20.29113012351552,
112.60000000000106,3.302031084426342,4.000022110952113,-0.404613878608183,0.125,0.1428571428571428,2.9342379447729443,4.675365909894302,-1.0721074048996844,0.0,-5.595524044110789e-15,9.14015668429045,0.9263033090691337,-20.291059241671952,
112.80000000000106,3.302031084426342,4.000022110952113,-0.39747102146532587,0.125,0.1428571428571428,2.9342379447729443,4.675365909894302,-1.0721074048996844,0.0,-5.595524044110789e-15,9.14015668429045,0.9263033090691337,-20.29098953254977,
113.00000000000107,3.302031084426342,4.000022110952113,-0.39032816432246875,0.125,0.1428571428571428,2.9342379447729443,4.675365909894302,-1.0721074048996844,0.0,-5.595524044110789e-15,9.14015668429045,0.9263033090691337,-20.29092099912921,
113.20000000000107,3.302031084426342,4.000022110952113,-0.38318530717961163,0.125,0.1428571428571428,2.9342379447729443,4.675365909894302,-1.0721074048996844,0.0,-5.595524044110789e-15,9.14015668429045,0.9263033090691337,-20.290853645880613,
113.40000000000107,3.302031084426342,4.000022110952113,-0.3760424500367545,0.125,0.1428571428571428,2.9342379447729443,4.675365909894302,-1.0721074048996844,0.0,-5.595524044110789e-15,9.14015668429045,0.9263033090691337,-20.2907874742941,
113.60000000000107,3.302031084426342,4.000022110952113,-0.3688995928938974,0.125,0.1428571428571428,2.9342379447729443,4.675365909894302,-1.0721074048996844,0.0,-5.595524044110789e-15,9.14015668429045,0.9263033090691337,-20.290722490330133,
113.80000000000108,3.302031084426342,4.000022110952113,-0.3617567357510403,0.125,0.1428571428571428,2.9342379447729443,4.675365909894302,-1.0721074048996844,0.0,-5.595524044110789e-15,9.14015668429045,0.9263033090691337,-20.29065869547883,
114.00000000000108,3.302031084426342,4.000022110952113,-0.35461387860818316,0.125,0.1428571428571428,2.9342379447729443,4.675365909894302,-1.0721074048996844,0.0,-5.595524044110789e-15,9.14015668429045,0.9263033090691337,-20.29059609421054,
114.20000000000108,3.302031084426342,4.000022110952113,-0.34747102146532605,0.125,0.1428571428571428,2.9342379447729443,4.675365909894302,-1.0721074048996844,0.0,-5.595524044110789e-15,9.14015668429045,0.9263033090691337,-20.290534688015374,
114.40000000000109,3.302031084426342,4.000022110952113,-0.34032816432246893,0.125,0.1428571428571428,2.9342379447729443,4.675365909894302,-1.0721074048996844,0.0,-5.595524044110789e-15,9.14015668429045,0.9263033090691337,-20.290474482853803,
114.60000000000109,3.302031084426342,4.000022110952113,-0.3331853071796118,0.125,0.1428571428571428,2.9342379447729443,4.675365909894302,-1.0721074048996844,0.0,-5.595524044110789e-15,9.14015668429045,0.9263033090691337,-20.290415478725823,
114.80000000000109,3.302031084426342,4.000022110952113,-0.3260424500367547,0.125,0.1428571428571428,2.9342379447729443,4.675365909894302,-1.0721074048996844,0.0,-5.595524044110789e-15,9.14015668429045,0.9263033090691337,-20.290357680101785,
115.0000000000011,3.302031084426342,4.000022110952113,-0.3188995928938976,0.125,0.1428571428571428,2.9342379447729443,4.675365909894302,-1.0721074048996844,0.0,-5.595524044110789e-15,9.14015668429045,0.9263033090691337,-20.29030108996192,
115.2000000000011,3.302031084426342,4.000022110952113,-0.31175673575104046,0.125,0.1428571428571428,2.9342379447729443,4.675365909894302,-1.0721074048996844,0.0,-5.595524044110789e-15,9.14015668429045,0.9263033090691337,-20.290245711286456,
115.4000000000011,3.302031084426342,4.000022110952113,-0.30461387860818334,0.125,0.1428571428571428,2.9342379447729443,4.675365909894302,-1.0721074048996844,0.0,-5.595524044110789e-15,9.14015668429045,0.9263033090691337,-20.290191545565516,
115.6000000000011,3.302031084426342,4.000022110952113,-0.2974710214653262,0.125,0.1428571428571428,2.9342379447729443,4.675365909894302,-1.0721074048996844,0.0,-5.595524044110789e-15,9.14015668429045,0.9263033090691337,-20.290138598759565,
115.8000000000011,3.302031084426342,4.000022110952113,-0.2903281643224691,0.125,0.1428571428571428,2.9342379447729443,4.675365909894302,-1.0721074048996844,0.0,-5.595524044110789e-15,9.14015668429045,0.9263033090691337,-20.29008686937848,
116.00000000000111,3.302031084426342,4.000022110952113,-0.283185307179612,0.125,0.1428571428571428,2.9342379447729443,4.675365909894302,-1.0721074048996844,0.0,-5.595524044110789e-15,9.14015668429045,0.9263033090691337,-20.29003636338273,
116.20000000000111,3.302031084426342,4.000022110952113,-0.27604245003675487,0.125,0.1428571428571428,2.9342379447729443,4.675365909894302,-1.0721074048996844,0.0,-5.595524044110789e-15,9.14015668429045,0.9263033090691337,-20.289987080772313,
116.40000000000111,3.302031084426342,4.000022110952113,-0.26889959289389775,0.125,0.1428571428571428,2.9342379447729443,4.675365909894302,-1.0721074048996844,0.0,-5.595524044110789e-15,9.14015668429045,0.9263033090691337,-20.289939026017578,
116.60000000000112,3.302031084426342,4.000022110952113,-0.26175673575104064,0.125,0.1428571428571428,2.9342379447729443,4.675365909894302,-1.0721074048996844,0.0,-5.595524044110789e-15,9.14015668429045,0.9263033090691337,-20.28989220209876,
116.80000000000112,3.302031084426342,4.000022110952113,-0.2546138786081835,0.125,0.1428571428571428,2.9342379447729443,4.675365909894302,-1.0721074048996844,0.0,-5.595524044110789e-15,9.14015668429045,0.9263033090691337,-20.289846609015854,
117.00000000000112,3.302031084426342,4.000022110952113,-0.2474710214653264,0.125,0.1428571428571428,2.9342379447729443,4.675365909894302,-1.0721074048996844,0.0,-5.595524044110789e-15,9.14015668429045,0.9263033090691337,-20.289802249749098,
117.20000000000113,3.302031084426342,4.000022110952113,-0.24032816432246928,0.125,0.1428571428571428,2.9342379447729443,4.675365909894302,-1.0721074048996844,0.0,-5.595524044110789e-15,9.14015668429045,0.9263033090691337,-20.289759128768832,
117.40000000000113,3.302031084426342,4.000022110952113,-0.23318530717961217,0.125,0.1428571428571428,2.9342379447729443,4.675365909894302,-1.0721074048996844,0.0,-5.595524044110789e-15,9.14015668429045,0.9263033090691337,-20.289717246075067,
117.60000000000113,3.302031084426342,4.000022110952113,-0.22604245003675505,0.125,0.1428571428571428,2.9342379447729443,4.675365909894302,-1.0721074048996844,0.0,-5.595524044110789e-15,9.14015668429045,0.9263033090691337,-20.28967660315791,
117.80000000000113,3.302031084426342,4.000022110952113,-0.21889959289389793,0.125,0.1428571428571428,2.9342379447729443,4.675365909894302,-1.0721074048996844,0.0,-5.595524044110789e-15,9.14015668429045,0.9263033090691337,-20.289637204487715,
118.00000000000114,3.302031084426342,4.000022110952113,-0.21175673575104081,0.125,0.1428571428571428,2.9342379447729443,4.675365909894302,-1.0721074048996844,0.0,-5.595524044110789e-15,9.14015668429045,0.9263033090691337,-20.289599050064478,
118.20000000000114,3.302031084426342,4.000022110952113,-0.2046138786081837,0.125,0.1428571428571428,2.9342379447729443,4.675365909894302,-1.0721074048996844,0.0,-5.595524044110789e-15,9.14015668429045,0.9263033090691337,-20.28956214435855,
118.40000000000114,3.302031084426342,4.000022110952113,-0.19747102146532658,0.125,0.1428571428571428,2.9342379447729443,4.675365909894302,-1.0721074048996844,0.0,-5.595524044110789e-15,9.14015668429045,0.9263033090691337,-20.28952648587981,
118.60000000000115,3.302031084426342,4.000022110952113,-0.19032816432246946,0.125,0.1428571428571428,2.9342379447729443,4.675365909894302,-1.0721074048996844,0.0,-5.595524044110789e-15,9.14015668429045,0.9263033090691337,-20.289492079098615,
118.80000000000115,3.302031084426342,4.000022110952113,-0.18318530717961234,0.125,0.1428571428571428,2.9342379447729443,4.675365909894302,-1.0721074048996844,0.0,-5.595524044110789e-15,9.14015668429045,0.9263033090691337,-20.28945892401496,
119.00000000000115,3.302031084426342,4.000022110952113,-0.17604245003675523,0.125,0.1428571428571428,2.9342379447729443,4.675365909894302,-1.0721074048996844,0.0,-5.595524044110789e-15,9.14015668429045,0.9263033090691337,-20.289427023609075,
119.20000000000115,3.302031084426342,4.000022110952113,-0.1688995928938981,0.125,0.1428571428571428,2.9342379447729443,4.675365909894302,-1.0721074048996844,0.0,-5.595524044110789e-15,9.14015668429045,0.9263033090691337,-20.289396377880962,
119.40000000000116,3.302031084426342,4.000022110952113,-0.161756735751041,0.125,0.1428571428571428,2.9342379447729443,4.675365909894302,-1.0721074048996844,0.0,-5.595524044110789e-15,9.14015668429045,0.9263033090691337,-20.289366991300973,
119.60000000000116,3.302031084426342,4.000022110952113,-0.15461387860818387,0.125,0.1428571428571428,2.9342379447729443,4.675365909894302,-1.0721074048996844,0.0,-5.595524044110789e-15,9.14015668429045,0.9263033090691337,-20.289338862378987,
119.80000000000116,3.302031084426342,4.000022110952113,-0.14747102146532676,0.125,0.1428571428571428,2.9342379447729443,4.675365909894302,-1.0721074048996844,0.0,-5.595524044110789e-15,9.14015668429045,0.9263033090691337,-20.28931199409524,
120.00000000000117,3.302031084426342,4.000022110952113,-0.14032816432246964,0.125,0.1428571428571428,2.9342379447729443,4.675365909894302,-1.0721074048996844,0.0,-5.595524044110789e-15,9.14015668429045,0.9263033090691337,-20.289286386449728,
120.20000000000117,3.302031084426342,4.000022110952113,-0.13318530717961252,0.125,0.1428571428571428,2.9342379447729443,4.675365909894302,-1.0721074048996844,0.0,-5.595524044110789e-15,9.14015668429045,0.9263033090691337,-20.2892620439128,
120.40000000000117,3.302031084426342,4.000022110952113,-0.1260424500367554,0.125,0.1428571428571428,2.9342379447729443,4.675365909894302,-1.0721074048996844,0.0,-5.595524044110789e-15,9.14015668429045,0.9263033090691337,-20.28923896350423,
120.60000000000117,3.302031084426342,4.000022110952113,-0.11889959289389829,0.125,0.1428571428571428,2.9342379447729443,4.675365909894302,-1.0721074048996844,0.0,-5.595524044110789e-15,9.14015668429045,0.9263033090691337,-20.289217149694355,
120.80000000000118,3.302031084426342,4.000022110952113,-0.11175673575104117,0.125,0.1428571428571428,2.9342379447729443,4.675365909894302,-1.0721074048996844,0.0,-5.595524044110789e-15,9.14015668429045,0.9263033090691337,-20.289196602483184,
121.00000000000118,3.302031084426342,4.000022110952113,-0.10461387860818405,0.125,0.1428571428571428,2.9342379447729443,4.675365909894302,-1.0721074048996844,0.0,-5.595524044110789e-15,9.14015668429045,0.9263033090691337,-20.289177321870717,
121.20000000000118,3.302031084426342,4.000022110952113,-0.09747102146532693,0.125,0.1428571428571428,2.9342379447729443,4.675365909894302,-1.0721074048996844,0.0,-5.595524044110789e-15,9.14015668429045,0.9263033090691337,-20.28915931083718,
121.40000000000119,3.302031084426342,4.000022110952113,-0.09032816432246982,0.125,0.1428571428571428,2.9342379447729443,4.675365909894302,-1.0721074048996844,0.0,-5.595524044110789e-15,9.14015668429045,0.9263033090691337,-20.28914256938258,
121.60000000000119,3.302031084426342,4.000022110952113,-0.0831853071796127,0.125,0.1428571428571428,2.9342379447729443,4.675365909894302,-1.0721074048996844,0.0,-5.595524044110789e-15,9.14015668429045,0.9263033090691337,-20.289127097506913,
121.80000000000119,3.302031084426342,4.000022110952113,-0.07604245003675558,0.125,0.1428571428571428,2.9342379447729443,4.675365909894302,-1.0721074048996844,0.0,-5.595524044110789e-15,9.14015668429045,0.9263033090691337,-20.289112896700296,
122.0000000000012,3.302031084426342,4.000022110952113,-0.06889959289389846,0.125,0.1428571428571428,2.9342379447729443,4.675365909894302,-1.0721074048996844,0.0,-5.595524044110789e-15,9.14015668429045,0.9263033090691337,-20.289099966962727,
122.2000000000012,3.302031084426342,4.000022110952113,-0.06175673575104135,0.125,0.1428571428571428,2.9342379447729443,4.675365909894302,-1.0721074048996844,0.0,-5.595524044110789e-15,9.14015668429045,0.9263033090691337,-20.28908831127444,
122.4000000000012,3.302031084426342,4.000022110952113,-0.05461387860818423,0.125,0.1428571428571428,2.9342379447729443,4.675365909894302,-1.0721074048996844,0.0,-5.595524044110789e-15,9.14015668429045,0.9263033090691337,-20.28907792814532,
122.6000000000012,3.302031084426342,4.000022110952113,-0.04747102146532711,0.125,0.1428571428571428,2.9342379447729443,4.675365909894302,-1.0721074048996844,0.0,-5.595524044110789e-15,9.14015668429045,0.9263033090691337,-20.289068817575366,
122.8000000000012,3.302031084426342,4.000022110952113,-0.040328164322469995,0.125,0.1428571428571428,2.9342379447729443,4.675365909894302,-1.0721074048996844,0.0,-5.595524044110789e-15,9.14015668429045,0.9263033090691337,-20.28906098254481,
123.00000000000121,3.302031084426342,4.000022110952113,-0.03318530717961288,0.125,0.1428571428571428,2.9342379447729443,4.675365909894302,-1.0721074048996844,0.0,-5.595524044110789e-15,9.14015668429045,0.9263033090691337,-20.289054421563538,
123.20000000000121,3.302031084426342,4.000022110952113,-0.02604245003675576,0.125,0.1428571428571428,2.9342379447729443,4.675365909894302,-1.0721074048996844,0.0,-5.595524044110789e-15,9.14015668429045,0.9263033090691337,-20.289049134631547,
123.40000000000121,3.302031084426342,4.000022110952113,-0.018899592893898642,0.125,0.1428571428571428,2.9342379447729443,4.675365909894302,-1.0721074048996844,0.0,-5.595524044110789e-15,9.14015668429045,0.9263033090691337,-20.289045123238953,
123.60000000000122,3.302031084426342,4.000022110952113,-0.011756735751041525,0.125,0.1428571428571428,2.9342379447729443,4.675365909894302,-1.0721074048996844,0.0,-5.595524044110789e-15,9.14015668429045,0.9263033090691337,-20.28904238738576,
123.80000000000122,3.302031084426342,4.000022110952113,-0.004613878608184407,0.125,0.1428571428571428,2.9342379447729443,4.675365909894302,-1.0721074048996844,0.0,-5.595524044110789e-15,9.14015668429045,0.9263033090691337,-20.289040927071962,
124.00000000000122,3.302031084426342,4.000022110952113,0.00252897853467271,0.125,0.1428571428571428,2.9342379447729443,4.675365909894302,-1.0721074048996844,0.0,-5.595524044110789e-15,9.14015668429045,0.9263033090691337,-20.289040742297562,
124.20000000000122,3.32702809504076,4.000353172323635,0.03110040710610118,0.125,0.1428571428571428,2.9342379447729443,4.675365909894302,-1.0721074048996844,0.0,-5.595524044110789e-15,9.14015668429045,0.9263033090691337,-20.265097361286077,
124.40000000000123,3.427004127978012,4.002391578258245,0.00252897853467271,0.5,-0.1428571428571429,2.9342379447729443,4.675365909894302,-1.0721074048996844,0.0,-5.595524044110789e-15,9.14015668429045,0.9263033090691337,0.4161469330593031,
124.60000000000123,3.5269975893931385,4.0015730827809985,-0.02604245003675576,0.5,-0.1428571428571429,2.9342379447729443,4.675365909894302,-1.0721074048996844,0.0,-5.595524044110789e-15,9.14015668429045,0.9263033090691337,0.5427644421859663,
124.80000000000123,3.5769753477128243,4.000092614706516,-0.04747102146532711,0.5,-0.1428571428571429,2.9342379447729443,4.675365909894302,-1.0721074048996844,0.0,-5.595524044110789e-15,9.14015668429045,0.9263033090691337,0.4833301117225569,
125.00000000000124,3.5769753477128243,4.000092614706516,-0.05461387860818423,0.5,-0.1428571428571429,2.9342379447729443,4.675365909894302,-1.0641790108522269,0.0,0.039641970237288146,9.14015668429045,0.9263033090691337,0.4832936873241347,
125.20000000000124,3.5769753477128243,4.000092614706516,-0.06175673575104135,0.5,-0.1428571428571429,2.9789382232656676,4.597256340267637,-1.0290647612629495,0.45,0.17557124794638454,9.14015668429045,0.9263033090691337,0.4380384733482283,
125.40000000000124,3.5769753477128243,4.000092614706516,-0.06889959289389846,0.5,-0.1428571428571429,3.0269634875403257,4.521154114567848,-0.9724902031108762,0.45,0.2828727907603662,9.14015668429045,0.9263033090691337,-20.236998195429237,
125.60000000000124,3.5769753477128243,4.000092614706516,-0.06175673575104135,0.125,0.1428571428571428,3.0269634875403257,4.521154114567848,-0.9125380709977442,0.0,0.29976066056566464,9.14015668429045,0.9263033090691337,-20.311808734615237,
125.80000000000125,3.5769753477128243,4.000092614706516,-0.05461387860818423,0.125,0.1428571428571428,3.0269634875403257,4.521154114567848,-0.8693725358762876,0.0,0.2158276756072799,9.14015668429045,0.9263033090691337,-20.311798355956466,
126.00000000000125,3.5769753477128243,4.000092614706516,-0.04747102146532711,0.125,0.1428571428571428,3.0269634875403257,4.521154114567848,-0.8382933505888399,0.0,0.15539592643724065,9.14015668429045,0.9263033090691337,-20.31178924985686,
126.20000000000125,3.5769753477128243,4.000092614706516,-0.040328164322469995,0.125,0.1428571428571428,3.0269634875403257,4.521154114567848,-0.8159163371818767,0.0,0.11188506703481388,9.14015668429045,0.9263033090691337,-20.31178141780654,
126.40000000000126,3.5769753477128243,4.000092614706516,-0.03318530717961288,0.125,0.1428571428571428,3.0269634875403257,4.521154114567848,-0.7998048875288628,0.0,0.08055724826506543,9.14015668429045,0.9263033090691337,-20.311774859805496,
126.60000000000126,3.5769753477128243,4.000092614706516,-0.040328164322469995,0.5,-0.1428571428571429,3.0269634875403257,4.521154114567848,-0.7882046437786929,0.0,0.058001218750845934,9.14015668429045,0.9263033090691337,-20.23684231736222,
126.80000000000126,3.5769753477128243,4.000092614706516,-0.03318530717961288,0.125,0.1428571428571428,3.0269634875403257,4.521154114567848,-0.7798524682785715,0.0,0.041760877500608105,9.14015668429045,0.9263033090691337,-20.311774859805496,
127.00000000000126,3.5769753477128243,4.000092614706516,-0.040328164322469995,0.5,-0.1428571428571429,3.0269634875403257,4.521154114567848,-0.7738389019184844,0.0,0.03006783180043806,9.14015668429045,0.9263033090691337,-20.23684231736222,
127.20000000000127,3.5769753477128243,4.000092614706516,-0.04747102146532711,0.5,-0.1428571428571429,3.0269634875403257,4.521154114567848,-0.7695091341392217,0.0,0.021648838896316122,9.14015668429045,0.9263033090691337,-20.236873645563517,
127.40000000000127,3.5769753477128243,4.000092614706516,-0.05461387860818423,0.5,-0.1428571428571429,3.0269634875403257,4.521154114567848,-0.7663917013381525,0.0,0.015587164005348429,9.14015668429045,0.9263033090691337,-20.236910069961937,
127.60000000000127,3.5769753477128243,4.000092614706516,-0.04747102146532711,0.125,0.1428571428571428,3.0269634875403257,4.521154114567848,-0.7641471497213832,0.0,0.011222758083851491,9.14015668429045,0.9263033090691337,-20.31178924985686,
127.80000000000128,3.5769753477128243,4.000092614706516,-0.05461387860818423,0.5,-0.1428571428571429,3.0269634875403257,4.521154114567848,-0.7625310725573087,0.0,0.008080385820374491,9.14015668429045,0.9263033090691337,-20.236910069961937,
128.00000000000128,3.5769753477128243,4.000092614706516,-0.04747102146532711,0.125,0.1428571428571428,3.0269634875403257,4.521154114567848,-0.7613674969991742,0.0,0.005817877790670156,9.14015668429045,0.9263033090691337,-20.31178924985686,
128.20000000000127,3.5769753477128243,4.000092614706516,-0.05461387860818423,0.5,-0.1428571428571429,3.0269634875403257,4.521154114567848,-0.7605297225973189,0.0,0.004188872009281841,9.14015668429045,0.9263033090691337,-20.236910069961937,
128.40000000000126,3.5769753477128243,4.000092614706516,-0.04747102146532711,0.125,0.1428571428571428,3.0269634875403257,4.521154114567848,-0.7599265250279821,0.0,0.0030159878466844425,9.14015668429045,0.9263033090691337,-20.31178924985686,
128.60000000000124,3.5769753477128243,4.000092614706516,-0.05461387860818423,0.5,-0.1428571428571429,3.0269634875403257,4.521154114567848,-0.759492222778059,0.0,0.002171511249612923,9.14015668429045,0.9263033090691337,-20.236910069961937,
128.80000000000123,3.5769753477128243,4.000092614706516,-0.04747102146532711,0.125,0.1428571428571428,3.0269634875403257,4.521154114567848,-0.7591795251581157,0.0,0.0015634880997205335,9.14015668429045,0.9263033090691337,-20.31178924985686,
129.00000000000122,3.5769753477128243,4.000092614706516,-0.05461387860818423,0.5,-0.1428571428571429,3.0269634875403257,4.521154114567848,-0.7589543828717549,0.0,0.0011257114318000026,9.14015668429045,0.9263033090691337,-20.236910069961937,
129.2000000000012,3.5769753477128243,4.000092614706516,-0.04747102146532711,0.125,0.1428571428571428,3.0269634875403257,4.521154114567848,-0.7587922804255758,0.0,0.0008105122308948331,9.14015668429045,0.9263033090691337,-20.31178924985686,
129.4000000000012,3.5769753477128243,4.000092614706516,-0.05461387860818423,0.5,-0.1428571428571429,3.0269634875403257,4.521154114567848,-0.7586755666643263,0.0,0.0005835688062441058,9.14015668429045,0.9263033090691337,-20.236910069961937,
129.6000000000012,3.5769753477128243,4.000092614706516,-0.04747102146532711,0.125,0.1428571428571428,3.0269634875403257,4.521154114567848,-0.7585915327562276,0.0,0.00042016954049488574,9.14015668429045,0.9263033090691337,-20.31178924985686,
129.80000000000118,3.5769753477128243,4.000092614706516,-0.05461387860818423,0.5,-0.1428571428571429,3.0269634875403257,4.521154114567848,-0.7585310283423965,0.0,0.00030252206915664103,9.14015668429045,0.9263033090691337,-20.236910069961937,
130.00000000000117,3.5769753477128243,4.000092614706516,-0.04747102146532711,0.125,0.1428571428571428,3.0269634875403257,4.521154114567848,-0.7584874651644373,0.0,0.00021781588979310484,9.14015668429045,0.9263033090691337,-20.31178924985686,
130.20000000000115,3.5769753477128243,4.000092614706516,-0.05461387860818423,0.5,-0.1428571428571429,3.0269634875403257,4.521154114567848,-0.758456099676307,0.0,0.00015682744065026455,9.14015668429045,0.9263033090691337,-20.236910069961937,
130.40000000000114,3.5769753477128243,4.000092614706516,-0.04747102146532711,0.125,0.1428571428571428,3.0269634875403257,4.521154114567848,-0.7584335165248532,0.0,0.00011291575726781743,9.14015668429045,0.9263033090691337,-20.31178924985686,
130.60000000000113,3.5769753477128243,4.000092614706516,-0.05461387860818423,0.5,-0.1428571428571429,3.0269634875403257,4.521154114567848,-0.7584172566558074,0.0,8.1299345232555e-05,9.14015668429045,0.9263033090691337,-20.236910069961937,
130.80000000000112,3.5769753477128243,4.000092614706516,-0.04747102146532711,0.125,0.1428571428571428,3.0269634875403257,4.521154114567848,-0.7584055495500941,0.0,5.853552856835975e-05,9.14015668429045,0.9263033090691337,-20.31178924985686,
131.0000000000011,3.5769753477128243,4.000092614706516,-0.05461387860818423,0.5,-0.1428571428571429,3.0269634875403257,4.521154114567848,-0.7583971204339797,0.0,4.2145580569741266e-05,9.14015668429045,0.9263033090691337,-20.236910069961937,
131.2000000000011,3.5769753477128243,4.000092614706516,-0.04747102146532711,0.125,0.1428571428571428,3.0269634875403257,4.521154114567848,-0.7583910514703778,0.0,3.034481800954225e-05,9.14015668429045,0.9263033090691337,-20.31178924985686,
131.40000000000109,3.5769753477128243,4.000092614706516,-0.05461387860818423,0.5,-0.1428571428571429,3.0269634875403257,4.521154114567848,-0.7583866818165834,0.0,2.184826896689529e-05,9.14015668429045,0.9263033090691337,-20.236910069961937,
131.60000000000107,3.5769753477128243,4.000092614706516,-0.04747102146532711,0.125,0.1428571428571428,3.0269634875403257,4.521154114567848,-0.7583835356658515,0.0,1.5730753654796814e-05,9.14015668429045,0.9263033090691337,-20.31178924985686,
131.80000000000106,3.5769753477128243,4.000092614706516,-0.05461387860818423,0.5,-0.1428571428571429,3.0269634875403257,4.521154114567848,-0.7583812704373258,0.0,1.132614263008591e-05,9.14015668429045,0.9263033090691337,-20.236910069961937,
132.00000000000105,3.5769753477128243,4.000092614706516,-0.04747102146532711,0.125,0.1428571428571428,3.0269634875403257,4.521154114567848,-0.7583796394727873,0.0,8.154822694184104e-06,9.14015668429045,0.9263033090691337,-20.31178924985686,
132.20000000000104,3.5769753477128243,4.000092614706516,-0.05461387860818423,0.5,-0.1428571428571429,3.0269634875403257,4.521154114567848,-0.7583784651783194,0.0,5.871472340235328e-06,9.14015668429045,0.9263033090691337,-20.236910069961937,
132.40000000000103,3.5769753477128243,4.000092614706516,-0.04747102146532711,0.125,0.1428571428571428,3.0269634875403257,4.521154114567848,-0.7583776196863017,0.0,4.227460085193257e-06,9.14015668429045,0.9263033090691337,-20.31178924985686,
132.60000000000102,3.5769753477128243,4.000092614706516,-0.05461387860818423,0.5,-0.1428571428571429,3.0269634875403257,4.521154114567848,-0.7583770109320493,0.0,3.0437712603692546e-06,9.14015668429045,0.9263033090691337,-20.236910069961937,
132.800000000001,3.5769753477128243,4.000092614706516,-0.04747102146532711,0.125,0.1428571428571428,3.0269634875403257,4.521154114567848,-0.7583765726289879,0.0,2.1915153070928283e-06,9.14015668429045,0.9263033090691337,-20.31178924985686,
133.000000000001,3.5769753477128243,4.000092614706516,-0.05461387860818423,0.5,-0.1428571428571429,3.0269634875403257,4.521154114567848,-0.7583762570507844,0.0,1.5778910211317053e-06,9.14015668429045,0.9263033090691337,-20.236910069961937,
133.20000000000098,3.5769753477128243,4.000092614706516,-0.04747102146532711,0.125,0.1428571428571428,3.0269634875403257,4.521154114567848,-0.7583760298344764,0.0,1.1360815361349806e-06,9.14015668429045,0.9263033090691337,-20.31178924985686,
133.40000000000097,3.5769753477128243,4.000092614706516,-0.05461387860818423,0.5,-0.1428571428571429,3.0269634875403257,4.521154114567848,-0.758375866238735,0.0,8.179787049478193e-07,9.14015668429045,0.9263033090691337,-20.236910069961937,
133.60000000000096,3.5769753477128243,4.000092614706516,-0.04747102146532711,0.125,0.1428571428571428,3.0269634875403257,4.521154114567848,-0.7583757484498026,0.0,5.88944666990443e-07,9.14015668429045,0.9263033090691337,-20.31178924985686,
133.80000000000095,3.5769753477128243,4.000092614706516,-0.05461387860818423,0.5,-0.1428571428571429,3.0269634875403257,4.521154114567848,-0.75837566364177,0.0,4.2404016165065167e-07,9.14015668429045,0.9263033090691337,-20.236910069961937,
134.00000000000094,3.5769753477128243,4.000092614706516,-0.04747102146532711,0.125,0.1428571428571428,3.0269634875403257,4.521154114567848,-0.7583756025799868,0.0,3.053089160154343e-07,9.14015668429045,0.9263033090691337,-20.31178924985686,
134.20000000000093,3.5769753477128243,4.000092614706516,-0.05461387860818423,0.5,-0.1428571428571429,3.0269634875403257,4.521154114567848,-0.7583755586155032,0.0,2.1982241955598169e-07,9.14015668429045,0.9263033090691337,-20.236910069961937,
134.40000000000092,3.5769753477128243,4.000092614706516,-0.04747102146532711,0.125,0.1428571428571428,3.0269634875403257,4.521154114567848,-0.7583755269610748,0.0,1.5827214250307975e-07,9.14015668429045,0.9263033090691337,-20.31178924985686,
134.6000000000009,3.5769753477128243,4.000092614706516,-0.05461387860818423,0.5,-0.1428571428571429,3.0269634875403257,4.521154114567848,-0.7583755041698872,0.0,1.139559427265624e-07,9.14015668429045,0.9263033090691337,-20.236910069961937,
134.8000000000009,3.5769753477128243,4.000092614706516,-0.04747102146532711,0.125,0.1428571428571428,3.0269634875403257,4.521154114567848,-0.7583754877602313,0.0,8.20482800811817e-08,9.14015668429045,0.9263033090691337,-20.31178924985686,
135.00000000000088,3.5769753477128243,4.000092614706516,-0.05461387860818423,0.5,-0.1428571428571429,3.0269634875403257,4.521154114567848,-0.7583754759452788,0.0,5.9074761882271785e-08,9.14015668429045,0.9263033090691337,-20.236910069961937,
135.20000000000087,3.5769753477128243,4.000092614706516,-0.04747102146532711,0.125,0.1428571428571428,3.0269634875403257,4.521154114567848,-0.7583754674385137,0.0,4.253382828167673e-08,9.14015668429045,0.9263033090691337,-20.31178924985686,
135.40000000000086,3.5769753477128243,4.000092614706516,-0.05461387860818423,0.5,-0.1428571428571429,3.0269634875403257,4.521154114567848,-0.7583754613136424,0.0,3.0624357183484106e-08,9.14015668429045,0.9263033090691337,-20.236910069961937,
135.60000000000085,3.5769753477128243,4.000092614706516,-0.04747102146532711,0.125,0.1428571428571428,3.0269634875403257,4.521154114567848,-0.7583754569037353,0.0,2.2049537395929517e-08,9.14015668429045,0.9263033090691337,-20.31178924985686,
135.80000000000084,3.5769753477128243,4.000092614706516,-0.05461387860818423,0.5,-0.1428571428571429,3.0269634875403257,4.521154114567848,-0.7583754537286023,0.0,1.5875667447318165e-08,9.14015668429045,0.9263033090691337,-20.236910069961937,
136.00000000000082,3.5769753477128243,4.000092614706516,-0.04747102146532711,0.125,0.1428571428571428,3.0269634875403257,4.521154114567848,-0.7583754514425056,0.0,1.1430481183793972e-08,9.14015668429045,0.9263033090691337,-20.31178924985686,
136.2000000000008,3.5769753477128243,4.000092614706516,-0.05461387860818423,0.5,-0.1428571428571429,3.0269634875403257,4.521154114567848,-0.7583754497965156,0.0,8.229945880344757e-09,9.14015668429045,0.9263033090691337,-20.236910069961937,
136.4000000000008,3.5769753477128243,4.000092614706516,-0.04747102146532711,0.125,0.1428571428571428,3.0269634875403257,4.521154114567848,-0.7583754486114032,0.0,5.925559865005425e-09,9.14015668429045,0.9263033090691337,-20.31178924985686,
136.6000000000008,3.5769753477128243,4.000092614706516,-0.05461387860818423,0.5,-0.1428571428571429,3.0269634875403257,4.521154114567848,-0.758375447758123,0.0,4.266402431341021e-09,9.14015668429045,0.9263033090691337,-20.236910069961937,
136.80000000000078,3.5769753477128243,4.000092614706516,-0.04747102146532711,0.125,0.1428571428571428,3.0269634875403257,4.521154114567848,-0.7583754471437611,0.0,3.0718102728144458e-09,9.14015668429045,0.9263033090691337,-20.31178924985686,
137.00000000000077,3.5769753477128243,4.000092614706516,-0.05461387860818423,0.5,-0.1428571428571429,3.0269634875403257,4.521154114567848,-0.7583754467014199,0.0,2.2117036202473627e-09,9.14015668429045,0.9263033090691337,-20.236910069961937,
137.20000000000076,3.5769753477128243,4.000092614706516,-0.04747102146532711,0.125,0.1428571428571428,3.0269634875403257,4.521154114567848,-0.7583754463829351,0.0,1.5924258356392328e-09,9.14015668429045,0.9263033090691337,-20.31178924985686,
137.40000000000074,3.5769753477128243,4.000092614706516,-0.05461387860818423,0.5,-0.1428571428571429,3.0269634875403257,4.521154114567848,-0.7583754461536252,0.0,1.1465471239091583e-09,9.14015668429045,0.9263033090691337,-20.236910069961937,
137.60000000000073,3.5769753477128243,4.000092614706516,-0.04747102146532711,0.125,0.1428571428571428,3.0269634875403257,4.521154114567848,-0.7583754459885235,0.0,8.255132577517087e-10,9.14015668429045,0.9263033090691337,-20.31178924985686,
137.80000000000072,3.5769753477128243,4.000092614706516,-0.05461387860818423,0.5,-0.1428571428571429,3.0269634875403257,4.521154114567848,-0.7583754458696497,0.0,5.943708636380052e-10,9.14015668429045,0.9263033090691337,-20.236910069961937,
138.0000000000007,3.5769753477128243,4.000092614706516,-0.04747102146532711,0.125,0.1428571428571428,3.0269634875403257,4.521154114567848,-0.7583754457840612,0.0,4.279475440682745e-10,9.14015668429045,0.9263033090691337,-20.31178924985686,
138.2000000000007,3.5769753477128243,4.000092614706516,-0.05461387860818423,0.5,-0.1428571428571429,3.0269634875403257,4.521154114567848,-0.7583754457224359,0.0,3.081237487378985e-10,9.14015668429045,0.9263033090691337,-20.236910069961937,
138.4000000000007,3.5769753477128243,4.000092614706516,-0.04747102146532711,0.125,0.1428571428571428,3.0269634875403257,4.521154114567848,-0.758375445678066,0.0,2.218482286764356e-10,9.14015668429045,0.9263033090691337,-20.31178924985686,
138.60000000000068,3.5769753477128243,4.000092614706516,-0.05461387860818423,0.5,-0.1428571428571429,3.0269634875403257,4.521154114567848,-0.75837544564612,0.0,1.5973045108808037e-10,9.14015668429045,0.9263033090691337,-20.236910069961937,
138.80000000000067,3.5769753477128243,4.000092614706516,-0.04747102146532711,0.125,0.1428571428571428,3.0269634875403257,4.521154114567848,-0.7583754456231198,0.0,1.1500604912839662e-10,9.14015668429045,0.9263033090691337,-20.31178924985686,
139.00000000000065,3.5769753477128243,4.000092614706516,-0.05461387860818423,0.5,-0.1428571428571429,3.0269634875403257,4.521154114567848,-0.7583754456065588,0.0,8.28056734292204e-11,9.14015668429045,0.9263033090691337,-20.236910069961937,
139.20000000000064,3.5769753477128243,4.000092614706516,-0.04747102146532711,0.125,0.1428571428571428,3.0269634875403257,4.521154114567848,-0.7583754455946341,0.0,5.962030869000046e-11,9.14015668429045,0.9263033090691337,-20.31178924985686,
139.40000000000063,3.5769753477128243,4.000092614706516,-0.05461387860818423,0.5,-0.1428571428571429,3.0269634875403257,4.521154114567848,-0.758375445586049,0.0,4.292575184194902e-11,9.14015668429045,0.9263033090691337,-20.236910069961937,
139.60000000000062,3.5769753477128243,4.000092614706516,-0.04747102146532711,0.125,0.1428571428571428,3.0269634875403257,4.521154114567848,-0.7583754455798672,0.0,3.0906566195199045e-11,9.14015668429045,0.9263033090691337,-20.31178924985686,
139.8000000000006,3.5769753477128243,4.000092614706516,-0.05461387860818423,0.5,-0.1428571428571429,3.0269634875403257,4.521154114567848,-0.7583754455754175,0.0,2.2252155673641025e-11,9.14015668429045,0.9263033090691337,-20.236910069961937,
140.0000000000006,3.5769753477128243,4.000092614706516,-0.04747102146532711,0.125,0.1428571428571428,3.0269634875403257,4.521154114567848,-0.7583754455722129,0.0,1.6022472237864347e-11,9.14015668429045,0.9263033090691337,-20.31178924985686,
140.20000000000059,3.5769753477128243,4.000092614706516,-0.05461387860818423,0.5,-0.1428571428571429,3.0269634875403257,4.521154114567848,-0.7583754455699054,0.0,1.1536105404275077e-11,9.14015668429045,0.9263033090691337,-20.236910069961937,
140.40000000000057,3.5769753477128243,4.000092614706516,-0.04747102146532711,0.125,0.1428571428571428,3.0269634875403257,4.521154114567848,-0.7583754455682445,0.0,8.30562285614178e-12,9.14015668429045,0.9263033090691337,-20.31178924985686,
140.60000000000056,3.5769753477128243,4.000092614706516,-0.05461387860818423,0.5,-0.1428571428571429,3.0269634875403257,4.521154114567848,-0.7583754455670491,0.0,5.9803717533668526e-12,9.14015668429045,0.9263033090691337,-20.236910069961937,
140.80000000000055,3.5769753477128243,4.000092614706516,-0.04747102146532711,0.125,0.1428571428571428,3.0269634875403257,4.521154114567848,-0.7583754455661875,0.0,4.306688339283937e-12,9.14015668429045,0.9263033090691337,-20.31178924985686,
141.00000000000054,3.5769753477128243,4.000092614706516,-0.05461387860818423,0.5,-0.1428571428571429,3.0269634875403257,4.521154114567848,-0.7583754455655676,0.0,3.100542045331167e-12,9.14015668429045,0.9263033090691337,-20.236910069961937,
141.20000000000053,3.5769753477128243,4.000092614706516,-0.04747102146532711,0.125,0.1428571428571428,3.0269634875403257,4.521154114567848,-0.7583754455651217,0.0,2.2326140936002046e-12,9.14015668429045,0.9263033090691337,-20.31178924985686,
141.40000000000052,3.5769753477128243,4.000092614706516,-0.05461387860818423,0.5,-0.1428571428571429,3.0269634875403257,4.521154114567848,-0.7583754455648002,0.0,1.6084023002349567e-12,9.14015668429045,0.9263033090691337,-20.236910069961937,
141.6000000000005,3.5769753477128243,4.000092614706516,-0.04747102146532711,0.125,0.1428571428571428,3.0269634875403257,4.521154114567848,-0.7583754455645693,0.0,1.1582734771309332e-12,9.14015668429045,0.9263033090691337,-20.31178924985686,
141.8000000000005,3.5769753477128243,4.000092614706516,-0.05461387860818423,0.5,-0.1428571428571429,3.0269634875403257,4.521154114567848,-0.7583754455644023,0.0,8.349765323600877e-13,9.14015668429045,0.9263033090691337,-20.236910069961937,
142.00000000000048,3.5769753477128243,4.000092614706516,-0.04747102146532711,0.125,0.1428571428571428,3.0269634875403257,4.521154114567848,-0.7583754455642815,0.0,6.012079722950147e-13,9.14015668429045,0.9263033090691337,-20.31178924985686,
142.20000000000047,3.5769753477128243,4.000092614706516,-0.05461387860818423,0.5,-0.1428571428571429,3.0269634875403257,4.521154114567848,-0.7583754455641945,0.0,4.320988011841109e-13,9.14015668429045,0.9263033090691337,-20.236910069961937,
142.40000000000046,3.5769753477128243,4.000092614706516,-0.04747102146532711,0.125,0.1428571428571428,3.0269634875403257,4.521154114567848,-0.7583754455641323,0.0,3.102407220012537e-13,9.14015668429045,0.9263033090691337,-20.31178924985686,
142.60000000000045,3.5769753477128243,4.000092614706516,-0.05461387860818423,0.5,-0.1428571428571429,3.0269634875403257,4.521154114567848,-0.7583754455640879,0.0,2.2319923687064146e-13,9.14015668429045,0.9263033090691337,-20.236910069961937,
142.80000000000044,3.5769753477128243,4.000092614706516,-0.04747102146532711,0.125,0.1428571428571428,3.0269634875403257,4.521154114567848,-0.7583754455640559,0.0,1.610267474916327e-13,9.14015668429045,0.9263033090691337,-20.31178924985686,
143.00000000000043,3.5769753477128243,4.000092614706516,-0.05461387860818423,0.5,-0.1428571428571429,3.0269634875403257,4.521154114567848,-0.7583754455640328,0.0,1.162625551387464e-13,9.14015668429045,0.9263033090691337,-20.236910069961937,
143.20000000000041,3.5769753477128243,4.000092614706516,-0.04747102146532711,0.125,0.1428571428571428,3.0269634875403257,4.521154114567848,-0.758375445564015,0.0,8.393286066166183e-14,9.14015668429045,0.9263033090691337,-20.31178924985686,
143.4000000000004,3.5769753477128243,4.000092614706516,-0.05461387860818423,0.5,-0.1428571428571429,3.0269634875403257,4.521154114567848,-0.7583754455640026,0.0,5.906386491005833e-14,9.14015668429045,0.9263033090691337,-20.236910069961937,
143.6000000000004,3.5769753477128243,4.000092614706516,-0.04747102146532711,0.125,0.1428571428571428,3.0269634875403257,4.521154114567848,-0.7583754455639937,0.0,4.165556788393587e-14,9.14015668429045,0.9263033090691337,-20.31178924985686,
143.80000000000038,3.5769753477128243,4.000092614706516,-0.05461387860818423,0.5,-0.1428571428571429,3.0269634875403257,4.521154114567848,-0.7583754455639884,0.0,2.922107000813412e-14,9.14015668429045,0.9263033090691337,-20.236910069961937,
144.00000000000037,3.5769753477128243,4.000092614706516,-0.04747102146532711,0.125,0.1428571428571428,3.0269634875403257,4.521154114567848,-0.7583754455639848,0.0,2.1760371282653068e-14,9.14015668429045,0.9263033090691337,-20.31178924985686,
144.20000000000036,3.5769753477128243,4.000092614706516,-0.05461387860818423,0.5,-0.1428571428571429,3.0269634875403257,4.521154114567848,-0.7583754455639813,0.0,1.6786572132332366e-14,9.14015668429045,0.9263033090691337,-20.236910069961937,
144.40000000000035,3.5769753477128243,4.000092614706516,-0.04747102146532711,0.125,0.1428571428571428,3.0269634875403257,4.521154114567848,-0.7583754455639795,0.0,1.1812772982011665e-14,9.14015668429045,0.9263033090691337,-20.31178924985686,
144.60000000000034,3.5769753477128243,4.000092614706516,-0.05461387860818423,0.5,-0.1428571428571429,3.0269634875403257,4.521154114567848,-0.7583754455639777,0.0,9.325873406851315e-15,9.14015668429045,0.9263033090691337,-20.236910069961937,
144.80000000000032,3.5769753477128243,4.000092614706516,-0.04747102146532711,0.125,0.1428571428571428,3.0269634875403257,4.521154114567848,-0.758375445563976,0.0,6.838973831690964e-15,9.14015668429045,0.9263033090691337,-20.31178924985686,
145.0000000000003,3.5769753477128243,4.000092614706516,-0.05461387860818423,0.5,-0.1428571428571429,3.0269634875403257,4.521154114567848,-0.758375445563976,0.0,4.352074256530613e-15,9.14015668429045,0.9263033090691337,-20.236910069961937,
145.2000000000003,3.5769753477128243,4.000092614706516,-0.04747102146532711,0.125,0.1428571428571428,3.0269634875403257,4.521154114567848,-0.758375445563976,0.0,4.352074256530613e-15,9.14015668429045,0.9263033090691337,-20.31178924985686,
145.4000000000003,3.5769753477128243,4.000092614706516,-0.05461387860818423,0.5,-0.1428571428571429,3.0269634875403257,4.521154114567848,-0.758375445563976,0.0,4.352074256530613e-15,9.14015668429045,0.9263033090691337,-20.236910069961937,
145.60000000000028,3.5769753477128243,4.000092614706516,-0.04747102146532711,0.125,0.1428571428571428,3.0269634875403257,4.521154114567848,-0.758375445563976,0.0,4.352074256530613e-15,9.14015668429045,0.9263033090691337,-20.31178924985686,
145.80000000000027,3.5769753477128243,4.000092614706516,-0.05461387860818423,0.5,-0.1428571428571429,3.0269634875403257,4.521154114567848,-0.758375445563976,0.0,4.352074256530613e-15,9.14015668429045,0.9263033090691337,-20.236910069961937,
146.00000000000026,3.5769753477128243,4.000092614706516,-0.04747102146532711,0.125,0.1428571428571428,3.0269634875403257,4.521154114567848,-0.758375445563976,0.0,4.352074256530613e-15,9.14015668429045,0.9263033090691337,-20.31178924985686,
146.20000000000024,3.5769753477128243,4.000092614706516,-0.05461387860818423,0.5,-0.1428571428571429,3.0269634875403257,4.521154114567848,-0.758375445563976,0.0,4.352074256530613e-15,9.14015668429045,0.9263033090691337,-20.236910069961937,
146.40000000000023,3.5769753477128243,4.000092614706516,-0.04747102146532711,0.125,0.1428571428571428,3.0269634875403257,4.521154114567848,-0.758375445563976,0.0,4.352074256530613e-15,9.14015668429045,0.9263033090691337,-20.31178924985686,
146.60000000000022,3.5769753477128243,4.000092614706516,-0.05461387860818423,0.5,-0.1428571428571429,3.0269634875403257,4.521154114567848,-0.758375445563976,0.0,4.352074256530613e-15,9.14015668429045,0.9263033090691337,-20.236910069961937,
146.8000000000002,3.5769753477128243,4.000092614706516,-0.04747102146532711,0.125,0.1428571428571428,3.0269634875403257,4.521154114567848,-0.758375445563976,0.0,4.352074256530613e-15,9.14015668429045,0.9263033090691337,-20.31178924985686,
147.0000000000002,3.5769753477128243,4.000092614706516,-0.05461387860818423,0.5,-0.1428571428571429,3.0269634875403257,4.521154114567848,-0.758375445563976,0.0,4.352074256530613e-15,9.14015668429045,0.9263033090691337,-20.236910069961937,
147.2000000000002,3.5769753477128243,4.000092614706516,-0.04747102146532711,0.125,0.1428571428571428,3.0269634875403257,4.521154114567848,-0.758375445563976,0.0,4.352074256530613e-15,9.14015668429045,0.9263033090691337,-20.31178924985686,
147.40000000000018,3.5769753477128243,4.000092614706516,-0.05461387860818423,0.5,-0.1428571428571429,3.0269634875403257,4.521154114567848,-0.758375445563976,0.0,4.352074256530613e-15,9.14015668429045,0.9263033090691337,-20.236910069961937,
147.60000000000016,3.5769753477128243,4.000092614706516,-0.04747102146532711,0.125,0.1428571428571428,3.0269634875403257,4.521154114567848,-0.758375445563976,0.0,4.352074256530613e-15,9.14015668429045,0.9263033090691337,-20.31178924985686,
147.80000000000015,3.5769753477128243,4.000092614706516,-0.05461387860818423,0.5,-0.1428571428571429,3.0269634875403257,4.521154114567848,-0.758375445563976,0.0,4.352074256530613e-15,9.14015668429045,0.9263033090691337,-20.236910069961937,
148.00000000000014,3.5769753477128243,4.000092614706516,-0.04747102146532711,0.125,0.1428571428571428,3.0269634875403257,4.521154114567848,-0.758375445563976,0.0,4.352074256530613e-15,9.14015668429045,0.9263033090691337,-20.31178924985686,
148.20000000000013,3.5769753477128243,4.000092614706516,-0.05461387860818423,0.5,-0.1428571428571429,3.0269634875403257,4.521154114567848,-0.758375445563976,0.0,4.352074256530613e-15,9.14015668429045,0.9263033090691337,-20.236910069961937,
148.40000000000012,3.5769753477128243,4.000092614706516,-0.04747102146532711,0.125,0.1428571428571428,3.0269634875403257,4.521154114567848,-0.758375445563976,0.0,4.352074256530613e-15,9.14015668429045,0.9263033090691337,-20.31178924985686,
148.6000000000001,3.5769753477128243,4.000092614706516,-0.05461387860818423,0.5,-0.1428571428571429,3.0269634875403257,4.521154114567848,-0.758375445563976,0.0,4.352074256530613e-15,9.14015668429045,0.9263033090691337,-20.236910069961937,
148.8000000000001,3.5769753477128243,4.000092614706516,-0.04747102146532711,0.125,0.1428571428571428,3.0269634875403257,4.521154114567848,-0.758375445563976,0.0,4.352074256530613e-15,9.14015668429045,0.9263033090691337,-20.31178924985686,
149.00000000000009,3.5769753477128243,4.000092614706516,-0.05461387860818423,0.5,-0.1428571428571429,3.0269634875403257,4.521154114567848,-0.758375445563976,0.0,4.352074256530613e-15,9.14015668429045,0.9263033090691337,-20.236910069961937,
149.20000000000007,3.5769753477128243,4.000092614706516,-0.04747102146532711,0.125,0.1428571428571428,3.0269634875403257,4.521154114567848,-0.758375445563976,0.0,4.352074256530613e-15,9.14015668429045,0.9263033090691337,-20.31178924985686,
149.40000000000006,3.5769753477128243,4.000092614706516,-0.05461387860818423,0.5,-0.1428571428571429,3.0269634875403257,4.521154114567848,-0.758375445563976,0.0,4.352074256530613e-15,9.14015668429045,0.9263033090691337,-20.236910069961937,
149.60000000000005,3.5769753477128243,4.000092614706516,-0.04747102146532711,0.125,0.1428571428571428,3.0269634875403257,4.521154114567848,-0.758375445563976,0.0,4.352074256530613e-15,9.14015668429045,0.9263033090691337,-20.31178924985686,
149.80000000000004,3.5769753477128243,4.000092614706516,-0.05461387860818423,0.5,-0.1428571428571429,3.0269634875403257,4.521154114567848,-0.758375445563976,0.0,4.352074256530613e-15,9.14015668429045,0.9263033090691337,-20.236910069961937,
150.00000000000003,3.5769753477128243,4.000092614706516,-0.04747102146532711,0.125,0.1428571428571428,3.0269634875403257,4.521154114567848,-0.758375445563976,0.0,4.352074256530613e-15,9.14015668429045,0.9263033090691337,-20.31178924985686,
150.20000000000002,3.5769753477128243,4.000092614706516,-0.05461387860818423,0.5,-0.1428571428571429,3.0269634875403257,4.521154114567848,-0.758375445563976,0.0,4.352074256530613e-15,9.14015668429045,0.9263033090691337,-20.236910069961937,
150.4,3.5769753477128243,4.000092614706516,-0.04747102146532711,0.125,0.1428571428571428,3.0269634875403257,4.521154114567848,-0.758375445563976,0.0,4.352074256530613e-15,9.14015668429045,0.9263033090691337,-20.31178924985686,
150.6,3.5769753477128243,4.000092614706516,-0.05461387860818423,0.5,-0.1428571428571429,3.0269634875403257,4.521154114567848,-0.758375445563976,0.0,4.352074256530613e-15,9.14015668429045,0.9263033090691337,-20.236910069961937,
150.79999999999998,3.5769753477128243,4.000092614706516,-0.04747102146532711,0.125,0.1428571428571428,3.0269634875403257,4.521154114567848,-0.758375445563976,0.0,4.352074256530613e-15,9.14015668429045,0.9263033090691337,-20.31178924985686,
150.99999999999997,3.5769753477128243,4.000092614706516,-0.05461387860818423,0.5,-0.1428571428571429,3.0269634875403257,4.521154114567848,-0.758375445563976,0.0,4.352074256530613e-15,9.14015668429045,0.9263033090691337,-20.236910069961937,
151.19999999999996,3.5769753477128243,4.000092614706516,-0.04747102146532711,0.125,0.1428571428571428,3.0269634875403257,4.521154114567848,-0.758375445563976,0.0,4.352074256530613e-15,9.14015668429045,0.9263033090691337,-20.31178924985686,
151.39999999999995,3.5769753477128243,4.000092614706516,-0.05461387860818423,0.5,-0.1428571428571429,3.0269634875403257,4.521154114567848,-0.758375445563976,0.0,4.352074256530613e-15,9.14015668429045,0.9263033090691337,-20.236910069961937,
151.59999999999994,3.5769753477128243,4.000092614706516,-0.04747102146532711,0.125,0.1428571428571428,3.0269634875403257,4.521154114567848,-0.758375445563976,0.0,4.352074256530613e-15,9.14015668429045,0.9263033090691337,-20.31178924985686,
151.79999999999993,3.5769753477128243,4.000092614706516,-0.05461387860818423,0.5,-0.1428571428571429,3.0269634875403257,4.521154114567848,-0.758375445563976,0.0,4.352074256530613e-15,9.14015668429045,0.9263033090691337,-20.236910069961937,
151.99999999999991,3.5769753477128243,4.000092614706516,-0.04747102146532711,0.125,0.1428571428571428,3.0269634875403257,4.521154114567848,-0.758375445563976,0.0,4.352074256530613e-15,9.14015668429045,0.9263033090691337,-20.31178924985686,
152.1999999999999,3.5769753477128243,4.000092614706516,-0.05461387860818423,0.5,-0.1428571428571429,3.0269634875403257,4.521154114567848,-0.758375445563976,0.0,4.352074256530613e-15,9.14015668429045,0.9263033090691337,-20.236910069961937,
152.3999999999999,3.5769753477128243,4.000092614706516,-0.04747102146532711,0.125,0.1428571428571428,3.0269634875403257,4.521154114567848,-0.758375445563976,0.0,4.352074256530613e-15,9.14015668429045,0.9263033090691337,-20.31178924985686,
152.59999999999988,3.5769753477128243,4.000092614706516,-0.05461387860818423,0.5,-0.1428571428571429,3.0269634875403257,4.521154114567848,-0.758375445563976,0.0,4.352074256530613e-15,9.14015668429045,0.9263033090691337,-20.236910069961937,
152.79999999999987,3.5769753477128243,4.000092614706516,-0.04747102146532711,0.125,0.1428571428571428,3.0269634875403257,4.521154114567848,-0.758375445563976,0.0,4.352074256530613e-15,9.14015668429045,0.9263033090691337,-20.31178924985686,
152.99999999999986,3.5769753477128243,4.000092614706516,-0.05461387860818423,0.5,-0.1428571428571429,3.0269634875403257,4.521154114567848,-0.758375445563976,0.0,4.352074256530613e-15,9.14015668429045,0.9263033090691337,-20.236910069961937,
153.19999999999985,3.5769753477128243,4.000092614706516,-0.04747102146532711,0.125,0.1428571428571428,3.0269634875403257,4.521154114567848,-0.758375445563976,0.0,4.352074256530613e-15,9.14015668429045,0.9263033090691337,-20.31178924985686,
153.39999999999984,3.5769753477128243,4.000092614706516,-0.05461387860818423,0.5,-0.1428571428571429,3.0269634875403257,4.521154114567848,-0.758375445563976,0.0,4.352074256530613e-15,9.14015668429045,0.9263033090691337,-20.236910069961937,
153.59999999999982,3.5769753477128243,4.000092614706516,-0.04747102146532711,0.125,0.1428571428571428,3.0269634875403257,4.521154114567848,-0.758375445563976,0.0,4.352074256530613e-15,9.14015668429045,0.9263033090691337,-20.31178924985686,
153.7999999999998,3.5769753477128243,4.000092614706516,-0.05461387860818423,0.5,-0.1428571428571429,3.0269634875403257,4.521154114567848,-0.758375445563976,0.0,4.352074256530613e-15,9.14015668429045,0.9263033090691337,-20.236910069961937,
153.9999999999998,3.5769753477128243,4.000092614706516,-0.04747102146532711,0.125,0.1428571428571428,3.0269634875403257,4.521154114567848,-0.758375445563976,0.0,4.352074256530613e-15,9.14015668429045,0.9263033090691337,-20.31178924985686,
154.1999999999998,3.5769753477128243,4.000092614706516,-0.05461387860818423,0.5,-0.1428571428571429,3.0269634875403257,4.521154114567848,-0.758375445563976,0.0,4.352074256530613e-15,9.14015668429045,0.9263033090691337,-20.236910069961937,
154.39999999999978,3.5769753477128243,4.000092614706516,-0.04747102146532711,0.125,0.1428571428571428,3.0269634875403257,4.521154114567848,-0.758375445563976,0.0,4.352074256530613e-15,9.14015668429045,0.9263033090691337,-20.31178924985686,
154.59999999999977,3.5769753477128243,4.000092614706516,-0.05461387860818423,0.5,-0.1428571428571429,3.0269634875403257,4.521154114567848,-0.758375445563976,0.0,4.352074256530613e-15,9.14015668429045,0.9263033090691337,-20.236910069961937,
154.79999999999976,3.5769753477128243,4.000092614706516,-0.04747102146532711,0.125,0.1428571428571428,3.0269634875403257,4.521154114567848,-0.758375445563976,0.0,4.352074256530613e-15,9.14015668429045,0.9263033090691337,-20.31178924985686,
154.99999999999974,3.5769753477128243,4.000092614706516,-0.05461387860818423,0.5,-0.1428571428571429,3.0269634875403257,4.521154114567848,-0.758375445563976,0.0,4.352074256530613e-15,9.14015668429045,0.9263033090691337,-20.236910069961937,
155.19999999999973,3.5769753477128243,4.000092614706516,-0.04747102146532711,0.125,0.1428571428571428,3.0269634875403257,4.521154114567848,-0.758375445563976,0.0,4.352074256530613e-15,9.14015668429045,0.9263033090691337,-20.31178924985686,
155.39999999999972,3.5769753477128243,4.000092614706516,-0.05461387860818423,0.5,-0.1428571428571429,3.0269634875403257,4.521154114567848,-0.758375445563976,0.0,4.352074256530613e-15,9.14015668429045,0.9263033090691337,-20.236910069961937,
155.5999999999997,3.5769753477128243,4.000092614706516,-0.04747102146532711,0.125,0.1428571428571428,3.0269634875403257,4.521154114567848,-0.758375445563976,0.0,4.352074256530613e-15,9.14015668429045,0.9263033090691337,-20.31178924985686,
155.7999999999997,3.5769753477128243,4.000092614706516,-0.05461387860818423,0.5,-0.1428571428571429,3.0269634875403257,4.521154114567848,-0.758375445563976,0.0,4.352074256530613e-15,9.14015668429045,0.9263033090691337,-20.236910069961937,
155.9999999999997,3.5769753477128243,4.000092614706516,-0.04747102146532711,0.125,0.1428571428571428,3.0269634875403257,4.521154114567848,-0.758375445563976,0.0,4.352074256530613e-15,9.14015668429045,0.9263033090691337,-20.31178924985686,
156.19999999999968,3.5769753477128243,4.000092614706516,-0.05461387860818423,0.5,-0.1428571428571429,3.0269634875403257,4.521154114567848,-0.758375445563976,0.0,4.352074256530613e-15,9.14015668429045,0.9263033090691337,-20.236910069961937,
156.39999999999966,3.5769753477128243,4.000092614706516,-0.04747102146532711,0.125,0.1428571428571428,3.0269634875403257,4.521154114567848,-0.758375445563976,0.0,4.352074256530613e-15,9.14015668429045,0.9263033090691337,-20.31178924985686,
156.59999999999965,3.5769753477128243,4.000092614706516,-0.05461387860818423,0.5,-0.1428571428571429,3.0269634875403257,4.521154114567848,-0.758375445563976,0.0,4.352074256530613e-15,9.14015668429045,0.9263033090691337,-20.236910069961937,
156.79999999999964,3.5769753477128243,4.000092614706516,-0.04747102146532711,0.125,0.1428571428571428,3.0269634875403257,4.521154114567848,-0.758375445563976,0.0,4.352074256530613e-15,9.14015668429045,0.9263033090691337,-20.31178924985686,
156.99999999999963,3.5769753477128243,4.000092614706516,-0.05461387860818423,0.5,-0.1428571428571429,3.0269634875403257,4.521154114567848,-0.758375445563976,0.0,4.352074256530613e-15,9.14015668429045,0.9263033090691337,-20.236910069961937,
157.19999999999962,3.5769753477128243,4.000092614706516,-0.04747102146532711,0.125,0.1428571428571428,3.0269634875403257,4.521154114567848,-0.758375445563976,0.0,4.352074256530613e-15,9.14015668429045,0.9263033090691337,-20.31178924985686,
157.3999999999996,3.5769753477128243,4.000092614706516,-0.05461387860818423,0.5,-0.1428571428571429,3.0269634875403257,4.521154114567848,-0.758375445563976,0.0,4.352074256530613e-15,9.14015668429045,0.9263033090691337,-20.236910069961937,
157.5999999999996,3.5769753477128243,4.000092614706516,-0.04747102146532711,0.125,0.1428571428571428,3.0269634875403257,4.521154114567848,-0.758375445563976,0.0,4.352074256530613e-15,9.14015668429045,0.9263033090691337,-20.31178924985686,
157.79999999999959,3.5769753477128243,4.000092614706516,-0.05461387860818423,0.5,-0.1428571428571429,3.0269634875403257,4.521154114567848,-0.758375445563976,0.0,4.352074256530613e-15,9.14015668429045,0.9263033090691337,-20.236910069961937,
157.99999999999957,3.5769753477128243,4.000092614706516,-0.04747102146532711,0.125,0.1428571428571428,3.0269634875403257,4.521154114567848,-0.758375445563976,0.0,4.352074256530613e-15,9.14015668429045,0.9263033090691337,-20.31178924985686,
158.19999999999956,3.5769753477128243,4.000092614706516,-0.05461387860818423,0.5,-0.1428571428571429,3.0269634875403257,4.521154114567848,-0.758375445563976,0.0,4.352074256530613e-15,9.14015668429045,0.9263033090691337,-20.236910069961937,
158.39999999999955,3.5769753477128243,4.000092614706516,-0.04747102146532711,0.125,0.1428571428571428,3.0269634875403257,4.521154114567848,-0.758375445563976,0.0,4.352074256530613e-15,9.14015668429045,0.9263033090691337,-20.31178924985686,
158.59999999999954,3.5769753477128243,4.000092614706516,-0.05461387860818423,0.5,-0.1428571428571429,3.0269634875403257,4.521154114567848,-0.758375445563976,0.0,4.352074256530613e-15,9.14015668429045,0.9263033090691337,-20.236910069961937,
158.79999999999953,3.5769753477128243,4.000092614706516,-0.04747102146532711,0.125,0.1428571428571428,3.0269634875403257,4.521154114567848,-0.758375445563976,0.0,4.352074256530613e-15,9.14015668429045,0.9263033090691337,-20.31178924985686,
158.99999999999952,3.5769753477128243,4.000092614706516,-0.05461387860818423,0.5,-0.1428571428571429,3.0269634875403257,4.521154114567848,-0.758375445563976,0.0,4.352074256530613e-15,9.14015668429045,0.9263033090691337,-20.236910069961937,
159.1999999999995,3.5769753477128243,4.000092614706516,-0.04747102146532711,0.125,0.1428571428571428,3.0269634875403257,4.521154114567848,-0.758375445563976,0.0,4.352074256530613e-15,9.14015668429045,0.9263033090691337,-20.31178924985686,
159.3999999999995,3.5769753477128243,4.000092614706516,-0.05461387860818423,0.5,-0.1428571428571429,3.0269634875403257,4.521154114567848,-0.758375445563976,0.0,4.352074256530613e-15,9.14015668429045,0.9263033090691337,-20.236910069961937,
159.59999999999948,3.5769753477128243,4.000092614706516,-0.04747102146532711,0.125,0.1428571428571428,3.0269634875403257,4.521154114567848,-0.758375445563976,0.0,4.352074256530613e-15,9.14015668429045,0.9263033090691337,-20.31178924985686,
159.79999999999947,3.5769753477128243,4.000092614706516,-0.05461387860818423,0.5,-0.1428571428571429,3.0269634875403257,4.521154114567848,-0.758375445563976,0.0,4.352074256530613e-15,9.14015668429045,0.9263033090691337,-20.236910069961937,
159.99999999999946,3.5769753477128243,4.000092614706516,-0.04747102146532711,0.125,0.1428571428571428,3.0269634875403257,4.521154114567848,-0.758375445563976,0.0,4.352074256530613e-15,9.14015668429045,0.9263033090691337,-20.31178924985686,
160.19999999999945,3.5769753477128243,4.000092614706516,-0.05461387860818423,0.5,-0.1428571428571429,3.0269634875403257,4.521154114567848,-0.758375445563976,0.0,4.352074256530613e-15,9.14015668429045,0.9263033090691337,-20.236910069961937,
160.39999999999944,3.5769753477128243,4.000092614706516,-0.04747102146532711,0.125,0.1428571428571428,3.0269634875403257,4.521154114567848,-0.758375445563976,0.0,4.352074256530613e-15,9.14015668429045,0.9263033090691337,-20.31178924985686,
160.59999999999943,3.5769753477128243,4.000092614706516,-0.05461387860818423,0.5,-0.1428571428571429,3.0269634875403257,4.521154114567848,-0.758375445563976,0.0,4.352074256530613e-15,9.14015668429045,0.9263033090691337,-20.236910069961937,
160.79999999999941,3.5769753477128243,4.000092614706516,-0.04747102146532711,0.125,0.1428571428571428,3.0269634875403257,4.521154114567848,-0.758375445563976,0.0,4.352074256530613e-15,9.14015668429045,0.9263033090691337,-20.31178924985686,
160.9999999999994,3.5769753477128243,4.000092614706516,-0.05461387860818423,0.5,-0.1428571428571429,3.0269634875403257,4.521154114567848,-0.758375445563976,0.0,4.352074256530613e-15,9.14015668429045,0.9263033090691337,-20.236910069961937,
161.1999999999994,3.5769753477128243,4.000092614706516,-0.04747102146532711,0.125,0.1428571428571428,3.0269634875403257,4.521154114567848,-0.758375445563976,0.0,4.352074256530613e-15,9.14015668429045,0.9263033090691337,-20.31178924985686,
161.39999999999938,3.5769753477128243,4.000092614706516,-0.05461387860818423,0.5,-0.1428571428571429,3.0269634875403257,4.521154114567848,-0.758375445563976,0.0,4.352074256530613e-15,9.14015668429045,0.9263033090691337,-20.236910069961937,
161.59999999999937,3.5769753477128243,4.000092614706516,-0.04747102146532711,0.125,0.1428571428571428,3.0269634875403257,4.521154114567848,-0.758375445563976,0.0,4.352074256530613e-15,9.14015668429045,0.9263033090691337,-20.31178924985686,
161.79999999999936,3.5769753477128243,4.000092614706516,-0.05461387860818423,0.5,-0.1428571428571429,3.0269634875403257,4.521154114567848,-0.758375445563976,0.0,4.352074256530613e-15,9.14015668429045,0.9263033090691337,-20.236910069961937,
161.99999999999935,3.5769753477128243,4.000092614706516,-0.04747102146532711,0.125,0.1428571428571428,3.0269634875403257,4.521154114567848,-0.758375445563976,0.0,4.352074256530613e-15,9.14015668429045,0.9263033090691337,-20.31178924985686,
162.19999999999933,3.5769753477128243,4.000092614706516,-0.05461387860818423,0.5,-0.1428571428571429,3.0269634875403257,4.521154114567848,-0.758375445563976,0.0,4.352074256530613e-15,9.14015668429045,0.9263033090691337,-20.236910069961937,
162.39999999999932,3.5769753477128243,4.000092614706516,-0.04747102146532711,0.125,0.1428571428571428,3.0269634875403257,4.521154114567848,-0.758375445563976,0.0,4.352074256530613e-15,9.14015668429045,0.9263033090691337,-20.31178924985686,
162.5999999999993,3.5769753477128243,4.000092614706516,-0.05461387860818423,0.5,-0.1428571428571429,3.0269634875403257,4.521154114567848,-0.758375445563976,0.0,4.352074256530613e-15,9.14015668429045,0.9263033090691337,-20.236910069961937,
162.7999999999993,3.5769753477128243,4.000092614706516,-0.04747102146532711,0.125,0.1428571428571428,3.0269634875403257,4.521154114567848,-0.758375445563976,0.0,4.352074256530613e-15,9.14015668429045,0.9263033090691337,-20.31178924985686,
162.9999999999993,3.5769753477128243,4.000092614706516,-0.05461387860818423,0.5,-0.1428571428571429,3.0269634875403257,4.521154114567848,-0.758375445563976,0.0,4.352074256530613e-15,9.14015668429045,0.9263033090691337,-20.236910069961937,
163.19999999999928,3.5769753477128243,4.000092614706516,-0.04747102146532711,0.125,0.1428571428571428,3.0269634875403257,4.521154114567848,-0.758375445563976,0.0,4.352074256530613e-15,9.14015668429045,0.9263033090691337,-20.31178924985686,
163.39999999999927,3.5769753477128243,4.000092614706516,-0.05461387860818423,0.5,-0.1428571428571429,3.0269634875403257,4.521154114567848,-0.758375445563976,0.0,4.352074256530613e-15,9.14015668429045,0.9263033090691337,-20.236910069961937,
163.59999999999926,3.5769753477128243,4.000092614706516,-0.04747102146532711,0.125,0.1428571428571428,3.0269634875403257,4.521154114567848,-0.758375445563976,0.0,4.352074256530613e-15,9.14015668429045,0.9263033090691337,-20.31178924985686,
163.79999999999924,3.5769753477128243,4.000092614706516,-0.05461387860818423,0.5,-0.1428571428571429,3.0269634875403257,4.521154114567848,-0.758375445563976,0.0,4.352074256530613e-15,9.14015668429045,0.9263033090691337,-20.236910069961937,
163.99999999999923,3.5769753477128243,4.000092614706516,-0.04747102146532711,0.125,0.1428571428571428,3.0269634875403257,4.521154114567848,-0.758375445563976,0.0,4.352074256530613e-15,9.14015668429045,0.9263033090691337,-20.31178924985686,
164.19999999999922,3.5769753477128243,4.000092614706516,-0.05461387860818423,0.5,-0.1428571428571429,3.0269634875403257,4.521154114567848,-0.758375445563976,0.0,4.352074256530613e-15,9.14015668429045,0.9263033090691337,-20.236910069961937,
164.3999999999992,3.5769753477128243,4.000092614706516,-0.04747102146532711,0.125,0.1428571428571428,3.0269634875403257,4.521154114567848,-0.758375445563976,0.0,4.352074256530613e-15,9.14015668429045,0.9263033090691337,-20.31178924985686,
164.5999999999992,3.5769753477128243,4.000092614706516,-0.05461387860818423,0.5,-0.1428571428571429,3.0269634875403257,4.521154114567848,-0.758375445563976,0.0,4.352074256530613e-15,9.14015668429045,0.9263033090691337,-20.236910069961937,
164.7999999999992,3.5769753477128243,4.000092614706516,-0.04747102146532711,0.125,0.1428571428571428,3.0269634875403257,4.521154114567848,-0.758375445563976,0.0,4.352074256530613e-15,9.14015668429045,0.9263033090691337,-20.31178924985686,
164.99999999999918,3.5769753477128243,4.000092614706516,-0.05461387860818423,0.5,-0.1428571428571429,3.0269634875403257,4.521154114567848,-0.758375445563976,0.0,4.352074256530613e-15,9.14015668429045,0.9263033090691337,-20.236910069961937,
165.19999999999916,3.5769753477128243,4.000092614706516,-0.04747102146532711,0.125,0.1428571428571428,3.0269634875403257,4.521154114567848,-0.758375445563976,0.0,4.352074256530613e-15,9.14015668429045,0.9263033090691337,-20.31178924985686,
165.39999999999915,3.5769753477128243,4.000092614706516,-0.05461387860818423,0.5,-0.1428571428571429,3.0269634875403257,4.521154114567848,-0.758375445563976,0.0,4.352074256530613e-15,9.14015668429045,0.9263033090691337,-20.236910069961937,
165.59999999999914,3.5769753477128243,4.000092614706516,-0.04747102146532711,0.125,0.1428571428571428,3.0269634875403257,4.521154114567848,-0.758375445563976,0.0,4.352074256530613e-15,9.14015668429045,0.9263033090691337,-20.31178924985686,
165.79999999999913,3.5769753477128243,4.000092614706516,-0.05461387860818423,0.5,-0.1428571428571429,3.0269634875403257,4.521154114567848,-0.758375445563976,0.0,4.352074256530613e-15,9.14015668429045,0.9263033090691337,-20.236910069961937,
165.99999999999912,3.5769753477128243,4.000092614706516,-0.04747102146532711,0.125,0.1428571428571428,3.0269634875403257,4.521154114567848,-0.758375445563976,0.0,4.352074256530613e-15,9.14015668429045,0.9263033090691337,-20.31178924985686,
166.1999999999991,3.5769753477128243,4.000092614706516,-0.05461387860818423,0.5,-0.1428571428571429,3.0269634875403257,4.521154114567848,-0.758375445563976,0.0,4.352074256530613e-15,9.14015668429045,0.9263033090691337,-20.236910069961937,
166.3999999999991,3.5769753477128243,4.000092614706516,-0.04747102146532711,0.125,0.1428571428571428,3.0269634875403257,4.521154114567848,-0.758375445563976,0.0,4.352074256530613e-15,9.14015668429045,0.9263033090691337,-20.31178924985686,
166.59999999999908,3.5769753477128243,4.000092614706516,-0.05461387860818423,0.5,-0.1428571428571429,3.0269634875403257,4.521154114567848,-0.758375445563976,0.0,4.352074256530613e-15,9.14015668429045,0.9263033090691337,-20.236910069961937,
166.79999999999907,3.5769753477128243,4.000092614706516,-0.04747102146532711,0.125,0.1428571428571428,3.0269634875403257,4.521154114567848,-0.758375445563976,0.0,4.352074256530613e-15,9.14015668429045,0.9263033090691337,-20.31178924985686,
166.99999999999906,3.5769753477128243,4.000092614706516,-0.05461387860818423,0.5,-0.1428571428571429,3.0269634875403257,4.521154114567848,-0.758375445563976,0.0,4.352074256530613e-15,9.14015668429045,0.9263033090691337,-20.236910069961937,
167.19999999999905,3.5769753477128243,4.000092614706516,-0.04747102146532711,0.125,0.1428571428571428,3.0269634875403257,4.521154114567848,-0.758375445563976,0.0,4.352074256530613e-15,9.14015668429045,0.9263033090691337,-20.31178924985686,
167.39999999999904,3.5769753477128243,4.000092614706516,-0.05461387860818423,0.5,-0.1428571428571429,3.0269634875403257,4.521154114567848,-0.758375445563976,0.0,4.352074256530613e-15,9.14015668429045,0.9263033090691337,-20.236910069961937,
167.59999999999903,3.5769753477128243,4.000092614706516,-0.04747102146532711,0.125,0.1428571428571428,3.0269634875403257,4.521154114567848,-0.758375445563976,0.0,4.352074256530613e-15,9.14015668429045,0.9263033090691337,-20.31178924985686,
167.79999999999902,3.5769753477128243,4.000092614706516,-0.05461387860818423,0.5,-0.1428571428571429,3.0269634875403257,4.521154114567848,-0.758375445563976,0.0,4.352074256530613e-15,9.14015668429045,0.9263033090691337,-20.236910069961937,
167.999999999999,3.5769753477128243,4.000092614706516,-0.04747102146532711,0.125,0.1428571428571428,3.0269634875403257,4.521154114567848,-0.758375445563976,0.0,4.352074256530613e-15,9.14015668429045,0.9263033090691337,-20.31178924985686,
168.199999999999,3.5769753477128243,4.000092614706516,-0.05461387860818423,0.5,-0.1428571428571429,3.0269634875403257,4.521154114567848,-0.758375445563976,0.0,4.352074256530613e-15,9.14015668429045,0.9263033090691337,-20.236910069961937,
168.39999999999898,3.5769753477128243,4.000092614706516,-0.04747102146532711,0.125,0.1428571428571428,3.0269634875403257,4.521154114567848,-0.758375445563976,0.0,4.352074256530613e-15,9.14015668429045,0.9263033090691337,-20.31178924985686,
168.59999999999897,3.5769753477128243,4.000092614706516,-0.05461387860818423,0.5,-0.1428571428571429,3.0269634875403257,4.521154114567848,-0.758375445563976,0.0,4.352074256530613e-15,9.14015668429045,0.9263033090691337,-20.236910069961937,
168.79999999999896,3.5769753477128243,4.000092614706516,-0.04747102146532711,0.125,0.1428571428571428,3.0269634875403257,4.521154114567848,-0.758375445563976,0.0,4.352074256530613e-15,9.14015668429045,0.9263033090691337,-20.31178924985686,
168.99999999999895,3.5769753477128243,4.000092614706516,-0.05461387860818423,0.5,-0.1428571428571429,3.0269634875403257,4.521154114567848,-0.758375445563976,0.0,4.352074256530613e-15,9.14015668429045,0.9263033090691337,-20.236910069961937,
169.19999999999894,3.5769753477128243,4.000092614706516,-0.04747102146532711,0.125,0.1428571428571428,3.0269634875403257,4.521154114567848,-0.758375445563976,0.0,4.352074256530613e-15,9.14015668429045,0.9263033090691337,-20.31178924985686,
169.39999999999893,3.5769753477128243,4.000092614706516,-0.05461387860818423,0.5,-0.1428571428571429,3.0269634875403257,4.521154114567848,-0.758375445563976,0.0,4.352074256530613e-15,9.14015668429045,0.9263033090691337,-20.236910069961937,
169.59999999999891,3.5769753477128243,4.000092614706516,-0.04747102146532711,0.125,0.1428571428571428,3.0269634875403257,4.521154114567848,-0.758375445563976,0.0,4.352074256530613e-15,9.14015668429045,0.9263033090691337,-20.31178924985686,
169.7999999999989,3.5769753477128243,4.000092614706516,-0.05461387860818423,0.5,-0.1428571428571429,3.0269634875403257,4.521154114567848,-0.758375445563976,0.0,4.352074256530613e-15,9.14015668429045,0.9263033090691337,-20.236910069961937,
169.9999999999989,3.5769753477128243,4.000092614706516,-0.04747102146532711,0.125,0.1428571428571428,3.0269634875403257,4.521154114567848,-0.758375445563976,0.0,4.352074256530613e-15,9.14015668429045,0.9263033090691337,-20.31178924985686,
170.19999999999888,3.5769753477128243,4.000092614706516,-0.05461387860818423,0.5,-0.1428571428571429,3.0269634875403257,4.521154114567848,-0.758375445563976,0.0,4.352074256530613e-15,9.14015668429045,0.9263033090691337,-20.236910069961937,
170.39999999999887,3.5769753477128243,4.000092614706516,-0.04747102146532711,0.125,0.1428571428571428,3.0269634875403257,4.521154114567848,-0.758375445563976,0.0,4.352074256530613e-15,9.14015668429045,0.9263033090691337,-20.31178924985686,
170.59999999999886,3.5769753477128243,4.000092614706516,-0.05461387860818423,0.5,-0.1428571428571429,3.0269634875403257,4.521154114567848,-0.758375445563976,0.0,4.352074256530613e-15,9.14015668429045,0.9263033090691337,-20.236910069961937,
170.79999999999885,3.5769753477128243,4.000092614706516,-0.04747102146532711,0.125,0.1428571428571428,3.0269634875403257,4.521154114567848,-0.758375445563976,0.0,4.352074256530613e-15,9.14015668429045,0.9263033090691337,-20.31178924985686,
170.99999999999883,3.5769753477128243,4.000092614706516,-0.05461387860818423,0.5,-0.1428571428571429,3.0269634875403257,4.521154114567848,-0.758375445563976,0.0,4.352074256530613e-15,9.14015668429045,0.9263033090691337,-20.236910069961937,
171.19999999999882,3.5769753477128243,4.000092614706516,-0.04747102146532711,0.125,0.1428571428571428,3.0269634875403257,4.521154114567848,-0.758375445563976,0.0,4.352074256530613e-15,9.14015668429045,0.9263033090691337,-20.31178924985686,
171.3999999999988,3.5769753477128243,4.000092614706516,-0.05461387860818423,0.5,-0.1428571428571429,3.0269634875403257,4.521154114567848,-0.758375445563976,0.0,4.352074256530613e-15,9.14015668429045,0.9263033090691337,-20.236910069961937,
171.5999999999988,3.5769753477128243,4.000092614706516,-0.04747102146532711,0.125,0.1428571428571428,3.0269634875403257,4.521154114567848,-0.758375445563976,0.0,4.352074256530613e-15,9.14015668429045,0.9263033090691337,-20.31178924985686,
171.7999999999988,3.5769753477128243,4.000092614706516,-0.05461387860818423,0.5,-0.1428571428571429,3.0269634875403257,4.521154114567848,-0.758375445563976,0.0,4.352074256530613e-15,9.14015668429045,0.9263033090691337,-20.236910069961937,
171.99999999999878,3.5769753477128243,4.000092614706516,-0.04747102146532711,0.125,0.1428571428571428,3.0269634875403257,4.521154114567848,-0.758375445563976,0.0,4.352074256530613e-15,9.14015668429045,0.9263033090691337,-20.31178924985686,
172.19999999999877,3.5769753477128243,4.000092614706516,-0.05461387860818423,0.5,-0.1428571428571429,3.0269634875403257,4.521154114567848,-0.758375445563976,0.0,4.352074256530613e-15,9.14015668429045,0.9263033090691337,-20.236910069961937,
172.39999999999876,3.5769753477128243,4.000092614706516,-0.04747102146532711,0.125,0.1428571428571428,3.0269634875403257,4.521154114567848,-0.758375445563976,0.0,4.352074256530613e-15,9.14015668429045,0.9263033090691337,-20.31178924985686,
172.59999999999874,3.5769753477128243,4.000092614706516,-0.05461387860818423,0.5,-0.1428571428571429,3.0269634875403257,4.521154114567848,-0.758375445563976,0.0,4.352074256530613e-15,9.14015668429045,0.9263033090691337,-20.236910069961937,
172.79999999999873,3.5769753477128243,4.000092614706516,-0.04747102146532711,0.125,0.1428571428571428,3.0269634875403257,4.521154114567848,-0.758375445563976,0.0,4.352074256530613e-15,9.14015668429045,0.9263033090691337,-20.31178924985686,
172.99999999999872,3.5769753477128243,4.000092614706516,-0.05461387860818423,0.5,-0.1428571428571429,3.0269634875403257,4.521154114567848,-0.758375445563976,0.0,4.352074256530613e-15,9.14015668429045,0.9263033090691337,-20.236910069961937,
173.1999999999987,3.5769753477128243,4.000092614706516,-0.04747102146532711,0.125,0.1428571428571428,3.0269634875403257,4.521154114567848,-0.758375445563976,0.0,4.352074256530613e-15,9.14015668429045,0.9263033090691337,-20.31178924985686,
173.3999999999987,3.5769753477128243,4.000092614706516,-0.05461387860818423,0.5,-0.1428571428571429,3.0269634875403257,4.521154114567848,-0.758375445563976,0.0,4.352074256530613e-15,9.14015668429045,0.9263033090691337,-20.236910069961937,
173.5999999999987,3.5769753477128243,4.000092614706516,-0.04747102146532711,0.125,0.1428571428571428,3.0269634875403257,4.521154114567848,-0.758375445563976,0.0,4.352074256530613e-15,9.14015668429045,0.9263033090691337,-20.31178924985686,
173.79999999999868,3.5769753477128243,4.000092614706516,-0.05461387860818423,0.5,-0.1428571428571429,3.0269634875403257,4.521154114567848,-0.758375445563976,0.0,4.352074256530613e-15,9.14015668429045,0.9263033090691337,-20.236910069961937,
173.99999999999866,3.5769753477128243,4.000092614706516,-0.04747102146532711,0.125,0.1428571428571428,3.0269634875403257,4.521154114567848,-0.758375445563976,0.0,4.352074256530613e-15,9.14015668429045,0.9263033090691337,-20.31178924985686,
174.19999999999865,3.5769753477128243,4.000092614706516,-0.05461387860818423,0.5,-0.1428571428571429,3.0269634875403257,4.521154114567848,-0.758375445563976,0.0,4.352074256530613e-15,9.14015668429045,0.9263033090691337,-20.236910069961937,
174.39999999999864,3.5769753477128243,4.000092614706516,-0.04747102146532711,0.125,0.1428571428571428,3.0269634875403257,4.521154114567848,-0.758375445563976,0.0,4.352074256530613e-15,9.14015668429045,0.9263033090691337,-20.31178924985686,
174.59999999999863,3.5769753477128243,4.000092614706516,-0.05461387860818423,0.5,-0.1428571428571429,3.0269634875403257,4.521154114567848,-0.758375445563976,0.0,4.352074256530613e-15,9.14015668429045,0.9263033090691337,-20.236910069961937,
174.79999999999862,3.5769753477128243,4.000092614706516,-0.04747102146532711,0.125,0.1428571428571428,3.0269634875403257,4.521154114567848,-0.758375445563976,0.0,4.352074256530613e-15,9.14015668429045,0.9263033090691337,-20.31178924985686,
174.9999999999986,3.5769753477128243,4.000092614706516,-0.05461387860818423,0.5,-0.1428571428571429,3.0269634875403257,4.521154114567848,-0.758375445563976,0.0,4.352074256530613e-15,9.14015668429045,0.9263033090691337,-20.236910069961937,
175.1999999999986,3.5769753477128243,4.000092614706516,-0.04747102146532711,0.125,0.1428571428571428,3.0269634875403257,4.521154114567848,-0.758375445563976,0.0,4.352074256530613e-15,9.14015668429045,0.9263033090691337,-20.31178924985686,
175.39999999999858,3.5769753477128243,4.000092614706516,-0.05461387860818423,0.5,-0.1428571428571429,3.0269634875403257,4.521154114567848,-0.758375445563976,0.0,4.352074256530613e-15,9.14015668429045,0.9263033090691337,-20.236910069961937,
175.59999999999857,3.5769753477128243,4.000092614706516,-0.04747102146532711,0.125,0.1428571428571428,3.0269634875403257,4.521154114567848,-0.758375445563976,0.0,4.352074256530613e-15,9.14015668429045,0.9263033090691337,-20.31178924985686,
175.79999999999856,3.5769753477128243,4.000092614706516,-0.05461387860818423,0.5,-0.1428571428571429,3.0269634875403257,4.521154114567848,-0.758375445563976,0.0,4.352074256530613e-15,9.14015668429045,0.9263033090691337,-20.236910069961937,
175.99999999999855,3.5769753477128243,4.000092614706516,-0.04747102146532711,0.125,0.1428571428571428,3.0269634875403257,4.521154114567848,-0.758375445563976,0.0,4.352074256530613e-15,9.14015668429045,0.9263033090691337,-20.31178924985686,
176.19999999999854,3.5769753477128243,4.000092614706516,-0.05461387860818423,0.5,-0.1428571428571429,3.0269634875403257,4.521154114567848,-0.758375445563976,0.0,4.352074256530613e-15,9.14015668429045,0.9263033090691337,-20.236910069961937,
176.39999999999853,3.5769753477128243,4.000092614706516,-0.04747102146532711,0.125,0.1428571428571428,3.0269634875403257,4.521154114567848,-0.758375445563976,0.0,4.352074256530613e-15,9.14015668429045,0.9263033090691337,-20.31178924985686,
176.59999999999852,3.5769753477128243,4.000092614706516,-0.05461387860818423,0.5,-0.1428571428571429,3.0269634875403257,4.521154114567848,-0.758375445563976,0.0,4.352074256530613e-15,9.14015668429045,0.9263033090691337,-20.236910069961937,
176.7999999999985,3.5769753477128243,4.000092614706516,-0.04747102146532711,0.125,0.1428571428571428,3.0269634875403257,4.521154114567848,-0.758375445563976,0.0,4.352074256530613e-15,9.14015668429045,0.9263033090691337,-20.31178924985686,
176.9999999999985,3.5769753477128243,4.000092614706516,-0.05461387860818423,0.5,-0.1428571428571429,3.0269634875403257,4.521154114567848,-0.758375445563976,0.0,4.352074256530613e-15,9.14015668429045,0.9263033090691337,-20.236910069961937,
177.19999999999848,3.5769753477128243,4.000092614706516,-0.04747102146532711,0.125,0.1428571428571428,3.0269634875403257,4.521154114567848,-0.758375445563976,0.0,4.352074256530613e-15,9.14015668429045,0.9263033090691337,-20.31178924985686,
177.39999999999847,3.5769753477128243,4.000092614706516,-0.05461387860818423,0.5,-0.1428571428571429,3.0269634875403257,4.521154114567848,-0.758375445563976,0.0,4.352074256530613e-15,9.14015668429045,0.9263033090691337,-20.236910069961937,
177.59999999999846,3.5769753477128243,4.000092614706516,-0.04747102146532711,0.125,0.1428571428571428,3.0269634875403257,4.521154114567848,-0.758375445563976,0.0,4.352074256530613e-15,9.14015668429045,0.9263033090691337,-20.31178924985686,
177.79999999999845,3.5769753477128243,4.000092614706516,-0.05461387860818423,0.5,-0.1428571428571429,3.0269634875403257,4.521154114567848,-0.758375445563976,0.0,4.352074256530613e-15,9.14015668429045,0.9263033090691337,-20.236910069961937,
177.99999999999844,3.5769753477128243,4.000092614706516,-0.04747102146532711,0.125,0.1428571428571428,3.0269634875403257,4.521154114567848,-0.758375445563976,0.0,4.352074256530613e-15,9.14015668429045,0.9263033090691337,-20.31178924985686,
178.19999999999843,3.5769753477128243,4.000092614706516,-0.05461387860818423,0.5,-0.1428571428571429,3.0269634875403257,4.521154114567848,-0.758375445563976,0.0,4.352074256530613e-15,9.14015668429045,0.9263033090691337,-20.236910069961937,
178.3999999999984,3.5769753477128243,4.000092614706516,-0.04747102146532711,0.125,0.1428571428571428,3.0269634875403257,4.521154114567848,-0.758375445563976,0.0,4.352074256530613e-15,9.14015668429045,0.9263033090691337,-20.31178924985686,
178.5999999999984,3.5769753477128243,4.000092614706516,-0.05461387860818423,0.5,-0.1428571428571429,3.0269634875403257,4.521154114567848,-0.758375445563976,0.0,4.352074256530613e-15,9.14015668429045,0.9263033090691337,-20.236910069961937,
178.7999999999984,3.5769753477128243,4.000092614706516,-0.04747102146532711,0.125,0.1428571428571428,3.0269634875403257,4.521154114567848,-0.758375445563976,0.0,4.352074256530613e-15,9.14015668429045,0.9263033090691337,-20.31178924985686,
178.99999999999838,3.5769753477128243,4.000092614706516,-0.05461387860818423,0.5,-0.1428571428571429,3.0269634875403257,4.521154114567848,-0.758375445563976,0.0,4.352074256530613e-15,9.14015668429045,0.9263033090691337,-20.236910069961937,
179.19999999999837,3.5769753477128243,4.000092614706516,-0.04747102146532711,0.125,0.1428571428571428,3.0269634875403257,4.521154114567848,-0.758375445563976,0.0,4.352074256530613e-15,9.14015668429045,0.9263033090691337,-20.31178924985686,
179.39999999999836,3.5769753477128243,4.000092614706516,-0.05461387860818423,0.5,-0.1428571428571429,3.0269634875403257,4.521154114567848,-0.758375445563976,0.0,4.352074256530613e-15,9.14015668429045,0.9263033090691337,-20.236910069961937,
179.59999999999835,3.5769753477128243,4.000092614706516,-0.04747102146532711,0.125,0.1428571428571428,3.0269634875403257,4.521154114567848,-0.758375445563976,0.0,4.352074256530613e-15,9.14015668429045,0.9263033090691337,-20.31178924985686,
179.79999999999833,3.5769753477128243,4.000092614706516,-0.05461387860818423,0.5,-0.1428571428571429,3.0269634875403257,4.521154114567848,-0.758375445563976,0.0,4.352074256530613e-15,9.14015668429045,0.9263033090691337,-20.236910069961937,
179.99999999999832,3.5769753477128243,4.000092614706516,-0.04747102146532711,0.125,0.1428571428571428,3.0269634875403257,4.521154114567848,-0.758375445563976,0.0,4.352074256530613e-15,9.14015668429045,0.9263033090691337,-20.31178924985686,
180.1999999999983,3.5769753477128243,4.000092614706516,-0.05461387860818423,0.5,-0.1428571428571429,3.0269634875403257,4.521154114567848,-0.758375445563976,0.0,4.352074256530613e-15,9.14015668429045,0.9263033090691337,-20.236910069961937,
180.3999999999983,3.5769753477128243,4.000092614706516,-0.04747102146532711,0.125,0.1428571428571428,3.0269634875403257,4.521154114567848,-0.758375445563976,0.0,4.352074256530613e-15,9.14015668429045,0.9263033090691337,-20.31178924985686,
180.5999999999983,3.5769753477128243,4.000092614706516,-0.05461387860818423,0.5,-0.1428571428571429,3.0269634875403257,4.521154114567848,-0.758375445563976,0.0,4.352074256530613e-15,9.14015668429045,0.9263033090691337,-20.236910069961937,
180.79999999999828,3.5769753477128243,4.000092614706516,-0.04747102146532711,0.125,0.1428571428571428,3.0269634875403257,4.521154114567848,-0.758375445563976,0.0,4.352074256530613e-15,9.14015668429045,0.9263033090691337,-20.31178924985686,
180.99999999999827,3.5769753477128243,4.000092614706516,-0.05461387860818423,0.5,-0.1428571428571429,3.0269634875403257,4.521154114567848,-0.758375445563976,0.0,4.352074256530613e-15,9.14015668429045,0.9263033090691337,-20.236910069961937,
181.19999999999825,3.5769753477128243,4.000092614706516,-0.04747102146532711,0.125,0.1428571428571428,3.0269634875403257,4.521154114567848,-0.758375445563976,0.0,4.352074256530613e-15,9.14015668429045,0.9263033090691337,-20.31178924985686,
181.39999999999824,3.5769753477128243,4.000092614706516,-0.05461387860818423,0.5,-0.1428571428571429,3.0269634875403257,4.521154114567848,-0.758375445563976,0.0,4.352074256530613e-15,9.14015668429045,0.9263033090691337,-20.236910069961937,
181.59999999999823,3.5769753477128243,4.000092614706516,-0.04747102146532711,0.125,0.1428571428571428,3.0269634875403257,4.521154114567848,-0.758375445563976,0.0,4.352074256530613e-15,9.14015668429045,0.9263033090691337,-20.31178924985686,
181.79999999999822,3.5769753477128243,4.000092614706516,-0.05461387860818423,0.5,-0.1428571428571429,3.0269634875403257,4.521154114567848,-0.758375445563976,0.0,4.352074256530613e-15,9.14015668429045,0.9263033090691337,-20.236910069961937,
181.9999999999982,3.5769753477128243,4.000092614706516,-0.04747102146532711,0.125,0.1428571428571428,3.0269634875403257,4.521154114567848,-0.758375445563976,0.0,4.352074256530613e-15,9.14015668429045,0.9263033090691337,-20.31178924985686,
182.1999999999982,3.5769753477128243,4.000092614706516,-0.05461387860818423,0.5,-0.1428571428571429,3.0269634875403257,4.521154114567848,-0.758375445563976,0.0,4.352074256530613e-15,9.14015668429045,0.9263033090691337,-20.236910069961937,
182.3999999999982,3.5769753477128243,4.000092614706516,-0.04747102146532711,0.125,0.1428571428571428,3.0269634875403257,4.521154114567848,-0.758375445563976,0.0,4.352074256530613e-15,9.14015668429045,0.9263033090691337,-20.31178924985686,
182.59999999999818,3.5769753477128243,4.000092614706516,-0.05461387860818423,0.5,-0.1428571428571429,3.0269634875403257,4.521154114567848,-0.758375445563976,0.0,4.352074256530613e-15,9.14015668429045,0.9263033090691337,-20.236910069961937,
182.79999999999816,3.5769753477128243,4.000092614706516,-0.04747102146532711,0.125,0.1428571428571428,3.0269634875403257,4.521154114567848,-0.758375445563976,0.0,4.352074256530613e-15,9.14015668429045,0.9263033090691337,-20.31178924985686,
182.99999999999815,3.5769753477128243,4.000092614706516,-0.05461387860818423,0.5,-0.1428571428571429,3.0269634875403257,4.521154114567848,-0.758375445563976,0.0,4.352074256530613e-15,9.14015668429045,0.9263033090691337,-20.236910069961937,
183.19999999999814,3.5769753477128243,4.000092614706516,-0.04747102146532711,0.125,0.1428571428571428,3.0269634875403257,4.521154114567848,-0.758375445563976,0.0,4.352074256530613e-15,9.14015668429045,0.9263033090691337,-20.31178924985686,
183.39999999999813,3.5769753477128243,4.000092614706516,-0.05461387860818423,0.5,-0.1428571428571429,3.0269634875403257,4.521154114567848,-0.758375445563976,0.0,4.352074256530613e-15,9.14015668429045,0.9263033090691337,-20.236910069961937,
183.59999999999812,3.5769753477128243,4.000092614706516,-0.04747102146532711,0.125,0.1428571428571428,3.0269634875403257,4.521154114567848,-0.758375445563976,0.0,4.352074256530613e-15,9.14015668429045,0.9263033090691337,-20.31178924985686,
183.7999999999981,3.5769753477128243,4.000092614706516,-0.05461387860818423,0.5,-0.1428571428571429,3.0269634875403257,4.521154114567848,-0.758375445563976,0.0,4.352074256530613e-15,9.14015668429045,0.9263033090691337,-20.236910069961937,
183.9999999999981,3.5769753477128243,4.000092614706516,-0.04747102146532711,0.125,0.1428571428571428,3.0269634875403257,4.521154114567848,-0.758375445563976,0.0,4.352074256530613e-15,9.14015668429045,0.9263033090691337,-20.31178924985686,
184.19999999999808,3.5769753477128243,4.000092614706516,-0.05461387860818423,0.5,-0.1428571428571429,3.0269634875403257,4.521154114567848,-0.758375445563976,0.0,4.352074256530613e-15,9.14015668429045,0.9263033090691337,-20.236910069961937,
184.39999999999807,3.5769753477128243,4.000092614706516,-0.04747102146532711,0.125,0.1428571428571428,3.0269634875403257,4.521154114567848,-0.758375445563976,0.0,4.352074256530613e-15,9.14015668429045,0.9263033090691337,-20.31178924985686,
184.59999999999806,3.5769753477128243,4.000092614706516,-0.05461387860818423,0.5,-0.1428571428571429,3.0269634875403257,4.521154114567848,-0.758375445563976,0.0,4.352074256530613e-15,9.14015668429045,0.9263033090691337,-20.236910069961937,
184.79999999999805,3.5769753477128243,4.000092614706516,-0.04747102146532711,0.125,0.1428571428571428,3.0269634875403257,4.521154114567848,-0.758375445563976,0.0,4.352074256530613e-15,9.14015668429045,0.9263033090691337,-20.31178924985686,
184.99999999999804,3.5769753477128243,4.000092614706516,-0.05461387860818423,0.5,-0.1428571428571429,3.0269634875403257,4.521154114567848,-0.758375445563976,0.0,4.352074256530613e-15,9.14015668429045,0.9263033090691337,-20.236910069961937,
185.19999999999803,3.5769753477128243,4.000092614706516,-0.04747102146532711,0.125,0.1428571428571428,3.0269634875403257,4.521154114567848,-0.758375445563976,0.0,4.352074256530613e-15,9.14015668429045,0.9263033090691337,-20.31178924985686,
185.39999999999802,3.5769753477128243,4.000092614706516,-0.05461387860818423,0.5,-0.1428571428571429,3.0269634875403257,4.521154114567848,-0.758375445563976,0.0,4.352074256530613e-15,9.14015668429045,0.9263033090691337,-20.236910069961937,
185.599999999998,3.5769753477128243,4.000092614706516,-0.04747102146532711,0.125,0.1428571428571428,3.0269634875403257,4.521154114567848,-0.758375445563976,0.0,4.352074256530613e-15,9.14015668429045,0.9263033090691337,-20.31178924985686,
185.799999999998,3.5769753477128243,4.000092614706516,-0.05461387860818423,0.5,-0.1428571428571429,3.0269634875403257,4.521154114567848,-0.758375445563976,0.0,4.352074256530613e-15,9.14015668429045,0.9263033090691337,-20.236910069961937,
185.99999999999798,3.5769753477128243,4.000092614706516,-0.04747102146532711,0.125,0.1428571428571428,3.0269634875403257,4.521154114567848,-0.758375445563976,0.0,4.352074256530613e-15,9.14015668429045,0.9263033090691337,-20.31178924985686,
186.19999999999797,3.5769753477128243,4.000092614706516,-0.05461387860818423,0.5,-0.1428571428571429,3.0269634875403257,4.521154114567848,-0.758375445563976,0.0,4.352074256530613e-15,9.14015668429045,0.9263033090691337,-20.236910069961937,
186.39999999999796,3.5769753477128243,4.000092614706516,-0.04747102146532711,0.125,0.1428571428571428,3.0269634875403257,4.521154114567848,-0.758375445563976,0.0,4.352074256530613e-15,9.14015668429045,0.9263033090691337,-20.31178924985686,
186.59999999999795,3.5769753477128243,4.000092614706516,-0.05461387860818423,0.5,-0.1428571428571429,3.0269634875403257,4.521154114567848,-0.758375445563976,0.0,4.352074256530613e-15,9.14015668429045,0.9263033090691337,-20.236910069961937,
186.79999999999794,3.5769753477128243,4.000092614706516,-0.04747102146532711,0.125,0.1428571428571428,3.0269634875403257,4.521154114567848,-0.758375445563976,0.0,4.352074256530613e-15,9.14015668429045,0.9263033090691337,-20.31178924985686,
186.99999999999793,3.5769753477128243,4.000092614706516,-0.05461387860818423,0.5,-0.1428571428571429,3.0269634875403257,4.521154114567848,-0.758375445563976,0.0,4.352074256530613e-15,9.14015668429045,0.9263033090691337,-20.236910069961937,
187.1999999999979,3.5769753477128243,4.000092614706516,-0.04747102146532711,0.125,0.1428571428571428,3.0269634875403257,4.521154114567848,-0.758375445563976,0.0,4.352074256530613e-15,9.14015668429045,0.9263033090691337,-20.31178924985686,
187.3999999999979,3.5769753477128243,4.000092614706516,-0.05461387860818423,0.5,-0.1428571428571429,3.0269634875403257,4.521154114567848,-0.758375445563976,0.0,4.352074256530613e-15,9.14015668429045,0.9263033090691337,-20.236910069961937,
187.5999999999979,3.5769753477128243,4.000092614706516,-0.04747102146532711,0.125,0.1428571428571428,3.0269634875403257,4.521154114567848,-0.758375445563976,0.0,4.352074256530613e-15,9.14015668429045,0.9263033090691337,-20.31178924985686,
187.79999999999788,3.5769753477128243,4.000092614706516,-0.05461387860818423,0.5,-0.1428571428571429,3.0269634875403257,4.521154114567848,-0.758375445563976,0.0,4.352074256530613e-15,9.14015668429045,0.9263033090691337,-20.236910069961937,
187.99999999999787,3.5769753477128243,4.000092614706516,-0.04747102146532711,0.125,0.1428571428571428,3.0269634875403257,4.521154114567848,-0.758375445563976,0.0,4.352074256530613e-15,9.14015668429045,0.9263033090691337,-20.31178924985686,
188.19999999999786,3.5769753477128243,4.000092614706516,-0.05461387860818423,0.5,-0.1428571428571429,3.0269634875403257,4.521154114567848,-0.758375445563976,0.0,4.352074256530613e-15,9.14015668429045,0.9263033090691337,-20.236910069961937,
188.39999999999785,3.5769753477128243,4.000092614706516,-0.04747102146532711,0.125,0.1428571428571428,3.0269634875403257,4.521154114567848,-0.758375445563976,0.0,4.352074256530613e-15,9.14015668429045,0.9263033090691337,-20.31178924985686,
188.59999999999783,3.5769753477128243,4.000092614706516,-0.05461387860818423,0.5,-0.1428571428571429,3.0269634875403257,4.521154114567848,-0.758375445563976,0.0,4.352074256530613e-15,9.14015668429045,0.9263033090691337,-20.236910069961937,
188.79999999999782,3.5769753477128243,4.000092614706516,-0.04747102146532711,0.125,0.1428571428571428,3.0269634875403257,4.521154114567848,-0.758375445563976,0.0,4.352074256530613e-15,9.14015668429045,0.9263033090691337,-20.31178924985686,
188.9999999999978,3.5769753477128243,4.000092614706516,-0.05461387860818423,0.5,-0.1428571428571429,3.0269634875403257,4.521154114567848,-0.758375445563976,0.0,4.352074256530613e-15,9.14015668429045,0.9263033090691337,-20.236910069961937,
189.1999999999978,3.5769753477128243,4.000092614706516,-0.04747102146532711,0.125,0.1428571428571428,3.0269634875403257,4.521154114567848,-0.758375445563976,0.0,4.352074256530613e-15,9.14015668429045,0.9263033090691337,-20.31178924985686,
189.3999999999978,3.5769753477128243,4.000092614706516,-0.05461387860818423,0.5,-0.1428571428571429,3.0269634875403257,4.521154114567848,-0.758375445563976,0.0,4.352074256530613e-15,9.14015668429045,0.9263033090691337,-20.236910069961937,
189.59999999999778,3.5769753477128243,4.000092614706516,-0.04747102146532711,0.125,0.1428571428571428,3.0269634875403257,4.521154114567848,-0.758375445563976,0.0,4.352074256530613e-15,9.14015668429045,0.9263033090691337,-20.31178924985686,
189.79999999999777,3.5769753477128243,4.000092614706516,-0.05461387860818423,0.5,-0.1428571428571429,3.0269634875403257,4.521154114567848,-0.758375445563976,0.0,4.352074256530613e-15,9.14015668429045,0.9263033090691337,-20.236910069961937,
189.99999999999775,3.5769753477128243,4.000092614706516,-0.04747102146532711,0.125,0.1428571428571428,3.0269634875403257,4.521154114567848,-0.758375445563976,0.0,4.352074256530613e-15,9.14015668429045,0.9263033090691337,-20.31178924985686,
190.19999999999774,3.5769753477128243,4.000092614706516,-0.05461387860818423,0.5,-0.1428571428571429,3.0269634875403257,4.521154114567848,-0.758375445563976,0.0,4.352074256530613e-15,9.14015668429045,0.9263033090691337,-20.236910069961937,
190.39999999999773,3.5769753477128243,4.000092614706516,-0.04747102146532711,0.125,0.1428571428571428,3.0269634875403257,4.521154114567848,-0.758375445563976,0.0,4.352074256530613e-15,9.14015668429045,0.9263033090691337,-20.31178924985686,
190.59999999999772,3.5769753477128243,4.000092614706516,-0.05461387860818423,0.5,-0.1428571428571429,3.0269634875403257,4.521154114567848,-0.758375445563976,0.0,4.352074256530613e-15,9.14015668429045,0.9263033090691337,-20.236910069961937,
190.7999999999977,3.5769753477128243,4.000092614706516,-0.04747102146532711,0.125,0.1428571428571428,3.0269634875403257,4.521154114567848,-0.758375445563976,0.0,4.352074256530613e-15,9.14015668429045,0.9263033090691337,-20.31178924985686,
190.9999999999977,3.5769753477128243,4.000092614706516,-0.05461387860818423,0.5,-0.1428571428571429,3.0269634875403257,4.521154114567848,-0.758375445563976,0.0,4.352074256530613e-15,9.14015668429045,0.9263033090691337,-20.236910069961937,
191.1999999999977,3.5769753477128243,4.000092614706516,-0.04747102146532711,0.125,0.1428571428571428,3.0269634875403257,4.521154114567848,-0.758375445563976,0.0,4.352074256530613e-15,9.14015668429045,0.9263033090691337,-20.31178924985686,
191.39999999999768,3.5769753477128243,4.000092614706516,-0.05461387860818423,0.5,-0.1428571428571429,3.0269634875403257,4.521154114567848,-0.758375445563976,0.0,4.352074256530613e-15,9.14015668429045,0.9263033090691337,-20.236910069961937,
191.59999999999766,3.5769753477128243,4.000092614706516,-0.04747102146532711,0.125,0.1428571428571428,3.0269634875403257,4.521154114567848,-0.758375445563976,0.0,4.352074256530613e-15,9.14015668429045,0.9263033090691337,-20.31178924985686,
191.79999999999765,3.5769753477128243,4.000092614706516,-0.05461387860818423,0.5,-0.1428571428571429,3.0269634875403257,4.521154114567848,-0.758375445563976,0.0,4.352074256530613e-15,9.14015668429045,0.9263033090691337,-20.236910069961937,
191.99999999999764,3.5769753477128243,4.000092614706516,-0.04747102146532711,0.125,0.1428571428571428,3.0269634875403257,4.521154114567848,-0.758375445563976,0.0,4.352074256530613e-15,9.14015668429045,0.9263033090691337,-20.31178924985686,
192.19999999999763,3.5769753477128243,4.000092614706516,-0.05461387860818423,0.5,-0.1428571428571429,3.0269634875403257,4.521154114567848,-0.758375445563976,0.0,4.352074256530613e-15,9.14015668429045,0.9263033090691337,-20.236910069961937,
192.39999999999762,3.5769753477128243,4.000092614706516,-0.04747102146532711,0.125,0.1428571428571428,3.0269634875403257,4.521154114567848,-0.758375445563976,0.0,4.352074256530613e-15,9.14015668429045,0.9263033090691337,-20.31178924985686,
192.5999999999976,3.5769753477128243,4.000092614706516,-0.05461387860818423,0.5,-0.1428571428571429,3.0269634875403257,4.521154114567848,-0.758375445563976,0.0,4.352074256530613e-15,9.14015668429045,0.9263033090691337,-20.236910069961937,
192.7999999999976,3.5769753477128243,4.000092614706516,-0.04747102146532711,0.125,0.1428571428571428,3.0269634875403257,4.521154114567848,-0.758375445563976,0.0,4.352074256530613e-15,9.14015668429045,0.9263033090691337,-20.31178924985686,
192.99999999999758,3.5769753477128243,4.000092614706516,-0.05461387860818423,0.5,-0.1428571428571429,3.0269634875403257,4.521154114567848,-0.758375445563976,0.0,4.352074256530613e-15,9.14015668429045,0.9263033090691337,-20.236910069961937,
193.19999999999757,3.5769753477128243,4.000092614706516,-0.04747102146532711,0.125,0.1428571428571428,3.0269634875403257,4.521154114567848,-0.758375445563976,0.0,4.352074256530613e-15,9.14015668429045,0.9263033090691337,-20.31178924985686,
193.39999999999756,3.5769753477128243,4.000092614706516,-0.05461387860818423,0.5,-0.1428571428571429,3.0269634875403257,4.521154114567848,-0.758375445563976,0.0,4.352074256530613e-15,9.14015668429045,0.9263033090691337,-20.236910069961937,
193.59999999999755,3.5769753477128243,4.000092614706516,-0.04747102146532711,0.125,0.1428571428571428,3.0269634875403257,4.521154114567848,-0.758375445563976,0.0,4.352074256530613e-15,9.14015668429045,0.9263033090691337,-20.31178924985686,
193.79999999999754,3.5769753477128243,4.000092614706516,-0.05461387860818423,0.5,-0.1428571428571429,3.0269634875403257,4.521154114567848,-0.758375445563976,0.0,4.352074256530613e-15,9.14015668429045,0.9263033090691337,-20.236910069961937,
193.99999999999753,3.5769753477128243,4.000092614706516,-0.04747102146532711,0.125,0.1428571428571428,3.0269634875403257,4.521154114567848,-0.758375445563976,0.0,4.352074256530613e-15,9.14015668429045,0.9263033090691337,-20.31178924985686,
194.19999999999752,3.5769753477128243,4.000092614706516,-0.05461387860818423,0.5,-0.1428571428571429,3.0269634875403257,4.521154114567848,-0.758375445563976,0.0,4.352074256530613e-15,9.14015668429045,0.9263033090691337,-20.236910069961937,
194.3999999999975,3.5769753477128243,4.000092614706516,-0.04747102146532711,0.125,0.1428571428571428,3.0269634875403257,4.521154114567848,-0.758375445563976,0.0,4.352074256530613e-15,9.14015668429045,0.9263033090691337,-20.31178924985686,
194.5999999999975,3.5769753477128243,4.000092614706516,-0.05461387860818423,0.5,-0.1428571428571429,3.0269634875403257,4.521154114567848,-0.758375445563976,0.0,4.352074256530613e-15,9.14015668429045,0.9263033090691337,-20.236910069961937,
194.79999999999748,3.5769753477128243,4.000092614706516,-0.04747102146532711,0.125,0.1428571428571428,3.0269634875403257,4.521154114567848,-0.758375445563976,0.0,4.352074256530613e-15,9.14015668429045,0.9263033090691337,-20.31178924985686,
194.99999999999747,3.5769753477128243,4.000092614706516,-0.05461387860818423,0.5,-0.1428571428571429,3.0269634875403257,4.521154114567848,-0.758375445563976,0.0,4.352074256530613e-15,9.14015668429045,0.9263033090691337,-20.236910069961937,
195.19999999999746,3.5769753477128243,4.000092614706516,-0.04747102146532711,0.125,0.1428571428571428,3.0269634875403257,4.521154114567848,-0.758375445563976,0.0,4.352074256530613e-15,9.14015668429045,0.9263033090691337,-20.31178924985686,
195.39999999999745,3.5769753477128243,4.000092614706516,-0.05461387860818423,0.5,-0.1428571428571429,3.0269634875403257,4.521154114567848,-0.758375445563976,0.0,4.352074256530613e-15,9.14015668429045,0.9263033090691337,-20.236910069961937,
195.59999999999744,3.5769753477128243,4.000092614706516,-0.04747102146532711,0.125,0.1428571428571428,3.0269634875403257,4.521154114567848,-0.758375445563976,0.0,4.352074256530613e-15,9.14015668429045,0.9263033090691337,-20.31178924985686,
195.79999999999742,3.5769753477128243,4.000092614706516,-0.05461387860818423,0.5,-0.1428571428571429,3.0269634875403257,4.521154114567848,-0.758375445563976,0.0,4.352074256530613e-15,9.14015668429045,0.9263033090691337,-20.236910069961937,
195.9999999999974,3.5769753477128243,4.000092614706516,-0.04747102146532711,0.125,0.1428571428571428,3.0269634875403257,4.521154114567848,-0.758375445563976,0.0,4.352074256530613e-15,9.14015668429045,0.9263033090691337,-20.31178924985686,
196.1999999999974,3.5769753477128243,4.000092614706516,-0.05461387860818423,0.5,-0.1428571428571429,3.0269634875403257,4.521154114567848,-0.758375445563976,0.0,4.352074256530613e-15,9.14015668429045,0.9263033090691337,-20.236910069961937,
196.3999999999974,3.5769753477128243,4.000092614706516,-0.04747102146532711,0.125,0.1428571428571428,3.0269634875403257,4.521154114567848,-0.758375445563976,0.0,4.352074256530613e-15,9.14015668429045,0.9263033090691337,-20.31178924985686,
196.59999999999738,3.5769753477128243,4.000092614706516,-0.05461387860818423,0.5,-0.1428571428571429,3.0269634875403257,4.521154114567848,-0.758375445563976,0.0,4.352074256530613e-15,9.14015668429045,0.9263033090691337,-20.236910069961937,
196.79999999999737,3.5769753477128243,4.000092614706516,-0.04747102146532711,0.125,0.1428571428571428,3.0269634875403257,4.521154114567848,-0.758375445563976,0.0,4.352074256530613e-15,9.14015668429045,0.9263033090691337,-20.31178924985686,
196.99999999999736,3.5769753477128243,4.000092614706516,-0.05461387860818423,0.5,-0.1428571428571429,3.0269634875403257,4.521154114567848,-0.758375445563976,0.0,4.352074256530613e-15,9.14015668429045,0.9263033090691337,-20.236910069961937,
197.19999999999735,3.5769753477128243,4.000092614706516,-0.04747102146532711,0.125,0.1428571428571428,3.0269634875403257,4.521154114567848,-0.758375445563976,0.0,4.352074256530613e-15,9.14015668429045,0.9263033090691337,-20.31178924985686,
197.39999999999733,3.5769753477128243,4.000092614706516,-0.05461387860818423,0.5,-0.1428571428571429,3.0269634875403257,4.521154114567848,-0.758375445563976,0.0,4.352074256530613e-15,9.14015668429045,0.9263033090691337,-20.236910069961937,
197.59999999999732,3.5769753477128243,4.000092614706516,-0.04747102146532711,0.125,0.1428571428571428,3.0269634875403257,4.521154114567848,-0.758375445563976,0.0,4.352074256530613e-15,9.14015668429045,0.9263033090691337,-20.31178924985686,
197.7999999999973,3.5769753477128243,4.000092614706516,-0.05461387860818423,0.5,-0.1428571428571429,3.0269634875403257,4.521154114567848,-0.758375445563976,0.0,4.352074256530613e-15,9.14015668429045,0.9263033090691337,-20.236910069961937,
197.9999999999973,3.5769753477128243,4.000092614706516,-0.04747102146532711,0.125,0.1428571428571428,3.0269634875403257,4.521154114567848,-0.758375445563976,0.0,4.352074256530613e-15,9.14015668429045,0.9263033090691337,-20.31178924985686,
198.1999999999973,3.5769753477128243,4.000092614706516,-0.05461387860818423,0.5,-0.1428571428571429,3.0269634875403257,4.521154114567848,-0.758375445563976,0.0,4.352074256530613e-15,9.14015668429045,0.9263033090691337,-20.236910069961937,
198.39999999999728,3.5769753477128243,4.000092614706516,-0.04747102146532711,0.125,0.1428571428571428,3.0269634875403257,4.521154114567848,-0.758375445563976,0.0,4.352074256530613e-15,9.14015668429045,0.9263033090691337,-20.31178924985686,
198.59999999999727,3.5769753477128243,4.000092614706516,-0.05461387860818423,0.5,-0.1428571428571429,3.0269634875403257,4.521154114567848,-0.758375445563976,0.0,4.352074256530613e-15,9.14015668429045,0.9263033090691337,-20.236910069961937,
198.79999999999725,3.5769753477128243,4.000092614706516,-0.04747102146532711,0.125,0.1428571428571428,3.0269634875403257,4.521154114567848,-0.758375445563976,0.0,4.352074256530613e-15,9.14015668429045,0.9263033090691337,-20.31178924985686,
198.99999999999724,3.5769753477128243,4.000092614706516,-0.05461387860818423,0.5,-0.1428571428571429,3.0269634875403257,4.521154114567848,-0.758375445563976,0.0,4.352074256530613e-15,9.14015668429045,0.9263033090691337,-20.236910069961937,
199.19999999999723,3.5769753477128243,4.000092614706516,-0.04747102146532711,0.125,0.1428571428571428,3.0269634875403257,4.521154114567848,-0.758375445563976,0.0,4.352074256530613e-15,9.14015668429045,0.9263033090691337,-20.31178924985686,
199.39999999999722,3.5769753477128243,4.000092614706516,-0.05461387860818423,0.5,-0.1428571428571429,3.0269634875403257,4.521154114567848,-0.758375445563976,0.0,4.352074256530613e-15,9.14015668429045,0.9263033090691337,-20.236910069961937,
199.5999999999972,3.5769753477128243,4.000092614706516,-0.04747102146532711,0.125,0.1428571428571428,3.0269634875403257,4.521154114567848,-0.758375445563976,0.0,4.352074256530613e-15,9.14015668429045,0.9263033090691337,-20.31178924985686,
199.7999999999972,3.5769753477128243,4.000092614706516,-0.05461387860818423,0.5,-0.1428571428571429,3.0269634875403257,4.521154114567848,-0.758375445563976,0.0,4.352074256530613e-15,9.14015668429045,0.9263033090691337,-20.236910069961937,
199.9999999999972,3.5769753477128243,4.000092614706516,-0.04747102146532711,0.125,0.1428571428571428,3.0269634875403257,4.521154114567848,-0.758375445563976,0.0,4.352074256530613e-15,9.14015668429045,0.9263033090691337,-20.31178924985686,
